[
  {
    "key": "0",
    "original": "# Evergreen note titles are like APIs",
    "translation": "# 常青笔记的标题就像 API",
    "stage": 9
  },
  {
    "key": "1",
    "original": "[Evergreen note titles are like APIs (andymatuschak.org)](https://notes.andymatuschak.org/z3XP5GRmd9z1D2qCE7pxUvbeSVeQuMiqz9x1C)",
    "translation": "原文：[Evergreen note titles are like APIs (andymatuschak.org)](https://notes.andymatuschak.org/z3XP5GRmd9z1D2qCE7pxUvbeSVeQuMiqz9x1C)",
    "stage": 5
  },
  {
    "key": "2",
    "original": "When [Evergreen notes](https://notes.andymatuschak.org/z4SDCZQeRo4xFEQ8H4qrSqd68ucpgE6LU155C) are factored and titled well, those titles become an abstraction for the note itself. The entire note’s ideas can then be referenced using that handle (see [Concept handles, after Alexander](https://notes.andymatuschak.org/z5vA4vw86DKNq22xt6pRWhumeRmSzwV6hxRHE)). In fact, this property itself functions as a kind of litmus: as you develops ideas in notes over time and improve the “APIs,” you’ll be able to write individual notes which abstract over increasingly large subtrees (e.g. [Enacted experiences have incredible potential as a mass medium](https://notes.andymatuschak.org/z6oXuXLZ7Wq1eBqskyfph2wz9gjohQUKSBFzx), [Evergreen note-writing as fundamental unit of knowledge work](https://notes.andymatuschak.org/z3SjnvsB5aR2ddsycyXofbYR7fCxo7RmKW2be)).",
    "translation": "[常青笔记](https://notes.andymatuschak.org/z4SDCZQeRo4xFEQ8H4qrSqd68ucpgE6LU155C)划分合理，命名恰当的话，得到的标题就是对笔记内容的抽象。由此一来，整篇笔记讨论的概念可以用这个抓手来引用（见[概念抓手，由 Alexander 提出](https://notes.andymatuschak.org/z5vA4vw86DKNq22xt6pRWhumeRmSzwV6hxRHE)）。实际上，标题寥寥数语便能勾勒出笔记内容轮廓：每天都在笔记中构筑概念并改进笔记的「API」，将大量笔记提炼抽象为单则笔记的能力，也会更上一层楼（例如，[作为大众媒介，情景体验具有难以置信的潜力](https://notes.andymatuschak.org/z6oXuXLZ7Wq1eBqskyfph2wz9gjohQUKSBFzx)，[作为知识工作基本单位的常青笔记写作](https://notes.andymatuschak.org/z3SjnvsB5aR2ddsycyXofbYR7fCxo7RmKW2be)）。",
    "stage": 3
  },
  {
    "key": "3",
    "original": "Some effective note “API design” techniques: separation of concerns ([Evergreen notes should be atomic](https://notes.andymatuschak.org/z4Rrmh17vMBbauEGnFPTZSK3UmdsGExLRfZz1)), sharp titles ([Prefer note titles with complete phrases to sharpen claims](https://notes.andymatuschak.org/z3KmNj3oKKSTJfqdfSEBzTQiCVGoC4GfK3rYW)), and positive framings ([Prefer positive note titles to promote systematic theory](https://notes.andymatuschak.org/z8T6sLNco2benUMgcXUXeJh35eW2obP48DoPp)).",
    "translation": "一些有效的笔记「API 设计」技巧：关注点分离（[常青笔记应该是原子化的](https://notes.andymatuschak.org/z4Rrmh17vMBbauEGnFPTZSK3UmdsGExLRfZz1)），精准标题（[笔记标题建议使用成分完整的短语来突出主张](https://notes.andymatuschak.org/z3KmNj3oKKSTJfqdfSEBzTQiCVGoC4GfK3rYW)），和正面阐述（[笔记标题建议用正面阐述来促进理论系统化](https://notes.andymatuschak.org/z8T6sLNco2benUMgcXUXeJh35eW2obP48DoPp)）。",
    "stage": 5
  },
  {
    "key": "4",
    "original": "Related: [Grounded claims, after Qian et al](https://notes.andymatuschak.org/z8D1DJ4663xTUx2P3ztA8hM5FsmtbYmgRfPnC)",
    "translation": "相关笔记：[有根据的主张，Qian 等人提出](https://notes.andymatuschak.org/z8D1DJ4663xTUx2P3ztA8hM5FsmtbYmgRfPnC)",
    "stage": 5
  },
  {
    "key": "5",
    "original": "------",
    "translation": "------",
    "stage": 5
  },
  {
    "key": "6",
    "original": "## References",
    "translation": "## 参考文献",
    "stage": 5
  },
  {
    "key": "7",
    "original": "Conversation with Michael Nielsen, 2019-12-16",
    "translation": "与迈克尔-尼尔森的对话，2019-12-16",
    "stage": 5
  }
]