[
  {
    "key": "0",
    "original": "# Evergreen notes lower the emotional stakes in editing manuscripts",
    "translation": "# 常青笔记工作流能降低改稿的情绪负担",
    "stage": 9
  },
  {
    "key": "1",
    "original": "[Evergreen notes lower the emotional stakes in editing manuscripts (andymatuschak.org)](https://notes.andymatuschak.org/z26G5QDZgkk3mLTJoWHfzM6kjRzHpTAWHeZWN)",
    "translation": "原文：[Evergreen notes lower the emotional stakes in editing manuscripts (andymatuschak.org)](https://notes.andymatuschak.org/z26G5QDZgkk3mLTJoWHfzM6kjRzHpTAWHeZWN)",
    "stage": 5
  },
  {
    "key": "2",
    "original": "In writing, it can be painful to “kill one’s darlings.” It may make the effort involved in writing those sections feel wasted. It may also create open loops (see [Close open loops](https://notes.andymatuschak.org/z8d4eJNaKrVDGTFpqRnQUPRkexB7K6XbcffAV)): you may feel that you want to make sure you want to publish those ideas *somewhere,* so now you have to remember that section (or keep track of the snippet) somewhere so that you can remember to include it in another manuscript.",
    "translation": "在写作中往往要「忍痛割爱」，你挥笔成章的一腔心血似乎付诸东流。割爱后往往会造成不闭合的行为环（见[关闭开放性循环](https://notes.andymatuschak.org/z8d4eJNaKrVDGTFpqRnQUPRkexB7K6XbcffAV)）：你想要确保这些想法不会遗失，能最终发表在*某处*，所以你现在要找个地方记住这块内容（或者在合适的地方记录下来），这样以后你写其他稿件时，你就能想起来并把它用上。（译注：此处的开环指的是你没写完的想法，因为没能妥善处理，而成为心病）",
    "stage": 5,
    "context": "嘤嘤嘤"
  },
  {
    "key": "3",
    "original": "But if one uses the note-based [Executable strategy for writing](https://notes.andymatuschak.org/z3PBVkZ2SvsAgFXkjHsycBeyS6Cw1QXf7kcD8), then much of the work goes into writing [Evergreen notes](https://notes.andymatuschak.org/z4SDCZQeRo4xFEQ8H4qrSqd68ucpgE6LU155C). Material which isn’t essential for a particular piece can become a durable note, seeding a network of links ([Evergreen notes should be densely linked](https://notes.andymatuschak.org/z2HUE4ABbQjUNjrNemvkTCsLa1LPDRuwh1tXC)) and contributing to future insight (see [Evergreen note-writing helps insight accumulate](https://notes.andymatuschak.org/z6cFzJWgj9vZpnrQsjrZ8yCNREzCTgyFeVZTb)). Or if it needs more development, it can be added to one’s writing inbox ([A writing inbox for transient and incomplete notes](https://notes.andymatuschak.org/z5aJUJcSbxuQxzHr2YvaY4cX5TuvLQT7r27Dz)).",
    "translation": "但如果使用基于笔记的[可执行的写作策略](https://notes.andymatuschak.org/z3PBVkZ2SvsAgFXkjHsycBeyS6Cw1QXf7kcD8)，那么大部分工作都可以在写[常青笔记](https://notes.andymatuschak.org/z4SDCZQeRo4xFEQ8H4qrSqd68ucpgE6LU155C)的过程中完成。即使一份材料对某一特定作品来说不重要，也可以把它变成持久的笔记，和其他笔记组成网络（[常青笔记应该有密集的链接](https://notes.andymatuschak.org/z2HUE4ABbQjUNjrNemvkTCsLa1LPDRuwh1tXC)），这有助于未来的洞见（见[常青笔记的写作有助于洞见的积累](https://notes.andymatuschak.org/z6cFzJWgj9vZpnrQsjrZ8yCNREzCTgyFeVZTb)）。或者，如果这个想法需要进一步完善，它可以添加到写作收件箱中（[为短暂的和不完整的笔记提供写作收件箱](https://notes.andymatuschak.org/z5aJUJcSbxuQxzHr2YvaY4cX5TuvLQT7r27Dz)）。",
    "stage": 5
  },
  {
    "key": "4",
    "original": "This is a more narrow example of a more general observation: [Release valves for non-linear thought may support improved linear output](https://notes.andymatuschak.org/z3iT7pPmhbY8WtofoCccd58xtnhJUfkJPztGP).",
    "translation": "这个比较具体的事例可以佐证一个更广泛的观察：[通过释放阀可以让非线性思维的想法在输出时更加线性](https://notes.andymatuschak.org/z3iT7pPmhbY8WtofoCccd58xtnhJUfkJPztGP)。",
    "stage": 5
  },
  {
    "key": "5",
    "original": "In fact, if you use the “undirected” executable strategy for writing (in which your writing mostly emerges from preexisting notes), then most of the text wasn’t even written *for* that manuscript. So who cares if some of it is deleted from the manuscript?",
    "translation": "事实上，如果你采用 「非指向」 的可执行写作策略（此时你的文字大多来自于先前存在的笔记中），那么大部分文字甚至不是**针对**该手稿而写就的。这时候纵使从手稿中删除一些文字，还有关系吗？",
    "stage": 5
  },
  {
    "key": "6",
    "original": "Related: [Software interfaces often harmfully frame destructive operations as final decisions, not contingent preferences](https://notes.andymatuschak.org/z5vXaKVAPBNKAAi9RXNudduhyGadGXqtMVTEs)",
    "translation": "相关笔记：[软件界面经常将破坏性操作作为最终决定，而不是视情况而定的选择](https://notes.andymatuschak.org/z5vXaKVAPBNKAAi9RXNudduhyGadGXqtMVTEs)",
    "stage": 5
  },
  {
    "key": "7",
    "original": "------",
    "translation": "------",
    "stage": 5
  },
  {
    "key": "8",
    "original": "## References",
    "translation": "## 参考文献",
    "stage": 5
  },
  {
    "key": "9",
    "original": "Ahrens, S. (2017). *How to Take Smart Notes: One Simple Technique to Boost Writing, Learning and Thinking – for Students, Academics and Nonfiction Book Writers*.",
    "translation": "Ahrens, S. (2017). *How to Take Smart Notes: One Simple Technique to Boost Writing, Learning and Thinking – for Students, Academics and Nonfiction Book Writers*.",
    "stage": 5
  },
  {
    "key": "10",
    "original": "> One of the most difficult tasks is to rigorously delete what has no function within an argument – “kill your darlings.”[42](https://notes.andymatuschak.org/z26G5QDZgkk3mLTJoWHfzM6kjRzHpTAWHeZWN) This becomes much easier when you move the questionable passages into another document and tell yourself you might use them later.",
    "translation": "> 最困难的任务之一是严格删除论证中没有作用的东西 ——「对心头肉开刀」。[42](https://notes.andymatuschak.org/z26G5QDZgkk3mLTJoWHfzM6kjRzHpTAWHeZWN)当你把有问题的段落移到另一个文件中，并告诉自己以后可能会用到它们，这就变得容易多了。",
    "stage": 5
  }
]