[
  {
    "key": "0",
    "original": "# Evergreen note-writing helps insight accumulate",
    "translation": "# 常青笔记有助于积累洞见",
    "stage": 9
  },
  {
    "key": "1",
    "original": "[Evergreen note-writing helps insight accumulate (andymatuschak.org)](https://notes.andymatuschak.org/z6cFzJWgj9vZpnrQsjrZ8yCNREzCTgyFeVZTb)",
    "translation": "原文：[Evergreen note-writing helps insight accumulate (andymatuschak.org)](https://notes.andymatuschak.org/z6cFzJWgj9vZpnrQsjrZ8yCNREzCTgyFeVZTb)",
    "stage": 5
  },
  {
    "key": "2",
    "original": "Much of the day-to-day thinking involved in creative work is simply lost, like sand castles in the tide. Ephemerality can actually be useful in low-fidelity thought, but it’s simply an accidental property in many cases. We should do our serious thinking in the form of [Evergreen notes](https://notes.andymatuschak.org/z4SDCZQeRo4xFEQ8H4qrSqd68ucpgE6LU155C) so that the thinking accumulates.",
    "translation": "创造性工作中的许多日常思考就是丢失了，就像潮水中的沙堡。短暂性在低保真思考中实际上是有用的，但在许多情况下它只是偶然性。严肃的思考应该以[常青笔记](https://notes.andymatuschak.org/z4SDCZQeRo4xFEQ8H4qrSqd68ucpgE6LU155C)的形式进行，以便于积累。",
    "stage": 3
  },
  {
    "key": "3",
    "original": "[Leaps of insight emerge from prior thought](https://notes.andymatuschak.org/zSn7SX7yMtnh1ZCQEG44TJoxrH7Udpm9oeEm). So where does that thought happen? It could happen in your head, or in a series of fleeting sketches in the pages of your notebook, but [Knowledge work should accrete](https://notes.andymatuschak.org/z6UDDkom8Aifg6mLdjT1sPtbMBweCmpyTwmJT), and those mechanisms are awfully lossy.",
    "translation": "[卓越洞见从之前的所思所想中涌现](https://notes.andymatuschak.org/zSn7SX7yMtnh1ZCQEG44TJoxrH7Udpm9oeEm)。那么，这种思考在哪里发生？它可能在你的脑子里，或者在你笔记本上一系列转瞬即逝的草图中，但是[知识工作应能聚沙成塔](https://notes.andymatuschak.org/z6UDDkom8Aifg6mLdjT1sPtbMBweCmpyTwmJT)，而上述机制都损耗巨大。",
    "stage": 3
  },
  {
    "key": "4",
    "original": "Consider some hypothetical leap of insight you’d like to be able to make. To make that leap, you’ll typically need to evolve many independent, partially-formed ideas simultaneously, until they suddenly converge in a flash of inspiration. If you need to iterate on more than a few pieces at once, you may struggle to keep them all in your head.",
    "translation": "考虑一下你本来有望实现的一些假设性的洞察力飞跃。为了实现这一飞跃，你通常需要同时发展许多独立的、部分成型的想法，直到它们在灵感的闪现中突然融合在一起。如果你需要同时迭代多个作品，你可能会很难把它们都记在脑子里。",
    "stage": 5
  },
  {
    "key": "5",
    "original": "By contrast, because [Evergreen notes should be atomic](https://notes.andymatuschak.org/z4Rrmh17vMBbauEGnFPTZSK3UmdsGExLRfZz1), they’re small enough in scope that you can start and finish one note in well under half an hour (see [Evergreen notes permit smooth incremental progress in writing (“incremental writing”)](https://notes.andymatuschak.org/z6C5H4eYH2A4omfNLuUcDiKibQ1hZG2RGNZ97)). Yet each note you write represents an increment in your thinking about that specific idea, and each note enriches the broader network of links ([Evergreen notes should be densely linked](https://notes.andymatuschak.org/z2HUE4ABbQjUNjrNemvkTCsLa1LPDRuwh1tXC)). Because these are [Evergreen notes](https://notes.andymatuschak.org/z4SDCZQeRo4xFEQ8H4qrSqd68ucpgE6LU155C), you now have a clear place to stand as you iterate on this specific idea.",
    "translation": "相比之下，由于[常青笔记应该是原子化的](https://notes.andymatuschak.org/z4Rrmh17vMBbauEGnFPTZSK3UmdsGExLRfZz1)，它们的范围足够小，你可以在半个小时内开始并完成一个笔记（见[常青笔记实现顺畅而渐进的写作（「渐进写作」）](https://notes.andymatuschak.org/z6C5H4eYH2A4omfNLuUcDiKibQ1hZG2RGNZ97)）。尽管如此，你写的每一个笔记都代表了你对这个特定想法的思考增量，每一个笔记都丰富了愈加宽阔的链接网络（[常青笔记之间应该建立大量链接](https://notes.andymatuschak.org/z2HUE4ABbQjUNjrNemvkTCsLa1LPDRuwh1tXC)）。因为这些是[常青笔记](https://notes.andymatuschak.org/z4SDCZQeRo4xFEQ8H4qrSqd68ucpgE6LU155C)，你现在有一个明确的立足点，可以在这个具体的想法上进行迭代。",
    "stage": 5
  },
  {
    "key": "6",
    "original": "The notes you write will interact with materials you read ([Evergreen note-writing helps reading efforts accumulate](https://notes.andymatuschak.org/z6M8kex6kDF2FT6MWqAMDQddsqUr8sphLmyy1)) and will produce the foundations of new manuscripts ([Executable strategy for writing](https://notes.andymatuschak.org/z3PBVkZ2SvsAgFXkjHsycBeyS6Cw1QXf7kcD8)).",
    "translation": "你所写的笔记将与你所读的材料相互作用（[常青笔记有助于积累阅读成果](https://notes.andymatuschak.org/z6M8kex6kDF2FT6MWqAMDQddsqUr8sphLmyy1)），并将形成新稿件的基础（[可执行的写作策略](https://notes.andymatuschak.org/z3PBVkZ2SvsAgFXkjHsycBeyS6Cw1QXf7kcD8)）。",
    "stage": 5
  },
  {
    "key": "7",
    "original": "And if you can’t write even one atomic note on the idea you have, [Spaced repetition may be a helpful tool to incrementally develop inklings](https://notes.andymatuschak.org/z7iCjRziX6V6unNWL81yc2dJicpRw2Cpp9MfQ).",
    "translation": "而如果你不能就你的想法写出哪怕是一个原子笔记，[间隔重复对于逐步完善灵光一闪可能有用](https://notes.andymatuschak.org/z7iCjRziX6V6unNWL81yc2dJicpRw2Cpp9MfQ)。",
    "stage": 5
  },
  {
    "key": "8",
    "original": "Related: [“Better note-taking” misses the point; what matters is “better thinking”](https://notes.andymatuschak.org/z7kEFe6NfUSgtaDuUjST1oczKKzQQeQWk4Dbc)",
    "translation": "相关笔记：[「更好地记笔记」这个描述太过流于表面；核心在于「更好地思考」](https://notes.andymatuschak.org/z7kEFe6NfUSgtaDuUjST1oczKKzQQeQWk4Dbc)",
    "stage": 5
  },
  {
    "key": "9",
    "original": "------",
    "translation": "------",
    "stage": 5
  },
  {
    "key": "10",
    "original": "## References",
    "translation": "## 参考文献",
    "stage": 5
  },
  {
    "key": "11",
    "original": "Luhmann, N. (1992). Communicating with Slip Boxes. In A. Kieserling (Ed.), & M. Kuehn (Trans.), *Universität als Milieu: Kleine Schriften* (pp. 53–61). Retrieved from http://luhmann.surge.sh/communicating-with-slip-boxes",
    "translation": "Luhmann, N. (1992). Communicating with Slip Boxes. In A. Kieserling (Ed.), & M. Kuehn (Trans.), *Universität als Milieu: Kleine Schriften* (pp. 53–61). Retrieved from http://luhmann.surge.sh/communicating-with-slip-boxes",
    "stage": 5
  },
  {
    "key": "12",
    "original": "> Naturally, independence presupposes a minimal measure of intrinsic complexity. The slip box needs a number of years in order to reach critical mass. Until then, it functions as a mere container from which we can retrieve what we put in. This changes with its growth in size and complexity. On the one hand, the number of approaches and occasions for questions increases. The slip box becomes a universal instrument.",
    "translation": "> 当然，独立性预设最低程度的复杂性。卡片盒需要持续使用数年时间才能达到突破点。在此之前，它仅仅是一个容器，以便我们获取存入的内容。但这种情况会随着卡片盒的规模和复杂性的增加而改变。一方面，提出问题的方法和场合越来越多，卡片盒将成为一种通用工具。",
    "stage": 3
  },
  {
    "key": "13",
    "original": "Ahrens, S. (2017). *How to Take Smart Notes: One Simple Technique to Boost Writing, Learning and Thinking – for Students, Academics and Nonfiction Book Writers*.",
    "translation": "Ahrens, S. (2017). *How to Take Smart Notes: One Simple Technique to Boost Writing, Learning and Thinking – for Students, Academics and Nonfiction Book Writers*.",
    "stage": 5
  }
]