[
  {
    "key": "0",
    "original": "# Evergreen notes permit smooth incremental progress in writing (“incremental writing”)",
    "translation": "# 常青笔记实现顺畅而渐进的写作（「渐进写作」）",
    "stage": 9
  },
  {
    "key": "1",
    "original": "[Evergreen notes permit smooth incremental progress in writing (“incremental writing”) (andymatuschak.org)](https://notes.andymatuschak.org/z6C5H4eYH2A4omfNLuUcDiKibQ1hZG2RGNZ97)",
    "translation": "原文：[Evergreen notes permit smooth incremental progress in writing (“incremental writing”) (andymatuschak.org)](https://notes.andymatuschak.org/z6C5H4eYH2A4omfNLuUcDiKibQ1hZG2RGNZ97)",
    "stage": 5
  },
  {
    "key": "2",
    "original": "Evergreen notes’ atomic size ([Evergreen notes should be atomic](https://notes.andymatuschak.org/z4Rrmh17vMBbauEGnFPTZSK3UmdsGExLRfZz1)) and link structures ([Evergreen notes should be densely linked](https://notes.andymatuschak.org/z2HUE4ABbQjUNjrNemvkTCsLa1LPDRuwh1tXC)) make it easy to stop and resume work. This helps us [Close open loops](https://notes.andymatuschak.org/z8d4eJNaKrVDGTFpqRnQUPRkexB7K6XbcffAV).",
    "translation": "常青笔记是原子性的（[常青笔记应该是原子化的](https://notes.andymatuschak.org/z4Rrmh17vMBbauEGnFPTZSK3UmdsGExLRfZz1)），并含有大量链接（[常青笔记之间应该建立大量链接](https://notes.andymatuschak.org/z2HUE4ABbQjUNjrNemvkTCsLa1LPDRuwh1tXC)），因此中止或者继续写作常青笔记都非常轻松。这有助于[关闭开环](https://notes.andymatuschak.org/z8d4eJNaKrVDGTFpqRnQUPRkexB7K6XbcffAV)。",
    "stage": 5
  },
  {
    "key": "3",
    "original": "These small, self-contained notes represent regular checkpoints. Each note takes only a few minutes to write, but because they’re [Evergreen notes](https://notes.andymatuschak.org/z4SDCZQeRo4xFEQ8H4qrSqd68ucpgE6LU155C), each note is solid ground to stand on—fairly complete relative to its own concept ([Evergreen notes should be concept-oriented](https://notes.andymatuschak.org/z6bci25mVUBNFdVWSrQNKr6u7AZ1jFzfTVbMF)). Of course, we’ll iterate on their contents over time, but each time we do, that note will remain a mostly-complete, self-contained unit.",
    "translation": "这些笔记麻雀虽小五脏俱全，如同定期检查点。每篇笔记只需要几分钟的时间即可写就，但是因为这些笔记是[常青笔记](https://notes.andymatuschak.org/z4SDCZQeRo4xFEQ8H4qrSqd68ucpgE6LU155C)，每篇笔记都是可依赖的坚实砖石——笔记完备地表达了自身描述的概念（[常青笔记应面向概念](https://notes.andymatuschak.org/z6bci25mVUBNFdVWSrQNKr6u7AZ1jFzfTVbMF)）。当然，我们日后还会对笔记内容逐渐迭代完善，但每次迭代时，笔记仍将是一个基本完整、自成一体的单元。",
    "stage": 5
  },
  {
    "key": "4",
    "original": "By contrast, when we’re working on a large work-in-progress manuscript, we’re juggling many ideas in various states of completion. Different parts of the document are at different levels of fidelity. The document is large enough that it’s easy to lose one’s place or to forget where other relevant points are when one returns. Starting and stopping work for the day feel like heavy tasks, drawing heavily on working memory.",
    "translation": "相比之下，当我们处理一份正在编写的长篇手稿时，我们要同时应付许多想法，这些想法完成度各不相同。这份文本在各个部分的完备程度都千差万别。同时文本很长，很容易迷失自己的位置，或者在继续工作时忘记其他相关点的位置。每天开始工作和结束工作都像是繁重的任务，都大量依赖工作记忆。",
    "stage": 5
  },
  {
    "key": "5",
    "original": "------",
    "translation": "------",
    "stage": 5
  },
  {
    "key": "6",
    "original": "## References",
    "translation": "## 参考文献",
    "stage": 5
  },
  {
    "key": "7",
    "original": "Ahrens, S. (2017). *How to Take Smart Notes: One Simple Technique to Boost Writing, Learning and Thinking – for Students, Academics and Nonfiction Book Writers*.",
    "translation": "Ahrens, S. (2017). *How to Take Smart Notes: One Simple Technique to Boost Writing, Learning and Thinking – for Students, Academics and Nonfiction Book Writers*.",
    "stage": 5
  },
  {
    "key": "8",
    "original": "> As the outcome of each task is written down and possible connections become visible, it is easy to pick up the work any time where we left it without having to keep it in mind all the time.",
    "translation": "> 因为每个任务的结果得到记录，它们之间可能存在的联系因而变得清晰可见，我们便可以很容易地随时接着上次停下的地方继续工作，而不必一直把它记在心里。",
    "stage": 5
  },
  {
    "key": "9",
    "original": "> All this enables us to later pick up a task exactly where we stopped without the need to “keep in mind” that there still was something to do. That is one of the main advantages of thinking in writing – everything is externalised anyway.",
    "translation": "> 如此这般，我们不再需要记住还有什么事情没完成，也可以从上次停止的位置继续完成这项任务。这也正是通过写作思考的优势之一，即把所有事情置于思绪之外。",
    "stage": 3
  },
  {
    "key": "10",
    "original": "> Only if nothing else is lingering in our working memory and taking up valuable mental resources can we experience what Allen calls a “mind like water” - the state where we can focus on the work right in front of us without getting distracted by competing thoughts.",
    "translation": "> 只有当工作记忆中没有任何其他东西萦绕不去而占用宝贵的精神资源，我们才能体验到艾伦所说的「心灵若水」——在这种状态下，我们可以专注于眼前的工作，而不会被其他想法分散注意力。",
    "stage": 3
  },
  {
    "key": "11",
    "original": "Wozniak, P. (2018, June 9). Incremental writing. Retrieved December 30, 2019, from https://supermemo.guru/wiki/Incremental_writing",
    "translation": "Wozniak, P. (2018, June 9). Incremental writing. Retrieved December 30, 2019, from https://supermemo.guru/wiki/Incremental_writing",
    "stage": 5
  }
]