[
  {
    "key": "0",
    "original": "# Similarities and differences between evergreen note-writing and Zettelkasten",
    "translation": "# 常青笔记和 Zettelkasten 卡片系统的异同点",
    "stage": 9
  },
  {
    "key": "1",
    "original": "[Similarities and differences between evergreen note-writing and Zettelkasten (andymatuschak.org)](https://notes.andymatuschak.org/z4AX7pHAu5uUfmrq4K4zig9x8jmmF62XgaMXm)",
    "translation": "原文：[Similarities and differences between evergreen note-writing and Zettelkasten (andymatuschak.org)](https://notes.andymatuschak.org/z4AX7pHAu5uUfmrq4K4zig9x8jmmF62XgaMXm)",
    "stage": 5
  },
  {
    "key": "2",
    "original": "My practice of writing [Evergreen notes](https://notes.andymatuschak.org/z4SDCZQeRo4xFEQ8H4qrSqd68ucpgE6LU155C) is heavily inspired by Niklas Luhmann’s [Zettelkasten](https://notes.andymatuschak.org/z2QvtE9w5zs49x7WUeG8Ut1vywHDLiG2Wkm9p) practice and its contemporary advocates. I use a different term both because there are some distinctions and because I want to give myself space to explore ideas in this space apart from the culture surrounding Zettelkasten, which has its own prior values and proclivities.",
    "translation": "我写[常青笔记](https://notes.andymatuschak.org/z4SDCZQeRo4xFEQ8H4qrSqd68ucpgE6LU155C)很大程度上是受 Niklas Luhmann 的 [Zettelkasten](https://notes.andymatuschak.org/z2QvtE9w5zs49x7WUeG8Ut1vywHDLiG2Wkm9p) 卡片系统以及其当代支持者的启发。但我使用「常青笔记」这个不同的术语而非 Zettelkasten 一词, 不仅是因为两者有一些截然不同的地方，而且也想在这方面脱离 Zettelkasten 的文化语境（因为有一些先验的价值倾向），给自己一点探索相关想法的空间。",
    "stage": 5
  },
  {
    "key": "3",
    "original": "## Key similarities:",
    "translation": "## 关键的相似之处：",
    "stage": 5
  },
  {
    "key": "4",
    "original": "- concept-orientation ([Evergreen notes should be concept-oriented](https://notes.andymatuschak.org/z6bci25mVUBNFdVWSrQNKr6u7AZ1jFzfTVbMF))",
    "translation": "- 面向概念（[常青笔记应面向概念](https://notes.andymatuschak.org/z6bci25mVUBNFdVWSrQNKr6u7AZ1jFzfTVbMF)）",
    "stage": 5
  },
  {
    "key": "5",
    "original": "- atomicity ([Evergreen notes should be atomic](https://notes.andymatuschak.org/z4Rrmh17vMBbauEGnFPTZSK3UmdsGExLRfZz1))",
    "translation": "- 原子化（[常青笔记应该是原子化的](https://notes.andymatuschak.org/z4Rrmh17vMBbauEGnFPTZSK3UmdsGExLRfZz1)）",
    "stage": 5
  },
  {
    "key": "6",
    "original": "- emphasis on linkage ([Evergreen notes should be densely linked](https://notes.andymatuschak.org/z2HUE4ABbQjUNjrNemvkTCsLa1LPDRuwh1tXC))",
    "translation": "- 对联系的强调（[常青笔记之间应该建立大量链接](https://notes.andymatuschak.org/z2HUE4ABbQjUNjrNemvkTCsLa1LPDRuwh1tXC)）",
    "stage": 5
  },
  {
    "key": "7",
    "original": "- serendipity as a virtue ([Notes should surprise you](https://notes.andymatuschak.org/z4KZ9973AoHhvM9Pj5Qrds48JXNbMEwVJmVRw))",
    "translation": "- 怦然相遇之妙（[笔记应该让你吃惊](https://notes.andymatuschak.org/z4KZ9973AoHhvM9Pj5Qrds48JXNbMEwVJmVRw)）",
    "stage": 5
  },
  {
    "key": "8",
    "original": "- the centrality of one’s own ideas and their development over time, rather than merely accumulating summaries of others’ ideas ([Evergreen notes are a safe place to develop wild ideas](https://notes.andymatuschak.org/z8RTzukqNLKFXzqLwx25HrUrg5E5jiziGznWB), [Do your own thinking](https://notes.andymatuschak.org/z4enRPbLXdD8X8hCfVjaRkcGkronvhcfrgSQw), contra [Commonplace books](https://notes.andymatuschak.org/z3SqGJPwaWsZpbAZJLdCaAKfLcLJqZ4BqsRN7))",
    "translation": "- 看重自我想法的生发及其成长，而不仅仅是积累、总结他人的想法（[常青笔记是发展大胆想法的安全场所](https://notes.andymatuschak.org/z8RTzukqNLKFXzqLwx25HrUrg5E5jiziGznWB)，[自我思考](https://notes.andymatuschak.org/z4enRPbLXdD8X8hCfVjaRkcGkronvhcfrgSQw)，而非[庸常之书](https://notes.andymatuschak.org/z3SqGJPwaWsZpbAZJLdCaAKfLcLJqZ4BqsRN7)",
    "stage": 3
  },
  {
    "key": "9",
    "original": "  - emphasis on using one’s own words, even when describing others’ ideas ([Write about what you read to internalize texts deeply](https://notes.andymatuschak.org/zg3fYweZpbHeBTpcYke5mF4ZfrJutYcQEtFo))",
    "translation": "    - 强调使用自己的话，即使在描述别人的观点时也是如此（[围绕所读内容写笔记，以求深刻内化文本](https://notes.andymatuschak.org/zg3fYweZpbHeBTpcYke5mF4ZfrJutYcQEtFo))",
    "stage": 5
  },
  {
    "key": "10",
    "original": "## Key differences:",
    "translation": "## 关键的不同之处：",
    "stage": 5
  },
  {
    "key": "11",
    "original": "- My approach includes a few methods surrounding the note-writing which expand its scope:",
    "translation": "- 常青笔记包含的一些方法围绕笔记写作建立，笔记写作的存在扩大了它的适用范围：",
    "stage": 5
  },
  {
    "key": "12",
    "original": "  - a method for capturing scraps which would not yet qualify as Zettel, then revising them over time: [A writing inbox for transient and incomplete notes](https://notes.andymatuschak.org/z5aJUJcSbxuQxzHr2YvaY4cX5TuvLQT7r27Dz)",
    "translation": "    - 这是一种可以捕捉比 Zettel 更为碎片，并随后对其逐步修改的方法：[为临时和不完整的笔记而设的写作信箱](https://notes.andymatuschak.org/z5aJUJcSbxuQxzHr2YvaY4cX5TuvLQT7r27Dz)",
    "stage": 5
  },
  {
    "key": "13",
    "original": "    - an unusual method for managing that inbox: [Spaced repetition can lower the stakes around destructive inbox-maintenance operations](https://notes.andymatuschak.org/z7yRMBXGc81KkUwLxefodzfnnfKXx63vXzP88)",
    "translation": "    - 这是一种少见的的收件箱管理方法：[间隔重复可以降低破坏性收件箱维护操作的风险](https://notes.andymatuschak.org/z7yRMBXGc81KkUwLxefodzfnnfKXx63vXzP88)",
    "stage": 5
  },
  {
    "key": "14",
    "original": "  - a method for systematically revisiting questions and proto-notes over time: [Spaced repetition may be a helpful tool to incrementally develop inklings](https://notes.andymatuschak.org/z7iCjRziX6V6unNWL81yc2dJicpRw2Cpp9MfQ)",
    "translation": "    -这是一种可以随着时间的推移，系统回顾问题以及原始笔记的方法：[间隔重复对于逐步完善灵光一闪可能有用](https://notes.andymatuschak.org/z7iCjRziX6V6unNWL81yc2dJicpRw2Cpp9MfQ)",
    "stage": 5
  },
  {
    "key": "15",
    "original": "  - a concrete daily practice: [My morning writing practice](https://notes.andymatuschak.org/zVFGpprS64TzmKGNzGxq9FiCDnAnCPwRU5T)",
    "translation": "    - 具体的日常实践：[我的晨间写作](https://notes.andymatuschak.org/zVFGpprS64TzmKGNzGxq9FiCDnAnCPwRU5T)",
    "stage": 5
  },
  {
    "key": "16",
    "original": "- More generally, my approach uses a broader [Taxonomy of note types](https://notes.andymatuschak.org/z6f6xgGG4NKjkA5NA1kDd46whJh2Gt5rAmfX) which describes a hierarchy and methodology for capturing ideas very early and incrementally developing clusters of notes into increasingly higher-level representations. By contrast, Zettels are mostly meant to represent a few “middle” levels of this hierarchy.",
    "translation": "- 更抽象地讲，常青笔记使用的是更广泛的[笔记类型分类法](https://notes.andymatuschak.org/z6f6xgGG4NKjkA5NA1kDd46whJh2Gt5rAmfX)，它描述了一种层级结构以及方法，用于捕捉极早期的想法记为笔记，并将聚簇的笔记\\* 渐进发展为一种层次递增的「表示」。相比之下，Zettels 主要是为了表示处于「中间」层的概念。（\\*译注：原文为 cluster —— 笔记写多了以后，好多关系较「近」的笔记形成聚类，一簇一簇的）",
    "stage": 5
  },
  {
    "key": "17",
    "original": "  - Titles are very important indexes in my system. Zettels normally have numeric identifiers; modern adherents may give their notes titles, but apparently not with the same approach of “creating APIs.” [Evergreen note titles are like APIs](https://notes.andymatuschak.org/z3XP5GRmd9z1D2qCE7pxUvbeSVeQuMiqz9x1C)",
    "translation": "    - 我的系统中，标题是非常重要的索引。而 Zettel 通常是用数字标识符；尽管现代的 Zetteler 可能会给自己的笔记起标题，但显然不是以「创造 API」的方式：[常青笔记的标题就像 API](https://notes.andymatuschak.org/z3XP5GRmd9z1D2qCE7pxUvbeSVeQuMiqz9x1C)",
    "stage": 5
  },
  {
    "key": "18",
    "original": "- [Contextual backlinks](https://notes.andymatuschak.org/z3RzQhmjeRxXVAAy81aUSKARwJL8dikdJG4VG) significantly change the nature of “links,” allowing emergent behaviors like [Backlinks can be used to implicitly define nodes in knowledge management systems](https://notes.andymatuschak.org/z2newCwFfd6iZFyf9bgspkbyt1G8wbQxJVgTK)",
    "translation": "- [上下文反向链接](https://notes.andymatuschak.org/z3RzQhmjeRxXVAAy81aUSKARwJL8dikdJG4VG) 大大改变了「链接」的性质，允许其中「涌现」的产生，如[反向链接可以用来隐含地定义知识管理系统中的节点](https://notes.andymatuschak.org/z2newCwFfd6iZFyf9bgspkbyt1G8wbQxJVgTK)",
    "stage": 5
  },
  {
    "key": "19",
    "original": "- I’ve embedded a [Spaced repetition memory system](https://notes.andymatuschak.org/z4eXdSMJFv2qVGXSUEKH4vdcHBrLHcFY1ZGfC) into my notes: [The mnemonic medium can be extended to one’s personal notes](https://notes.andymatuschak.org/z5ARNXtS5VxteskEW91S1yYTgAcLABNXsZuJE). This has substantially changed the medium, but in ways I don’t yet understand very well.",
    "translation": "- 我在笔记中嵌入了[间隔重复记忆系统](https://notes.andymatuschak.org/z4eXdSMJFv2qVGXSUEKH4vdcHBrLHcFY1ZGfC)：[助记媒介可以扩展到个人笔记](https://notes.andymatuschak.org/z5ARNXtS5VxteskEW91S1yYTgAcLABNXsZuJE)。这大大改变了媒介 —— 尽管是以一种我尚未充分理解的机制。",
    "stage": 5
  },
  {
    "key": "20",
    "original": "- My notes are publicly accessible, and I integrate them into public conversation. I don’t understand the impact of this practice yet, but it certainly changes my relationship to the notes in a significant way and creates valuable discussion. There are likely some interesting networked intelligence angles here. I know of no prominent “live” public Zettelkasten. Luhmann’s is archived, but that’s a different relationship—he’s not using it in conversation, then using that interaction to inform his writing.",
    "translation": "- 我的笔记是可以公开查阅的，我把它们融入了公开的对话。我尚未理解这种做法有什么影响，但肯定大幅改变了我与笔记的关系，并引发了富有价值的讨论。可以从一些很有意思的网络化智能角度考虑这种做法。我不知道哪些足够有名的 Zettelkasten 是公开的而且作者还在持续使用的。卢曼的 Zettelkasten 业已存档，但卢曼的做法代表另一种关系——他没有在对话中使用 Zettel，并利用这种互动为其写作提供新知。",
    "stage": 5
  },
  {
    "key": "21",
    "original": "One final difference, this one a touch pointy: the primary purpose of my system is to develop ideas in my core creative projects. Most people in the contemporary Zettelkasten culture seem to use their systems primarily to write notes about others’ ideas. If they’re developing their own ideas with them, those ideas are an interesting hobby, not their core creative work. All this falls afoul of the issues around [People who write extensively about note-writing rarely have a serious context of use](https://notes.andymatuschak.org/zUMFE66dxeweppDvgbNAb5hukXzXQu8ErVNv). I don’t know how, exactly, but my context of use substantially shapes the note-writing practice.",
    "translation": "还有最后一个，呃 …… 比较尖锐的区别：我自己系统的主要目的，是在个人的核心创意项目中发展想法。当代 Zetteler 的笔记目的，似乎主要是对他人的想法写笔记。如果是用来记录自己的想法的，那么这些想法多半关于兴趣爱好，而不触及核心创意工作。他们的这些做法都涉嫌触及到[对笔记写作大谈特谈的人很少有严肃的使用场景](https://notes.andymatuschak.org/zUMFE66dxeweppDvgbNAb5hukXzXQu8ErVNv)中的问题。我不知道具体如何改变的，但我的使用场景在很大程度上塑造了笔记写作的实践。",
    "stage": 5
  }
]