[
  {
    "key": "0",
    "original": "# Athletes and musicians pursue virtuosity in fundamental skills much more rigorously than knowledge workers do",
    "translation": "# 相比知识工作者，运动员和音乐家会更为严格精细地打磨基本技能",
    "stage": 9
  },
  {
    "key": "1",
    "original": "[Athletes and musicians pursue virtuosity in fundamental skills much more rigorously than knowledge workers do (andymatuschak.org)](https://notes.andymatuschak.org/z4qhD8UwNAmJDdJUC36BUGp5PEUfgfzZXvkhB)",
    "translation": "原文：[Athletes and musicians pursue virtuosity in fundamental skills much more rigorously than knowledge workers do (andymatuschak.org)](https://notes.andymatuschak.org/z4qhD8UwNAmJDdJUC36BUGp5PEUfgfzZXvkhB)",
    "stage": 3
  },
  {
    "key": "2",
    "original": "Top-tier athletes are fanatically disciplined about improving their foundational skills—skills which transcend any sport, the same kind of agility drills you might see an army recruit do. Top-tier musicians do likewise: Lang Lang, for instance, is still working on his scales after 30 years as a concert pianist. They’re not just doing rote drills: they’re working to improve those skills critically, poring over performance videos and working with coaches.",
    "translation": "顶级运动员热衷于打磨基础技能——任何体育运动都适用的技能，比如新兵做的敏捷训练。顶级音乐家也是如此：例如郎朗已专业弹奏钢琴 30 年，但现在仍然在练习音阶。他们不仅仅是在机械训练：他们会仔细研究演奏视频，和教练合作，有针对性地加强这些基础技能。",
    "stage": 5
  },
  {
    "key": "3",
    "original": "By comparison, [Knowledge work rarely involves deliberate practice](https://notes.andymatuschak.org/z5BMvN7tZr8wxZdfFHgjvV9Em5HzXPCboardR). Knowledge workers seem surprisingly unserious about honing fundamental skills like reading ([People seem to forget most of what they read, and they mostly don’t notice](https://notes.andymatuschak.org/z3d6dFhTA5zTmykZ3zh4Y2vCw3aVbUxRiQQcc)), note-taking ([Note-writing practices are generally ineffective](https://notes.andymatuschak.org/z8V2q398qu89vdJ73N2BEYCgevMqux3yxQUAC)), developing ideas over time ([Knowledge workers usually have no specific methods for developing ideas over time](https://notes.andymatuschak.org/z2A9r2zcddVXfxjevj5Nzayhwxr9VuycjxYdz)). [Core practices in knowledge work are often ad-hoc](https://notes.andymatuschak.org/z7z6uFero1JXyANDsq7P4RzeUemPWrHD7Ejmn), and knowledge workers generally don’t seem to pursue a serious program of improving in those core skills. I suspect that this is in large part because the possibility of improvement isn’t salient: [Salience of improvement drives skill development](https://notes.andymatuschak.org/z3TLgRqbKq1iQvYNvxenccLPZUuJNB329uwGw).",
    "translation": "相比之下，[知识工作很少涉及刻意练习](https://notes.andymatuschak.org/z5BMvN7tZr8wxZdfFHgjvV9Em5HzXPCboardR)。阅读（[人们似乎会忘记大部分读过的内容，而且他们也基本意识不到](https://notes.andymatuschak.org/z3d6dFhTA5zTmykZ3zh4Y2vCw3aVbUxRiQQcc)）、记笔记（[记笔记通常收效甚微](https://notes.andymatuschak.org/z8V2q398qu89vdJ73N2BEYCgevMqux3yxQUAC)）、逐步完善想法（[知识工作者通常没有逐步完善想法的具体策略](https://notes.andymatuschak.org/z2A9r2zcddVXfxjevj5Nzayhwxr9VuycjxYdz)）对于知识工作者是基本技能，但他们竟然并不会认真练习这些技能。[知识工作的核心实践往往是临场发挥的](https://notes.andymatuschak.org/z7z6uFero1JXyANDsq7P4RzeUemPWrHD7Ejmn)。我觉得这种现象的成因，是人们难以觉察到这些技能的进步：[容易觉察的进步推动技能发展](https://notes.andymatuschak.org/z3TLgRqbKq1iQvYNvxenccLPZUuJNB329uwGw)。",
    "stage": 5
  },
  {
    "key": "4",
    "original": "What might it mean for knowledge workers to fanatically pursue virtuosity in these fundamental skills, in the way that athletes seek in their fundamental skills?",
    "translation": "知识工作者像运动员一样热衷追求基础技能的提升，这种说法的意味是什么？",
    "stage": 5
  },
  {
    "key": "5",
    "original": "- Ben Franklin practiced writing by taking an essay he found compelling and, without referencing it, rewriting it in his own words; then studying the differences between its language and his own. ([The Autobiography of Benjamin Franklin, p17](https://www.gutenberg.org/files/148/148-h/148-h.htm))",
    "translation": "- 本·富兰克林练习写作的方法，是找一篇他认为有说服力的文章，用自己的话重写一遍，途中不看原文。完成之后，他会比较原文和自己文章在语言上有何不同。 （[本杰明·富兰克林自传，第 17 页](https://www.gutenberg.org/files/148/148-h/148-h.htm)）",
    "stage": 5
  },
  {
    "key": "6",
    "original": "- [Susan Sontag](https://notes.andymatuschak.org/z37xs8Tw2m5gyeeBEYbxY6kkYQXq2PYfjxaam) 7/5/72 (As Consciousness Is Harnessed to Flesh: Journals and Notebooks, 1964-1980)",
    "translation": "- [Susan Sontag](https://notes.andymatuschak.org/z37xs8Tw2m5gyeeBEYbxY6kkYQXq2PYfjxaam) 7/5/72 (As Consciousness Is Harnessed to Flesh: Journals and Notebooks, 1964-1980)",
    "stage": 5
  },
  {
    "key": "7",
    "original": "  > A writer, like an athlete, must ‘train’ every day. What did I do today to keep in ‘form’?",
    "translation": "> 正如运动员一样，作家也需要每日「训练」。为了保持「状态」，我今天要做什么？",
    "stage": 3
  },
  {
    "key": "8",
    "original": "- 2022-03-07 Interview with Pat Metheny in [Believer](https://believermag.com/an-interview-with-pat-metheny/), via Subtle Maneuvers:",
    "translation": "- 2022 年 3 月 7 日在 [Believer](https://believermag.com/an-interview-with-pat-metheny/) 与 Pat Metheny 的采访，发布在 Subtle Maneuvers （译注：Subtle maneuvers 是面向创意人士的简报）：",
    "stage": 5
  },
  {
    "key": "9",
    "original": "  > Metheny has a devotional relationship to music. He dismisses the idea of talent in favor of disciplined work, and is known for practicing the guitar for eight hours a day. He tours nearly constantly, performing over three hundred shows a year. For each one, he spends four hours in preparation: he avoids conversation, runs purposely mindless exercises, and abstains from all food. After the show, he writes ten pages of notes on the performance, critiquing the sound, music, and environment. He has never tasted alcohol or tried any drug, in order to stay focused on music.",
    "translation": "> Metheny 对待音乐虔诚尽瘁。他不相信天分，而更看中自律与努力。他以每天练习八小时吉他闻名。他总在巡演，每年举行超过三百次演出。每次演出他都要花四小时准备：他不与人对话，故意不加思考地练习，甚至拒绝一切进食。演出结束后，他会针对演出写上十页笔记，分析批判声音、音乐、环境。他从不饮酒，未尝嗑药，只为专心投入音乐。",
    "stage": 5
  },
  {
    "key": "10",
    "original": "------",
    "translation": "------",
    "stage": 5
  },
  {
    "key": "11",
    "original": "## References",
    "translation": "## 参考文献",
    "stage": 5
  },
  {
    "key": "12",
    "original": "I first asked the core question (“what might it mean for knowledge workers…?”) in my Emergent Ventures grant application, 2019-05-13",
    "translation": "我首先在申请 Emergent Ventures 拨款时问了本文核心问题（「对于知识工作者来说，……意味着什么？」）？",
    "stage": 3
  },
  {
    "key": "13",
    "original": "Matuschak, A. (2019, December). *Taking knowledge work seriously*. Presented at the Stripe Convergence, San Francisco.",
    "translation": "Matuschak, A. (2019, December). *Taking knowledge work seriously*. Presented at the Stripe Convergence, San Francisco.",
    "stage": 5
  }
]