[
  {
    "key": "0",
    "original": "# Core practices in knowledge work are often ad-hoc",
    "translation": "# 知识工作的核心实践往往是临场发挥的",
    "stage": 9
  },
  {
    "key": "1",
    "original": "[Core practices in knowledge work are often ad-hoc (andymatuschak.org)](https://notes.andymatuschak.org/Core_practices_in_knowledge_work_are_often_ad-hoc)",
    "translation": "原文：[Core practices in knowledge work are often ad-hoc (andymatuschak.org)](https://notes.andymatuschak.org/Core_practices_in_knowledge_work_are_often_ad-hoc)",
    "stage": 5
  },
  {
    "key": "2",
    "original": "Knowledge workers’ routinely involves complex, underspecified tasks like understanding the basics of a new industry or writing a memo on some strategic consideration. Even when these responsibilities are core to their work, knowledge workers’ approach to these tasks is often ad-hoc—created on the spot based on past experience, instincts, aphorisms, and whim. These practices are the opposite of a [Executable strategy](https://notes.andymatuschak.org/z53fk5XwrsnueNDDCq6WNe2VbPhrDGQmmVgNS).",
    "translation": "知识工作者的日常工作通常涉及复杂、不明确的任务，比如了解一个新行业的基础知识，或者写一份关于战略考量的备忘录。即使这些责任是他们工作的核心，知识工作者处理这些任务的方法也往往是临时的——基于过去的经验、本能、格言和突发奇想，临场发挥出来的。这些做法与[可执行策略](https://notes.andymatuschak.org/z53fk5XwrsnueNDDCq6WNe2VbPhrDGQmmVgNS)相反。",
    "stage": 3
  },
  {
    "key": "3",
    "original": "This way of working is highly contingent on both practitioner and context, so it’s difficult for knowledge workers to share and build knowledge about these practices.",
    "translation": "这种工作方式高度依赖于实践者和环境，因此知识工作者很难共享和构建关于这些实践的知识。",
    "stage": 5
  },
  {
    "key": "4",
    "original": "Without consistent ground to stand on, it’s difficult for knowledge workers to evaluate and develop their own performance relative to these core tasks. [Athletes and musicians pursue virtuosity in fundamental skills much more rigorously than knowledge workers do](https://notes.andymatuschak.org/z4qhD8UwNAmJDdJUC36BUGp5PEUfgfzZXvkhB)",
    "translation": "没有一致的立足点，知识型员工很难评估和发展与这些核心任务相关的表现。[相比知识工作者，运动员和音乐家会更为严格精细地打磨基本技能](https://notes.andymatuschak.org/z4qhD8UwNAmJDdJUC36BUGp5PEUfgfzZXvkhB)",
    "stage": 3
  },
  {
    "key": "5",
    "original": "Because these processes aren’t considered systematically, knowledge workers typically don’t structure the outputs of these tasks so that they will accumulate into something more valuable over time (contra [Knowledge work should accrete](https://notes.andymatuschak.org/z6UDDkom8Aifg6mLdjT1sPtbMBweCmpyTwmJT)).",
    "translation": "因为没有系统地考虑这些过程，知识工作者通常不会组织这些任务的输出，以便随着时间的推移积累成更有价值的东西（与此相反，[知识工作应能聚沙成塔](https://notes.andymatuschak.org/z6UDDkom8Aifg6mLdjT1sPtbMBweCmpyTwmJT)）。",
    "stage": 3
  }
]