[
  {
    "key": "0",
    "original": "# Knowledge work often requires solving search problems",
    "translation": "# 知识工作中常常需要解决搜索问题",
    "stage": 9
  },
  {
    "key": "1",
    "original": "[Knowledge work often requires solving search problems (andymatuschak.org)](https://notes.andymatuschak.org/z6qVhFVJs8KKtzNwmVDzyCyGBDdCbcX7KoSyr)",
    "translation": "原文：[Knowledge work often requires solving search problems (andymatuschak.org)](https://notes.andymatuschak.org/z6qVhFVJs8KKtzNwmVDzyCyGBDdCbcX7KoSyr)",
    "stage": 5
  },
  {
    "key": "2",
    "original": "Designing an interface, writing a compelling introductory sentence, and making a diagnosis—many types of [Knowledge work](https://notes.andymatuschak.org/z2eKzbL5nwQrm8Zr26rtaLHXyKHREr3tm5HbY) depend on cycles of generating possibilities, culling them, and repeating based on observations or feedback.",
    "translation": "无论是设计软件界面，编写摄动人心的引言，还是诊断问题与不足——各种各样的[知识工作](https://notes.andymatuschak.org/z2eKzbL5nwQrm8Zr26rtaLHXyKHREr3tm5HbY)都依赖于循环往复地想出可能，做出取舍，根据观察或者反馈继续搜索。",
    "stage": 5
  },
  {
    "key": "3",
    "original": "Anecdotally, my experiences in design and engineering suggest that experts are better at generating possibilities in the right “regions,” at rapidly culling possibilities which are unlikely to work, and at updating their search based on observations/feedback. One possible explanation: [Expertise requires building sophisticated chunk recoding schemes](https://notes.andymatuschak.org/z7s7zpUDq2EEXnu3XJQLmqjddZnwGkBfz5WWL)",
    "translation": "就我个人的设计和工程经验而言，专家擅长的是在正确的「领域」编制出合适的办法，快速舍弃不太能奏效的办法，并根据观察或反馈更新他们搜索方针。这里有一个可能的解释：[专业水准需要建立复杂的组块重编码方案](https://notes.andymatuschak.org/z7s7zpUDq2EEXnu3XJQLmqjddZnwGkBfz5WWL)。",
    "stage": 5
  }
]