[
  {
    "key": "0",
    "original": "# Knowledge work should accrete",
    "translation": "# 知识工作应能聚沙成塔",
    "stage": 9
  },
  {
    "key": "1",
    "original": "[Knowledge work should accrete (andymatuschak.org)](https://notes.andymatuschak.org/z6UDDkom8Aifg6mLdjT1sPtbMBweCmpyTwmJT)",
    "translation": "原文：[Knowledge work should accrete (andymatuschak.org)](https://notes.andymatuschak.org/z6UDDkom8Aifg6mLdjT1sPtbMBweCmpyTwmJT)",
    "stage": 5
  },
  {
    "key": "2",
    "original": "Many activities in [Knowledge work](https://notes.andymatuschak.org/z2eKzbL5nwQrm8Zr26rtaLHXyKHREr3tm5HbY) seem to be ephemeral efforts, their outputs mostly discarded after they’re completed.",
    "translation": "[知识工作](https://notes.andymatuschak.org/z2eKzbL5nwQrm8Zr26rtaLHXyKHREr3tm5HbY)中很多活动似乎十分短效，其产出在活动完成后大多弃置一旁。",
    "stage": 5
  },
  {
    "key": "3",
    "original": "You might wake up to a really tricky email and realize that it connects to something you’ve been thinking about for a while. You might spend an hour writing a careful reply, capturing your latest thinking. And now… it lives in your “sent” folder, and briefly in the impression on your and your colleague’s mind. The effort accumulates only insofar as that work subtly influences your and your colleague’s thinking over time.",
    "translation": "面对一篇很难回复的邮件，你可能突然想起，这封邮件和你最近萦绕心头的一件事可以挂上钩。你也许花了一个小时仔细地写了篇回信，其中记录了你最近的思绪……然后，这些思考的结晶就躺在「已发送」的文件夹里，或许在你和你的同事脑中留下了短暂的印象。你花费的心血只不过能微妙地影响了你和你同事的思考。",
    "stage": 5
  },
  {
    "key": "4",
    "original": "Likewise, [Most people take only transient notes](https://notes.andymatuschak.org/z2ZAGQBHuJ2u9WrtAQHAEHcCZTtqpsGkAsrD1), though with effective practices, they’re an essential foundation; see [Evergreen note-writing as fundamental unit of knowledge work](https://notes.andymatuschak.org/z3SjnvsB5aR2ddsycyXofbYR7fCxo7RmKW2be).",
    "translation": "同样，[大多数人只写临时的笔记](https://notes.andymatuschak.org/z2ZAGQBHuJ2u9WrtAQHAEHcCZTtqpsGkAsrD1)，尽管通过有效的实践，这些临时笔记打下了重要基础；见[常青笔记是知识工作的基本单位](https://notes.andymatuschak.org/z3SjnvsB5aR2ddsycyXofbYR7fCxo7RmKW2be)。",
    "stage": 5
  },
  {
    "key": "5",
    "original": "We should strive to design practices systems which yield compounding returns on our efforts as they accumulate over time.",
    "translation": "我们应该竭力设计这样的实践体系，基于我们点滴积累的努力而赢取复利。",
    "stage": 5
  },
  {
    "key": "6",
    "original": "A [Spaced repetition memory system](https://notes.andymatuschak.org/z4eXdSMJFv2qVGXSUEKH4vdcHBrLHcFY1ZGfC) achieves this for memory: when you find information useful, you can invest a little effort to make sure you always have it available. Over time, one’s spaced repetition library accumulates thousands of questions, and (I strongly suspect) that knowledge makes it easier to be an effective knowledge worker later.",
    "translation": "[间隔重复记忆系统](https://notes.andymatuschak.org/z4eXdSMJFv2qVGXSUEKH4vdcHBrLHcFY1ZGfC)为记忆实现了这一点：当你发现信息有用时，可以投入一点点精力，便能确保这条信息对你而言随时可用。随着时间推移，间隔重复图书馆便积累了成千上万的问题，（我强烈认为）这些知识可能使你以后更容易成为一个有效的知识工作者。",
    "stage": 5
  },
  {
    "key": "7",
    "original": "Hamming illustrates this point vividly:",
    "translation": "Hamming 生动地说明了这一点：",
    "stage": 5
  },
  {
    "key": "8",
    "original": "> You observe that most great scientists have tremendous drive. I worked for ten years with John Tukey at Bell Labs. He had tremendous drive. One day about three or four years after I joined, I discovered that John Tukey was slightly younger than I was. John was a genius and I clearly was not. Well I went storming into Bode’s office and said, “How can anybody my age know as much as John Tukey does?” He leaned back in his chair, put his hands behind his head, grinned slightly, and said, “You would be surprised Hamming, how much you would know if you worked as hard as he did that many years.” I simply slunk out of the office!",
    "translation": "> 可以看到，大多数伟大的科学家都有澎湃的干劲。我在贝尔实验室与 John Tukey 共事了十年。他便是干劲很足的人。我加入实验室约三四年后，有一天我发现 John Tukey 其实年龄竟比我小一点。John 是个天才，而我显然不是。我怒气攻心，冲进 Bode 的办公室说：「跟我差不多大的人怎么能像 John Tukey 那样知道这么多？」他靠在椅子上，把双手放在脑后，微微一笑，说道：「Hamming，如果你像他那样努力工作那么多年，你的知识也会多到让你惊讶的。」我羞愧至极，简直是马上溜出了办公室！",
    "stage": 5
  },
  {
    "key": "9",
    "original": ">",
    "translation": ">",
    "stage": 5
  },
  {
    "key": "10",
    "original": "> What Bode was saying was this: “Knowledge and productivity are like compound interest.” Given two people of approximately the same ability and one person who works 10% more than the other, the latter will more than twice outproduce the former. The more you know, the more you learn; the more you learn, the more you can do; the more you can do, the more the opportunity - it is very much like compound interest. I don’t want to give you a rate, but it is a very high rate. Given two people with exactly the same ability, the one person who manages day in and day out to get in one more hour of thinking will be tremendously more productive over a lifetime. I took Bode’s remark to heart; I spent a good deal more of my time for some years trying to work a bit harder and I found, in fact, I could get more work done.",
    "translation": "> Bode 的意思是：「知识和生产力就像复利。」如果两个人的能力大致相同，而其中一个人的工作量比另一个人多 10%，那么前者的产量将是后者的两倍多。知道的越多，学的越多；学的越多，能做的越多；能做的越多，机会越多——这很像复利。我不想给你一个利率，但这是一个非常高的利率。如果两个人拥有完全相同的能力，那么一个日复一日多花一个小时思考的人在一生中的工作效率将会大大提高。我把 Bode 的话放在心上；几年来，我花了更多的时间努力工作，并发现，事实上我可以完成更多的工作。",
    "stage": 5
  },
  {
    "key": "11",
    "original": "------",
    "translation": "------",
    "stage": 5
  },
  {
    "key": "12",
    "original": "## References",
    "translation": "## 参考文献",
    "stage": 5
  },
  {
    "key": "13",
    "original": "Ahrens, S. (2017). *How to Take Smart Notes: One Simple Technique to Boost Writing, Learning and Thinking – for Students, Academics and Nonfiction Book Writers*.",
    "translation": "Ahrens, S. (2017). *How to Take Smart Notes: One Simple Technique to Boost Writing, Learning and Thinking – for Students, Academics and Nonfiction Book Writers*.",
    "stage": 5
  },
  {
    "key": "14",
    "original": "> But most importantly, without a permanent reservoir of ideas, you will not be able to develop any major ideas over a longer period of time because you are restricting yourself either to the length of a single project or the capacity of your memory. Exceptional ideas need much more than that.",
    "translation": "> 但最重要的是，如果没有一个永久性的思想库，你将无法在较长的时间内形成任何重大的想法，因为你要么被限制在单个项目的长度上，要么被限制在你的记忆容量上。杰出的想法需要的远不止这些。",
    "stage": 5
  },
  {
    "key": "15",
    "original": "2019/08/13 conversation with Anna Gát:",
    "translation": "2019/08/13 与安娜-加特的对话：",
    "stage": 5
  },
  {
    "key": "16",
    "original": "> On Twitter, you don’t *build* anything.",
    "translation": "> 在 Twitter 上，你无法**建立**任何东西。",
    "stage": 5
  },
  {
    "key": "17",
    "original": "Matuschak, A. (2019, December). Taking knowledge work seriously. Presented at the Stripe Convergence, San Francisco.",
    "translation": "Matuschak, A. (2019, December). Taking knowledge work seriously. Presented at the Stripe Convergence, San Francisco.",
    "stage": 5
  },
  {
    "key": "18",
    "original": "Hamming, R. W. (1997). *The art of doing science and engineering: learning to learn*. Gordon and Breach.",
    "translation": "Hamming, R. W. (1997). *The art of doing science and engineering: learning to learn*. Gordon and Breach.",
    "stage": 5
  }
]