[
  {
    "key": "0",
    "original": "# Knowledge work",
    "translation": "# 知识工作",
    "stage": 9
  },
  {
    "key": "1",
    "original": "[Knowledge work (andymatuschak.org)](https://notes.andymatuschak.org/z2eKzbL5nwQrm8Zr26rtaLHXyKHREr3tm5HbY)",
    "translation": "原文：[Knowledge work (andymatuschak.org)](https://notes.andymatuschak.org/z2eKzbL5nwQrm8Zr26rtaLHXyKHREr3tm5HbY)",
    "stage": 5
  },
  {
    "key": "2",
    "original": "After “knowledge industries” were introduced as a key U.S. economic concern by Fritz Machlup in 1962, Peter Drucker described those activities as “knowledge work” in 1969. ::Or perhaps in 1966 in *The Effective Executive*—will need to check::",
    "translation": "1962 年，Fritz Machlup 提出「知识产业」的概念，将其作为美国经济的重要指标。之后，Peter Drucker 于 1969 年将这些活动描述为「知识工作」。::或可能在 1966 年的《卓有成效的管理者》一书中——需要检查::",
    "stage": 5
  },
  {
    "key": "3",
    "original": "Machlup points out in 1962 that 29% of US GDP is attributable to the “knowledge industry.”",
    "translation": "马克卢普在 1962 年指出，美国 29% 的 GDP 是由「知识产业」贡献的。",
    "stage": 5
  },
  {
    "key": "4",
    "original": "------",
    "translation": "------",
    "stage": 5
  },
  {
    "key": "5",
    "original": "## References",
    "translation": "## 参考文献",
    "stage": 5
  },
  {
    "key": "6",
    "original": "Drucker, P. F. (1970). *The age of discontinuity: Guidelines to our changing society*. London, England: William Heineman Ltd.",
    "translation": "Drucker, P. F. (1970). *The age of discontinuity: Guidelines to our changing society*. London, England: William Heineman Ltd.",
    "stage": 5
  },
  {
    "key": "7",
    "original": "Machlup, F. (1962). *The production and distribution of knowledge in the United States*. Princeton, NJ: Princeton University Press.",
    "translation": "Machlup, F. (1962). *The production and distribution of knowledge in the United States*. Princeton, NJ: Princeton University Press.",
    "stage": 5
  }
]