﻿﻿0,# Educational games try to teach through enacted experiences,# 教育游戏试图通过情景体验进行教学
1,[Educational games try to teach through enacted experiences (andymatuschak.org)](https://notes.andymatuschak.org/z5xCoFBNqoFjNHsWcsP4GbSPKqAG3dNzR6SXC),原文：[Educational games try to teach through enacted experiences (andymatuschak.org)](https://notes.andymatuschak.org/z5xCoFBNqoFjNHsWcsP4GbSPKqAG3dNzR6SXC)
2,"Conceptually, the core mechanism [Educational game](https://notes.andymatuschak.org/z5YBATDEy9pSqzTgNhH6MhGqgkG8mAF7QTLK5) designers try to use is [Enacted experience](https://notes.andymatuschak.org/z3KASfpz5AmNmqM2m517Jbs1EvXrLN7NkeYWH). They try to design game activities such that natural participation in the game environment produces an experience of *understanding.* At least instinctually, the underlying motivation for this circuitous approach to instructional design here is that [Enacted experiences can create intense personal connection to authored targets](https://notes.andymatuschak.org/z6rE2jCvARneUxogtFCTMafzJvYEKWFgb51c2). In other words, they hope to “Make kids love learning!”",从概念上讲，[教育游戏](https://notes.andymatuschak.org/z5YBATDEy9pSqzTgNhH6MhGqgkG8mAF7QTLK5)设计者试图使用的核心机制是[情景体验](https://notes.andymatuschak.org/z3KASfpz5AmNmqM2m517Jbs1EvXrLN7NkeYWH)。他们试图设计游戏活动，使得在游戏环境中，参与能产生一种**理解**的体验。至少从本能上来说，这种迂回的教学设计方法的潜在动机是[情景体验可以创造出与作者目标的强烈个人联系](https://notes.andymatuschak.org/z6rE2jCvARneUxogtFCTMafzJvYEKWFgb51c2)。换句话说，他们希望「让孩子爱上学习！」
3,"Most games deploy this mechanism ([Games effectively develop players’ skills](https://notes.andymatuschak.org/z2J6v5xtfJaeW5KFF6fNwkHxLWQonxuUA5ndg)), but outside the educational game genre, [Skill development in games is subservient to other intrinsically meaningful purposes](https://notes.andymatuschak.org/zeb2g4GbLPhXGKZavqQ7v7iuqe5B8jGhnFKw).",大多数游戏都采用了这种机制（[游戏能有效地培养玩家的技能](https://notes.andymatuschak.org/z2j6v5xtfjaew5kff6fnwkhxlwqonxuua5ndg)），但在教育游戏类型之外，[游戏中的技能发展服从于其他有内在意义的目的](https://notes.andymatuschak.org/zeb2g4gblphxgkzavqq7v7iuqe5b8jghnfkw)。
4,The experiences in educational games rarely feel enacted. The “teacher’s” hand is usually too heavy; players feel like helpless rats in someone else’s maze. [Enacted experiences require participant-situated cause and effect](https://notes.andymatuschak.org/z3JVez8dDfxTHY1K9tHUfLLcgLkUmXQ2HKXUU).,教育游戏中的体验很少让人感觉到身临其境。「老师」通常下手太重；玩家感觉像是身陷别人迷宫里的无助老鼠。[情景体验需要参与者置身的因果关系](https://notes.andymatuschak.org/z3JVez8dDfxTHY1K9tHUfLLcgLkUmXQ2HKXUU)。
5,"Even when the experiences do feel enacted (e.g. maybe in *Oregon Trail*), they don’t meaningfully succeed in enabling players: [Educational games are a doomed approach to creating enabling environments](https://notes.andymatuschak.org/z7wPt3dxX5hp6LK3PLUBTJXxk7kAhMuh8UDck). But they may build enthusiasm for a domain or begin to instill its values—weak forms of [Enacted experiences can bootstrap active participation in enabling environments](https://notes.andymatuschak.org/z2FDTR2NfpW1AtA4SAETevmKC2uDGEHfKrbhG).",即使这些体验确实被感受到了（例如，也许在「俄勒冈小道」中），但玩家的能力并没有得到增强：[教育游戏对于创造赋能环境是注定失败的方法](https://notes.andymatuschak.org/z7wPt3dxX5hp6LK3PLUBTJXxk7kAhMuh8UDck)。但他们可能会引发玩家对某一领域的热情，或开始灌输价值观——[情景体验可以引导人们积极参与到赋能环境中](https://notes.andymatuschak.org/z2FDTR2NfpW1AtA4SAETevmKC2uDGEHfKrbhG)的一种较弱形式。
