﻿﻿0,# Enacted experiences require blocking on participant action,# 情景体验需要由参与者的行动控制
1,[Enacted experiences require blocking on participant action (andymatuschak.org)](https://notes.andymatuschak.org/z3k51usSRurffGVzeRMc7EBaeKRNMvWiPMmBH),原文：[Enacted experiences require blocking on participant action (andymatuschak.org)](https://notes.andymatuschak.org/z3k51usSRurffGVzeRMc7EBaeKRNMvWiPMmBH)
2,Contingency is important in creating an [Enacted experience](https://notes.andymatuschak.org/z3KASfpz5AmNmqM2m517Jbs1EvXrLN7NkeYWH).,意外对创造[情景体验](https://notes.andymatuschak.org/z3KASfpz5AmNmqM2m517Jbs1EvXrLN7NkeYWH)而言非常重要。
3,"The “default state” of a game is one which *blocks on player action.* The story, battle, construction, etc. simply *will not proceed* until the player takes an action. From time to time, the game might “take control” and unfold narrative without player input, but it can’t do this too long before disrupting the feeling of enaction.",游戏的「默认状态」是**由玩家行动中断的**。除非玩家采取行动，否则故事、战斗、建造等等活动都不会继续。游戏可能偶尔「接管」局面并在玩家不输入的情况下展开叙述，但时间不能太久，不然会扰乱玩家的情景体验。
4,Consider this memorable passage in *Diamond Age*:,考虑一下《钻石时代》（Diamond Age）中这段令人难忘的文字：
5,"> Then she realized that the book hadn’t said anything for a long time. “What happened then?“ she said. The Young Lady’s Illustrated Primer said nothing. “Nell looked for a safe way down,“ Nell essayed. Her vantage point began to move. A patch of snow swung into view. “No, wait!“ she said, “Nell stuffed some clean snow into her water bottles.“ (p. 308)",> 然后她意识到，这本书已经很久没有开口了。「下一步会发生什么？」她说到。《少龄淑女绘本入门指南》什么也没说。「Nell 寻找了一条安全的下山途径，」Nell 写道。她的视点开始移动。一片积雪映入眼帘。「不，等等！」她说，「 Nell 往水瓶里塞了一些干净的雪。」（第 308 页）
6,"The Primer had been giving Nell more and more control as the chapters unfolded. From this point in the story, Primer-Nell’s not going to going anywhere unless real-Nell tells her to.",随着章节展开，《指南》给予 Nell 越来越多控制权。从故事的这一点开始，除非真正的 Nell 指引指南 Nell ，否则指南 Nell 不会采取行动。
7,I suspect this property is one reason why participants in immersive theater often don’t feel that they’re enacting the proceedings.,沉浸式剧场的观众经常感受不到他们在主导整个过程。我怀疑其中一个原因是这个特性。
8,------,------
9,## References,## 参考文献
10,"Stephenson, N. (2003). *The Diamond Age: Or, a Young Lady’s Illustrated Primer* (Reprint edition). Spectra.","Stephenson, N. (2003). *The Diamond Age: Or, a Young Lady’s Illustrated Primer* (Reprint edition). Spectra."
