﻿﻿0,# Enacted experiences require participant-situated cause and effect,# 情景体验需要参与者置身的因果关系
1,[Enacted experiences require participant-situated cause and effect (andymatuschak.org)](https://notes.andymatuschak.org/z3JVez8dDfxTHY1K9tHUfLLcgLkUmXQ2HKXUU),原文：[Enacted experiences require participant-situated cause and effect (andymatuschak.org)](https://notes.andymatuschak.org/z3JVez8dDfxTHY1K9tHUfLLcgLkUmXQ2HKXUU)
2,"To create an [Enacted experience](https://notes.andymatuschak.org/z3KASfpz5AmNmqM2m517Jbs1EvXrLN7NkeYWH), there must be a visceral connection between participants’ actions and the subsequent experience. This connection doesn’t require true agency. It’s only important that participants intuitively feel that their actions bring about some significant part of the experience—at least so long as they don’t think about it too carefully.",为了创造[情景体验](https://notes.andymatuschak.org/z3KASfpz5AmNmqM2m517Jbs1EvXrLN7NkeYWH)，参与者的行动和随后的体验之间，必须建立内在的情感联系。这种联系并不需要是玩家主动造成的。关键在于，参与者要能直观得感受到，他们的行动实现了体验的某些重要部分——至少在他们不细想时能这么想。
3,"Most games sustain this feeling throughout most of the experience. It’s often fine if the experience is punctuated by cutscenes which the player doesn’t control. So long as the player feels they caused the events before and after the cutscene, it’ll be integrated (to some extent) into the broader feeling of causation.",大部分游戏在其游戏体验中都能保持这样的感觉。有时体验中穿插着玩家无法掌控的剧情场景，这样也没问题。只要玩家认为剧情场景前后的事件都由他而起，那么剧情场景也能融进整体上的主宰因果感（一定程度上）。
4,"This requirement is one key reason why intelligent tutoring systems rarely create enacted experiences. An ITS might be a [Participatory environment](https://notes.andymatuschak.org/z63gaUtZqb9mMUKRf85UhtEFPMgBBJbqvT2r8), but the cause-and-effect reaction is situated in the system, not with the student. The student’s perception is that they’re being fed an endless stream of tasks by an automaton. They have some dim notion that their responses to these tasks dictate which tasks come next, but the causation happens inside the black box of the system, not as part of a mechanism they enact.",这个要求是智能辅导系统很少创造出情景体验的一个关键原因。一个 ITS 可能是[参与性环境](https://notes.andymatuschak.org/z63gaUtZqb9mMUKRf85UhtEFPMgBBJbqvT2r8)，但因果反应是在系统中，而不是在学生身上。学生的感觉是，他们正在被一个自动机灌输无尽的任务流。他们有一些模糊的概念，认为他们对这些任务的反应决定了接下来的任务，但因果关系发生在系统的黑匣子里，而不是作为他们制定的机制的一部分。
5,"Likewise, textbooks’ questions and activities can incite enacted experiences if readers carry them out, but viscerally, the experience usually feels like “doing what the author says.” I think that’s due to the significant separation between the authored context (a book) and the enaction environment (a laboratory experiment, a business, etc).",同样地，如果读者回答教科书中的问题，并完成其中活动，便构成了情景体验，但从内心里来说，这种经验通常感觉像「按作者说的做」。我想这是因为创制背景（书）和情景环境（实验室的一场实验、一个商业项目等）之间差距很大。
6,"Relatedly, though not identically: [Enacted experiences require blocking on participant action](https://notes.andymatuschak.org/z3k51usSRurffGVzeRMc7EBaeKRNMvWiPMmBH).",相关地，虽然不完全相同：[情景体验需要阻断参与者的行动](https://notes.andymatuschak.org/z3k51usSRurffGVzeRMc7EBaeKRNMvWiPMmBH)。
