﻿﻿0,# Cognitive scaffolding,# 认知脚手架
1,[Cognitive scaffolding (andymatuschak.org)](https://notes.andymatuschak.org/z8ZWYXFwXV38qiCgRx7zf2ySy9WCxWvcizNVr),原文：[Cognitive scaffolding (andymatuschak.org)](https://notes.andymatuschak.org/z8ZWYXFwXV38qiCgRx7zf2ySy9WCxWvcizNVr)
2,"When thinking or doing something new and challenging, one common failure mode is that the smallest possible incremental step might still be too difficult to conceive. In these instances, it’s best to adopt an environment which will erect *cognitive scaffolding* to support part of the cognitive load, enabling that next step. As the actor builds capacity, the scaffolding can be gradually removed, either by him or by his environment. The temporary nature of the scaffolding makes this a subset of mechanisms for augmenting cognition.",思考或者实践的内容很新，或者很有挑战性时，构想出哪怕最小的一步也是十分困难的，而这常导致失败。在这种情况下，最好引入一个搭有**认知脚手架**的环境，从而卸下部分认知负荷，使事情得以继续下去。随着行动者能力提升，脚手架可以由他自己或是由他的环境逐步移除。脚手架是临时性的，所以它是增强认知的机制的一个子集。
3,"Scaffolding is usually authored. Occasionally unauthored scaffolding occurs; for instance, a series of gradually deepening tide pools might provide a great natural environment for learning to swim.",脚手架通常是特意制作的。有时候也能找到天然的脚手架：比如一系列越来越深的潮池也许是学习游泳的绝佳自然环境。
4,Authored scaffolding may be static or dynamic. Books often include static scaffolds like narrative ([Narrative as cognitive scaffolding](https://notes.andymatuschak.org/zvHfreBts9DHWRtztZihrGKuPsP5j8LSPLQn)) or constraints ([Constraints as cognitive scaffolding](https://notes.andymatuschak.org/z8DyCwRiC8HT89mMvtBjwcGVs5ucHPHcrScch)). A static [Participatory environment](https://notes.andymatuschak.org/z63gaUtZqb9mMUKRf85UhtEFPMgBBJbqvT2r8) (like a workbook or Make Magazine) may also include carefully-authored sequences of activities ([Fine-grained task progressions as cognitive scaffolding](https://notes.andymatuschak.org/z2qBbdZidZNjbpdggRbmgeUeVf2H7aCevSYvE)).,自创的脚手架可能是静态的，也可能是动态的。书籍通常包括静态的支架，如叙事（[叙事充当认知脚手架](https://notes.andymatuschak.org/zvHfreBts9DHWRtztZihrGKuPsP5j8LSPLQn)）或约束（[约束充当认知脚手架](https://notes.andymatuschak.org/z8DyCwRiC8HT89mMvtBjwcGVs5ucHPHcrScch)）。静态的[参与性环境](https://notes.andymatuschak.org/z63gaUtZqb9mMUKRf85UhtEFPMgBBJbqvT2r8)（如工作手册或 DIY 杂志）也可能包括精心设计的一系列活动（[细粒度任务列表充当认知脚手架](https://notes.andymatuschak.org/z2qBbdZidZNjbpdggRbmgeUeVf2H7aCevSYvE)）。
5,"Dynamic scaffolds can be more powerful because they behave and respond to learners. Great teachers maintain highly dynamic scaffolded learning environments in their classrooms—sometimes almost invisibly, nudging and steering conversation to keep support salient to fade it as learners grow.",动态的脚手架更为强大，因为这些脚手架主观能动，并能回应学习者。优秀的教师在课堂上创设的学习环境，便具备高度动态的认知脚手架支持——这种支持有时几乎是润物细无声的，只是略微调整对话的走向，就能提供明显的支持，又能随着学习者成长缓缓撤走。
6,"One common type of dynamic scaffold is simply a static scaffold, continuously adjusted in response to actors. In this sense, dynamic scaffolds are a superset of static scaffolds.",一种常见的动态脚手架就是能随着行为者行动不断调整的静态脚手架。在这一点上，动态脚手架是静态脚手架的超集。
7,"One particularly important type of dynamic scaffolding is metacognitive supports. Among media forms, games are particularly effective at supporting metacognition. See [Metacognitive supports as cognitive scaffolding](https://notes.andymatuschak.org/z4qFtxPZi21DKoLruHcmsocee1YnZy9JMArb6) and [Metacognitive supports require dynamic, participatory environments](https://notes.andymatuschak.org/z6sGtFW1yd4qgcxkLQsEBEJWxLKmBdjMQzKfa).",一个特别重要的动态支架类型是元认知支持。在媒体形式中，游戏在支持元认知方面特别有效。参见[元认知支持充当认知脚手架](https://notes.andymatuschak.org/z4qFtxPZi21DKoLruHcmsocee1YnZy9JMArb6)和[元认知支持需要动态的，参与性的环境](https://notes.andymatuschak.org/z6sGtFW1yd4qgcxkLQsEBEJWxLKmBdjMQzKfa)。
