﻿﻿0,"# Deliberate practice, after Ericsson",# 刻意练习，来自 Ericsson
1,"[Deliberate practice, after Ericsson (andymatuschak.org)](https://notes.andymatuschak.org/z2duRd5eisRomSgxr88Semkgs15pgMRVVR5C)","原文：[Deliberate practice, after Ericsson (andymatuschak.org)](https://notes.andymatuschak.org/z2duRd5eisRomSgxr88Semkgs15pgMRVVR5C)"
2,::TODO in inbox::,::TODO in inbox::
3,"“Deliberate practice” (Ericsson et al, 1993) describes:","「刻意练习」（Ericsson et al, 1993）描述如下："
4,"- high-effort, high-motivation activities…",- 需要大量努力，高积极性的活动…
5,- … with the specific goal of improving performance,- …以提高表现为具体目标
6,  - [Typical work and performance environments don’t constitute deliberate practice](https://notes.andymatuschak.org/z3n21KMcMZtfT5wmLi1V5ovzZoyqhciQowRXm),  - [典型的工作和表现环境不符合刻意练习的要求](https://notes.andymatuschak.org/z3n21KMcMZtfT5wmLi1V5ovzZoyqhciQowRXm)
7,- … which are carefully designed (and continuously updated) for that purpose,- … 为目标精心设计（并持续更新）
8,  - [Expert coaches facilitate effective deliberate practice](https://notes.andymatuschak.org/z4cA6LFAy67tx7eG3TrvBpNmpMpYGW7n7K98U),  - [专业的教练会促进有效的刻意练习](https://notes.andymatuschak.org/z4cA6LFAy67tx7eG3TrvBpNmpMpYGW7n7K98U)
9,------,------
10,"- Deliberate practice is generally not regarded as enjoyable; it’s instrumental to improving their performance, not inherently motivating.",- 刻意练习不总是令人愉悦；它在提高表现上有用，但本质上却非激励。
11,"- Because deliberate practice is high effort, students can only practice for a limited time each day, and they need the opportunity to recover completely on a regular basis.",- 因为刻意练习需要高强度的努力，学生每日只能练习一定的时间，并且需要定期彻底地恢复精力。
12,- requires legibility for the the student: they must be able to see their progress,- （反馈）对学生而言是清晰的：他们必须能够看见自己的进步。
13,"- Deliberate practice is incremental: “Deliberate practice nearly always involves building or modifying previously acquired skills by focusing on particular aspects of those skills and working to improve them specifically; over time this step-by-step improvement will eventually lead to expert performance.” (Ericsson and Pool, 2016, p. 100)",- 刻意练习提升能力：「刻意训练基本上意味着培养或者提升最近习得的技能，方法是专注在这些技能的特定方面上并且专门去改进它们；一段时间之后，循序渐进的进步最终会带来专家级的表现。」（Eticsson and Pool，2016，p.100）
14,## References,## 参考文献
15,"Ericsson, K. A., Krampe, R. T., & Tesch-Römer, C. (1993). The role of deliberate practice in the acquisition of expert performance. *Psychological Review*, *100*(3), 363. [Ericsson et al - The Role of Deliberate Practice in the Acquisition of Expert Performance](https://notes.andymatuschak.org/z6xWa5QDyUmvuDqZ9Z7sANrfjf8sLoJ7BnspW)","Ericsson, K. A., Krampe, R. T., & Tesch-Römer, C. (1993). The role of deliberate practice in the acquisition of expert performance. *Psychological Review*, *100*(3), 363. [Ericsson et al - The Role of Deliberate Practice in the Acquisition of Expert Performance](https://notes.andymatuschak.org/z6xWa5QDyUmvuDqZ9Z7sANrfjf8sLoJ7BnspW)"
16,"Ericsson, A., & Pool, R. (2016). *Peak: Secrets from the New Science of Expertise* (1 edition). Eamon Dolan/Houghton Mifflin Harcourt. [Peak - Ericsson and Pool](https://notes.andymatuschak.org/z6Sx5DSLp1Jdt4wqvN36Xvregj6mQnCnFopmy)","Ericsson, A., & Pool, R. (2016). *Peak: Secrets from the New Science of Expertise* (1 edition). Eamon Dolan/Houghton Mifflin Harcourt. [Peak - Ericsson and Pool](https://notes.andymatuschak.org/z6Sx5DSLp1Jdt4wqvN36Xvregj6mQnCnFopmy)"
