﻿﻿0,"# Desirable difficulties, after Bjork",# Bjork ：「上帝啊，这个困难正合我意」——  合意困难
1,"[Desirable difficulties, after Bjork (andymatuschak.org)](https://notes.andymatuschak.org/z49u8mtc9wZoY7siV7nz4V3PG2oMkNBn7AgUk)","原文：[Desirable difficulties, after Bjork (andymatuschak.org)](https://notes.andymatuschak.org/z49u8mtc9wZoY7siV7nz4V3PG2oMkNBn7AgUk)"
2,Training activities can often be made more effective by introducing difficulties.,培训中如果刻意引入困难，效果往往更加显著。
3,Some examples which [Robert A. Bjork](https://notes.andymatuschak.org/zcHyJy8EutFjUfJcEUw7sYLJ4UVTmR3NDsYS) (1994) cites as improving long-term performance in experiments:,下列实验是 [Robert A. Bjork](https://notes.andymatuschak.org/zcHyJy8EutFjUfJcEUw7sYLJ4UVTmR3NDsYS)(1994年) 所举的例子，来说明合意困难提升长期表现：
4,- Shuffling heterogenous tasks rather than grouping repetitions by task type,- 将性质不同的任务混合在一起，而不是按任务类型给任务分组
5,- Varying the parameters of a task,- 改变任务的参数
6,- Varying the environmental context of learning sessions,- 改变学习课程的环境背景
7,- Creating “contextual interference” which requires more attention: e.g. by providing resources which differ in structural organization,- 创造「环境干扰」，提高所需注意力：比如让一些提供的资源在组织结构上有所不同
8,- Reducing the frequency of feedback (e.g. by providing aggregate feedback every N trials or by reducing the frequency of feedback over time),- 减少反馈频率（例如，每隔 N 次实验提供一次汇总的反馈，或者逐渐降低反馈的频率）。
9,"One consistent theme with all of these manipulations is that they reduce performance during the training activity itself, but they yield better longer-term outcomes. This reversal probably makes it difficult to adopt some of these manipulations in learning activities, since they’ll make learners feel like they aren’t learning as well. e.g. (Bjork, 1994 again):","这些措施有相同的意图，即降低训练时的表现，但提升长期结果。此类效果有悖于一般思路，因此设计学习活动时很难采取这些措施，因为学习者会感觉学习效果变差了。比如 (还是 Bjork, 1994)："
10,"> Such a conditioning process, over time, can act to shift the trainer toward manipulations that increase the rate of correct responding — that make the trainee’s life easier, so to speak. Doing that, of course, will move the trainer away from introducing the types of desirable difficulties summarized in the preceding section.",> 随着时间的推移，这样的调节过程让教练转向提高正确率的操作——从而使受训者轻松不少。当然，这样做会使教练远离上一节所总结的那些合意困难。
11,"Worse, there may be difficult institutional barriers: trainers may be evaluated by immediate (not long-term) performance; or they may not have a chance to observe long-term performance.",更糟糕的是存在制度性障碍的可能性：对教练的评价可能是基于当下（而非长期）的表现的；或者他们根本没有机会观察到长期的表现。
12,"Besides this short-term reversal, students may avoid “desirable difficulties” because they believe their memory/understanding to be stronger than it really is. Bjork suggests that “training is frequently non-optimal because it fails to incorporate the variability, delays, uncertainties, and other challenges the learner can be expected to face in a real-world job setting of some kind” (see also [Transfer learning](https://notes.andymatuschak.org/z2hEyCHQpB6UV8z4mYvto7FJud4zWVqZqfxJZ)).",除了这种短期的悖论，学生可能会主动避免「合意困难」，因为他们认为自己的记忆/理解比实际情况要强。Bjork 认为，「培训经常是非最佳的，因为在实际工作中，学习者会遇到很多变体情况，很多延迟，很多不确定性，而训练无法考虑到这些挑战。」（参见[迁移学习](https://notes.andymatuschak.org/z2hEyCHQpB6UV8z4mYvto7FJud4zWVqZqfxJZ)）。
13,------,------
14,Q. What counter-intuitive effect does increased difficulty have on performance in training tasks?,问：增加难度对训练任务的表现有什么反直觉的影响？
15,A. It typically harms performance during training but improves it in long-term measures.,答：基本上训练中表现会变差，但是长期看来表现更优秀
16,Q. Why might learners believe that introducing difficulties into practice sessions makes them learn less well?,问：为什么学习者可能认为在练习过程中引入困难后，他们学习效果会变差？
17,A. Added difficulties will often harm performance during practice (while increasing long-term performance).,答：增加困难往往会损害练习期间的表现（但同时提高长期表现）。
18,Q. Why might coaches be institutionally disincentivized from adding desirable difficulties to practice activities?,问：为什么现有制度不鼓励教练员在练习中加入合意困难？
19,A. They might be evaluated by students’ short-term performance.,答：对他们的评估可能是基于学生的短期表现。
20,Q. Why might trainers be unable to see the long-term impact of difficulties added to training exercises?,问：为什么教练通常无法意识到在训练中增加困难的长期作用？
21,"A. The training timeline may be too short to see improvements which may come from more difficult training activities. Alternately, they may never get to see real-world performance of their pupils.",答：因为训练时间太短，从而无法意识到更困难的练习可能带来的改进。另外，他们可能从未看到他们的学生在现实世界中的表现。
22,------,------
23,## References,## 参考文献
24,"Bjork, R. A. (1994). Memory and Metamemory Considerations in the Training of Human Beings. In J. Metcalfe & A. Shimamura (Eds.), Metacognition: Knowing about Knowing (pp. 185–205). MIT Press.","Bjork, R. A. (1994). Memory and Metamemory Considerations in the Training of Human Beings. In J. Metcalfe & A. Shimamura (Eds.), Metacognition: Knowing about Knowing (pp. 185–205). MIT Press."
25,## Backlinks,## 反向链接
26,- [Testing effect](https://notes.andymatuschak.org/z45mhbpabsigFceeSiRyDXZdvcRqvE2A1xMsn),- [测试效应](https://notes.andymatuschak.org/z45mhbpabsigFceeSiRyDXZdvcRqvE2A1xMsn)
27,"  - Retrieval practice leads to more durable long-term memory than simply studying material by e.g. re-reading, despite the fact that students will be less successful during practice itself (Roediger, 2006). Related: [Desirable difficulties, after Bjork](https://notes.andymatuschak.org/z49u8mtc9wZoY7siV7nz4V3PG2oMkNBn7AgUk).","  - 采用提取练习后，尽管学生在练习过程中的成功率降低了，但相比单纯通过重复阅读学习材料，练习得到的长期记忆更加持久 (Roediger, 2006)。相关文章：[合意困难（术语来自 Bjork）](https://notes.andymatuschak.org/z49u8mtc9wZoY7siV7nz4V3PG2oMkNBn7AgUk)。"
28,- [Transfer learning](https://notes.andymatuschak.org/z2hEyCHQpB6UV8z4mYvto7FJud4zWVqZqfxJZ),- [迁移学习](https://notes.andymatuschak.org/z2hEyCHQpB6UV8z4mYvto7FJud4zWVqZqfxJZ)
29,"  - See also [Desirable difficulties, after Bjork](https://notes.andymatuschak.org/z49u8mtc9wZoY7siV7nz4V3PG2oMkNBn7AgUk)",  - 另见[合意困难，来自 Bjork](https://notes.andymatuschak.org/z49u8mtc9wZoY7siV7nz4V3PG2oMkNBn7AgUk)
30,- [Two-component model of memory](https://notes.andymatuschak.org/z4dAUBxVn79XSWRxGZHnKRXCP5XHeX2P9sw3y),- [记忆的双组分模型](https://notes.andymatuschak.org/z4dAUBxVn79XSWRxGZHnKRXCP5XHeX2P9sw3y)
31,"  - Stability increases with each review, so that retrievability falls more slowly with each repetition (see [Spacing effect](https://notes.andymatuschak.org/z5oCe7JTrkYfmb6SHE4n5HxisE7PdwS6nmXEw)). Retrieval appears to increase stability more when retrievability is low: that is, [Less accessible memories are more reinforced by retrieval](https://notes.andymatuschak.org/z4JH6dnUaSv1TcxgSpaBofAaFXxUmC4M3APqQ) (see also [Desirable difficulties, after Bjork](https://notes.andymatuschak.org/z49u8mtc9wZoY7siV7nz4V3PG2oMkNBn7AgUk)). [Supermemo](https://notes.andymatuschak.org/z6Bub13H3u5SKX7Yzbt8GBuK86HPTXSU1TdAK) [tries to characterize this relationship with an exponential curve](https://supermemo.guru/wiki/Spacing_effect_gain), but the model complexity is high enough that I’m skeptical.",    - 每复习一次，稳定性随之而增加，因此每次复习之后，可提取性下降得更慢（见[间隔效应](https://notes.andymatuschak.org/z5oCe7JTrkYfmb6SHE4n5HxisE7PdwS6nmXEw)）。当可提取性较低时，提取似乎会更多地增加稳定性：也就是说，[较难获得的记忆通过提取得到更多强化](https://notes.andymatuschak.org/z4JH6dnUaSv1TcxgSpaBofAaFXxUmC4M3APqQ)（另见 [Bjork 提出的合意困难](https://notes.andymatuschak.org/z49u8mtc9wZoY7siV7nz4V3PG2oMkNBn7AgUk)）。[Supermemo](https://notes.andymatuschak.org/z6Bub13H3u5SKX7Yzbt8GBuK86HPTXSU1TdAK) [试图用指数曲线来描述这种关系](https://supermemo.guru/wiki/Spacing_effect_gain)，但 Supermemo 使用的模型太过复杂，我不得不对其持怀疑态度。
32,- [Spaced repetition memory systems make you feel like your memory is worse than it really is](https://notes.andymatuschak.org/z4vCGd9Gt715AXtqTXxoKjrEawbvT9o9NA6DC),- [间隔重复记忆系统让你觉得你的记忆力比实际情况差](https://notes.andymatuschak.org/z4vCGd9Gt715AXtqTXxoKjrEawbvT9o9NA6DC)
33,"  - See [Desirable difficulties, after Bjork](https://notes.andymatuschak.org/z49u8mtc9wZoY7siV7nz4V3PG2oMkNBn7AgUk)",  - 见[合意困难，来自 Bjork](https://notes.andymatuschak.org/z49u8mtc9wZoY7siV7nz4V3PG2oMkNBn7AgUk)
34,- [Spaced repetition memory prompts should ensure reviewers must retrieve answers from memory](https://notes.andymatuschak.org/z7XLLk9aqBtJLDtP9kemBA87bDtjhpxst1osT),- [间隔重复记忆卡片应确保复习者必须从记忆中提取出答案](https://notes.andymatuschak.org/z7XLLk9aqBtJLDtP9kemBA87bDtjhpxst1osT)
35,"  - Related: [Desirable difficulties, after Bjork](https://notes.andymatuschak.org/z49u8mtc9wZoY7siV7nz4V3PG2oMkNBn7AgUk)",  - 相关的：[合意困难，来自 Bjork](https://notes.andymatuschak.org/z49u8mtc9wZoY7siV7nz4V3PG2oMkNBn7AgUk)
36,- [2020-07-27](https://notes.andymatuschak.org/z4TfKLCSZriHjRaoo9NfKWtMbey6vLKY14Cj5),- [2020-07-27](https://notes.andymatuschak.org/z4TfKLCSZriHjRaoo9NfKWtMbey6vLKY14Cj5)
37,"  - 8:49: writing [Desirable difficulties, after Bjork](https://notes.andymatuschak.org/z49u8mtc9wZoY7siV7nz4V3PG2oMkNBn7AgUk)",  - 8:49：在写[合意困难，来自 Bjork](https://notes.andymatuschak.org/z49u8mtc9wZoY7siV7nz4V3PG2oMkNBn7AgUk)
38,"- [Do Students Need Fact Knowledge Before Higher Order Learning? Journal of Educational Psychology, 111, 189–209](https://notes.andymatuschak.org/Agarwal%2C_P._(2019)._Retrieval_Practice_%26_Bloom’s_Taxonomy)","- [Do Students Need Fact Knowledge Before Higher Order Learning? Journal of Educational Psychology, 111, 189-209](https://notes.andymatuschak.org/Agarwal%2C_P._(2019)._Retrieval_Practice_%26_Bloom's_Taxonomy)"
39,"  - The authors hoped to find evidence which can distinguish between three possible frameworks which might apply: [Desirable difficulties, after Bjork](https://notes.andymatuschak.org/z49u8mtc9wZoY7siV7nz4V3PG2oMkNBn7AgUk), [Transfer-appropriate processing](https://notes.andymatuschak.org/zgNZJ2DNTzbNNriAGHjbKTowViNr6yCuk6D), and “foundation of factual knowledge” (i.e. sequentialist [Bloom’s taxonomy](https://notes.andymatuschak.org/z2o43GMSejBW6vU4axsSTHit8hxaUBJYUTD8Z)).",  - 作者希望找到依据，用以区分三个可能加以运用的框架：[合意困难，来自 Bjork](https://notes.andymatuschak.org/z49u8mtc9wZoY7siV7nz4V3PG2oMkNBn7AgUk)，[适合迁移的加工](https://notes.andymatuschak.org/zgNZJ2DNTzbNNriAGHjbKTowViNr6yCuk6D)，和「事实知识的基础」（即顺序主义的[布卢姆分类学](https://notes.andymatuschak.org/z2o43GMSejBW6vU4axsSTHit8hxaUBJYUTD8Z)）。
40,"- [[Kang, S. H. K., McDermott, K. B., & Roediger, H. L. (2007). Test format and corrective feedback modify the effect of testing on long-term retention. European Journal of Cognitive Psychology, 19(4–5), 528–558. https://doi.org/10.1080/09541440601056620]]","- [[Kang, S. H. K., McDermott, K. B., & Roediger, H. L. (2007). Test format and corrective feedback modify the effect of testing on long-term retention. European Journal of Cognitive Psychology, 19(4–5), 528–558. https://doi.org/10.1080/09541440601056620]]"
41,"  \* Or is the best study format about retrieval effort ([Desirable difficulties, after Bjork](https://notes.andymatuschak.org/z49u8mtc9wZoY7siV7nz4V3PG2oMkNBn7AgUk))? Is the additional effort involved in the short answer questions the cause of increased memory performance? The data seem to suggest this interpretation, since studying via short answer produced the most reliable retention in any kind of post-test.",  \* 也许最佳的学习形式与提取的努力有关（[合意困难，来自 Bjork](https://notes.andymatuschak.org/z49u8mtc9wZoY7siV7nz4V3PG2oMkNBn7AgUk)）？简答题所涉及的额外努力是提高记忆表现的原因吗？数据似乎表明了这种解释，因为通过简答题的学习在任何一种事后测试中都能产生最可靠的保留。
42,"- [[Roediger, H. L., & Karpicke, J. D. (2006). The Power of Testing Memory: Basic Research and Implications for Educational Practice. Perspectives on Psychological Science, 1(3), 181–210. https://doi.org/10.1111/j.1745-6916.2006.00012.x]]","- [[Roediger, H. L., & Karpicke, J. D. (2006). The Power of Testing Memory: Basic Research and Implications for Educational Practice. Perspectives on Psychological Science, 1(3), 181–210. https://doi.org/10.1111/j.1745-6916.2006.00012.x]]"
43,"  \* Various experiments suggest that increased retrieval effort enhances later retention; this suggests that the retrieval process itself is at play in the testing effect. See also [Desirable difficulties, after Bjork](https://notes.andymatuschak.org/z49u8mtc9wZoY7siV7nz4V3PG2oMkNBn7AgUk).",  \* 各种实验表明，增加提取的努力能够增强知识的后续存留；这表明提取过程本身在测试效应中起作用。另见[合意困难，来自 Bjork](https://notes.andymatuschak.org/z49u8mtc9wZoY7siV7nz4V3PG2oMkNBn7AgUk)。
44,"- [[Slamecka, N. J., & Graf, P. (1978). The generation effect: Delineation of a phenomenon. Journal of Experimental Psychology: Human Learning & Memory, 4(6), 592–604. https://doi.org/10.1037/0278-7393.4.6.592]]","- [[Slamecka, N. J., & Graf, P. (1978). The generation effect: Delineation of a phenomenon. Journal of Experimental Psychology: Human Learning & Memory, 4(6), 592–604. https://doi.org/10.1037/0278-7393.4.6.592]]"
45,"  \* In the discussion, the authors note that the benefit can’t be attributed solely to a depth of processing argument (e.g. [Desirable difficulties, after Bjork](https://notes.andymatuschak.org/z49u8mtc9wZoY7siV7nz4V3PG2oMkNBn7AgUk)), since the rhyme rule doesn’t exhibit the effect less strongly than other much more complex rules.",  \* 在讨论中，作者指出，这种好处不能仅仅归因于加工深度的论据（例如[合意困难，来自 Bjork](https://notes.andymatuschak.org/z49u8mtc9wZoY7siV7nz4V3PG2oMkNBn7AgUk)），因为韵律规则表现出的效果并不比其他复杂得多的规则差。
