﻿﻿0,# Displacement activity,# 排遣行为
1,[Displacement activity (andymatuschak.org)](https://notes.andymatuschak.org/zgwn7ZQP99T8LDSjUiyBhGhU29VEUSabYws),原文：[Displacement activity (andymatuschak.org)](https://notes.andymatuschak.org/zgwn7ZQP99T8LDSjUiyBhGhU29VEUSabYws)
2,"Displacement activities are self-soothing activities which people (and animals) perform when they’re highly motivated to perform multiple behaviors, as well as when they’re unable to or uncertain how to proceed. The behaviors are also associated with stress and anxiety.",排遣行为，顾名思义，是人类（和动物）的一种自我安慰活动。当他们被打了鸡血，驱使自己去执行多种行为时，或者当他们不能、不确定如何做事时，他们可能会表现出这种行为。这种行为也与压力和焦虑有关。
3,"For example, people scratch their heads when they’re not sure which option to choose. Or they respond to urgent emails (or refresh social media) when they’re feeling anxious about challenging intellectual work: see also [Culturally default behaviors fill spare time with others’ ideas](https://notes.andymatuschak.org/zDoZS3Wt316napbdaBGU8C8WLVuyPeAu5Bi), [People prefer doing to thinking](https://notes.andymatuschak.org/zMHvnEVNVQyuU8Uhf4Wij7HnsCD3GgKpAds). Animals tend to groom, preen, or scratch in similar situations.",例如，在不知怎么选的时候人会挠头；再比如，人面临某些烧脑的工作时会感到焦虑，并且一边焦虑、一边刷微博或者回复紧急邮件：另请参阅[用别人的想法填满闲暇时间是一种文化习惯](https://notes.andymatuschak.org/zDoZS3Wt316napbdaBGU8C8WLVuyPeAu5Bi)，[人们更喜欢行动而不是思考](https://notes.andymatuschak.org/zMHvnEVNVQyuU8Uhf4Wij7HnsCD3GgKpAds)。而动物在类似情况下，往往会进行梳理、整理羽毛或搔抓。
4,See also [Team environments make it easy to fool yourself with displacement activities](https://notes.andymatuschak.org/z2Ayxr6VTGVtixrjx4iCBRLadxZuJDu27izP).,另见[团队环境让你很容易用排遣行为来欺骗自己](https://notes.andymatuschak.org/z2Ayxr6VTGVtixrjx4iCBRLadxZuJDu27izP)。
5,------,------
6,Q. When do animals perform displacement activities?,问：动物在什么情况下会表现出排遣行为？
7,A. When stressed or anxious; when uncertain or torn about how to proceed.,答：当感到压力或者焦虑时；当感到无法确定地着手做某事，或者对它内耗时。
8,Q. How do knowledge workers manifest displacement activities?,问：知识工作者的排遣行为会是怎样的？
9,A. Doing lots of simple urgent tasks instead of the highly uncertain but important tasks.,答：做很多紧急但不重要的任务，而不是高度不确定但重要的 TODO。
