﻿﻿0,# Elaborative encoding,# 精细编码
1,[Elaborative encoding (andymatuschak.org)](https://notes.andymatuschak.org/z3ZTBNhJddpewTBgbKAFy2cnSMBiJRpMZWsfB),原文：[Elaborative encoding (andymatuschak.org)](https://notes.andymatuschak.org/z3ZTBNhJddpewTBgbKAFy2cnSMBiJRpMZWsfB)
2,"“Elaborative encoding” describes what we do when we relate knowledge to existing memories or experiences. Making these connections is thought to improve recall, particularly when connections are made to especially distinctive and emotionally-connected targets.",「精细编码」描述了将知识与现有记忆或经历建立联系的过程。一般认为，建立这样的联系有助于回忆，特别是与十分独特或有情感连接的目标建立联系时。
3,"It’s most often used in mnemonic methods, where people might remember numbers by relating them to celebrities, places, smells, etc.",精细编码最常用于助记法：记忆数字时，将数字与名人、地点、气味等事物建立联系。
4,"Some [Spaced repetition memory system](https://notes.andymatuschak.org/z4eXdSMJFv2qVGXSUEKH4vdcHBrLHcFY1ZGfC) users explicitly write prompts to promote elaborative encoding. Experiments by Karpicke and Smith (2012) suggest this may not be adding much, vs. retrieval practice alone. Related: [Retrieval practice appears to be a more effective learning activity than elaborative encoding](https://notes.andymatuschak.org/z6z7GhYwjvT6eYbBDQgUbmcshywmskqnVs3Y6).",一些[间隔重复记忆系统](https://notes.andymatuschak.org/z4eXdSMJFv2qVGXSUEKH4vdcHBrLHcFY1ZGfC)的用户会特意写出卡片，以促进精细编码。Karpicke 和 Smith 的实验（2012）表明，与只进行提取练习相比，这样做的好处并不大。相关文章： [提取练习似乎是一种比精细编码更有效的学习活动](https://notes.andymatuschak.org/z6z7GhYwjvT6eYbBDQgUbmcshywmskqnVs3Y6)。
5,## References,## 参考文献
6,"[Karpicke, J. D., & Blunt, J. R. (2011). Retrieval Practice Produces More Learning than Elaborative Studying with Concept Mapping. Science, 331(6018), 772–775.](https://notes.andymatuschak.org/z78CeJK6CpQWhzruLZZ8cVxeQ2WaHgzHNmHsq)","[Karpicke, J. D., & Blunt, J. R. (2011). Retrieval Practice Produces More Learning than Elaborative Studying with Concept Mapping. Science, 331(6018), 772–775.](https://notes.andymatuschak.org/z78CeJK6CpQWhzruLZZ8cVxeQ2WaHgzHNmHsq)"
7,[\/\/doi.org\/10.1016\/j.jml.2012.02.004](https://notes.andymatuschak.org/Karpicke%2C_J._D.%2C_%26_Smith%2C_M._A._(2012)._Separate_mnemonic_effects_of_retrieval_practice_and_elaborative_encoding._Journal_of_Memory_and_Language%2C_67(1)%2C_17–29._https),[\/\/doi.org\/10.1016\/j.jml.2012.02.004](https://notes.andymatuschak.org/Karpicke%2C_J._D.%2C_%26_Smith%2C_M._A._(2012)._Separate_mnemonic_effects_of_retrieval_practice_and_elaborative_encoding._Journal_of_Memory_and_Language%2C_67(1)%2C_17–29._https)
8,## Backlinks,## 反向链接
9,- [Evergreen notes should be densely linked](https://notes.andymatuschak.org/z2HUE4ABbQjUNjrNemvkTCsLa1LPDRuwh1tXC),- [常青笔记之间应该建立大量链接](https://notes.andymatuschak.org/z2HUE4ABbQjUNjrNemvkTCsLa1LPDRuwh1tXC)
10,"  - If we push ourselves to add lots of links between our notes, that makes us think expansively about what other concepts might be related to what we’re thinking about. It creates pressure to think carefully about how ideas relate to each other (see [Understanding requires effortful engagement](https://notes.andymatuschak.org/zX1WtJ4ouE8sjN1NgWHsGVg8ZnVfp5Kz74Vs) and [Evergreen notes should be concept-oriented](https://notes.andymatuschak.org/z6bci25mVUBNFdVWSrQNKr6u7AZ1jFzfTVbMF)). It’ll also help you internalize the ideas more deeply through [Elaborative encoding](https://notes.andymatuschak.org/z3ZTBNhJddpewTBgbKAFy2cnSMBiJRpMZWsfB).",  - 强迫自己在笔记之间添加大量链接，我们便能打开视野，围绕眼下关心的问题，考虑还有些概念能与其关联。添加链接的行为施加了一种压力，促使我们仔细思考各个概念如何联系彼此（见[理解概念需与其尽力较量](https://notes.andymatuschak.org/zX1WtJ4ouE8sjN1NgWHsGVg8ZnVfp5Kz74Vs)和[常青笔记应该面向概念](https://notes.andymatuschak.org/z6bci25mVUBNFdVWSrQNKr6u7AZ1jFzfTVbMF)），同时也实现了[精细编码](https://notes.andymatuschak.org/z3ZTBNhJddpewTBgbKAFy2cnSMBiJRpMZWsfB)，使我们更深入地内化这些想法。
11,- [Testing effect](https://notes.andymatuschak.org/z45mhbpabsigFceeSiRyDXZdvcRqvE2A1xMsn),- [测试效应](https://notes.andymatuschak.org/z45mhbpabsigFceeSiRyDXZdvcRqvE2A1xMsn)
12,"  - It also seems to lead to more durable memory (Karpicke and Smith, 2012) and improved learning performance in general (Karpicke and Blunt, 2011) relative to [Elaborative encoding](https://notes.andymatuschak.org/z3ZTBNhJddpewTBgbKAFy2cnSMBiJRpMZWsfB)-based practice alone.","  - 总体而言，与只基于[精细编码](https://notes.andymatuschak.org/z3ZTBNhJddpewTBgbKAFy2cnSMBiJRpMZWsfB)的练习相比，测试效应似乎还能带来更持久的记忆 (Karpicke and Smith, 2012)，并改善学习表现 (Karpicke and Blunt, 2011)。"
13,"- [Karpicke, J. D., & Blunt, J. R. (2011). Retrieval Practice Produces More Learning than Elaborative Studying with Concept Mapping. Science, 331(6018), 772–775.](https://notes.andymatuschak.org/z78CeJK6CpQWhzruLZZ8cVxeQ2WaHgzHNmHsq)","- [Karpicke, J. D., & Blunt, J. R. (2011). Retrieval Practice Produces More Learning than Elaborative Studying with Concept Mapping. Science, 331(6018), 772–775.](https://notes.andymatuschak.org/z78CeJK6CpQWhzruLZZ8cVxeQ2WaHgzHNmHsq)"
14,"  - Experiment comparing [Concept mapping](https://notes.andymatuschak.org/z88WWcjQ3JXgNMd2eq9yeStASEfqJwE4dp5) (invoking [Elaborative encoding](https://notes.andymatuschak.org/z3ZTBNhJddpewTBgbKAFy2cnSMBiJRpMZWsfB)) vs. retrieval practice (invoking [Testing effect](https://notes.andymatuschak.org/z45mhbpabsigFceeSiRyDXZdvcRqvE2A1xMsn)) on memory. Like Karpicke and Smith (2012), this paper is also interested in whether the effects of retrieval practice seem to be *due to* elaborative encoding, or whether there’s some other process going on.",  - 实验比较了概念图（调用[精细编码](https://notes.andymatuschak.org/z3ZTBNhJddpewTBgbKAFy2cnSMBiJRpMZWsfB)）与提取练习（调用[测试效应](https://notes.andymatuschak.org/z45mhbpabsigFceeSiRyDXZdvcRqvE2A1xMsn)）对记忆的影响。与 Karpicke 和 Smith（2012）一样，本文也对提取练习的效果是否可能**取决于**精细编码，或者是否有其他过程发生感兴趣。
15,- [Spaced repetition memory prompts should connect and relate ideas](https://notes.andymatuschak.org/z49EwwPL1CzKHTyLHXwJJH7hsciCg772Vm5WJ),- [间隔重复记忆卡片应关联和联系概念](https://notes.andymatuschak.org/z49EwwPL1CzKHTyLHXwJJH7hsciCg772Vm5WJ)
16,"  - When using a [Spaced repetition memory system](https://notes.andymatuschak.org/z4eXdSMJFv2qVGXSUEKH4vdcHBrLHcFY1ZGfC) to learn facts, the naive approach leads to learning a lot of facts in isolation: the name of a protein, the date of an event, the size of a physical constant. But because [Rich understanding is about connection](https://notes.andymatuschak.org/z8LFKKV15V11DpHdrybyvcaXcVfcRNqVqVCTD), it’s better to relate these facts to other ideas. This will both help you remember more reliably (due to [Elaborative encoding](https://notes.andymatuschak.org/z3ZTBNhJddpewTBgbKAFy2cnSMBiJRpMZWsfB)) but also help you develop a richer understanding that goes beyond simple facts.",    - 当使用[间隔重复记忆系统](https://notes.andymatuschak.org/z4eXdSMJFv2qVGXSUEKH4vdcHBrLHcFY1ZGfC)来学习事实时，天真的方法会导致孤立地学习很多事实：一种蛋白质的名称、一个事件的日期、一个物理常数的大小。但是因为[丰富的理解在于联系](https://notes.andymatuschak.org/z8LFKKV15V11DpHdrybyvcaXcVfcRNqVqVCTD)，最好是将这些事实与其他想法联系起来。这既能帮助你更可靠地记忆（由于[精细编码](https://notes.andymatuschak.org/z3ZTBNhJddpewTBgbKAFy2cnSMBiJRpMZWsfB)），也能帮助你形成更丰富的理解，超越简单的事实。
17,"- [Expert response heuristic, after Issa Rice](https://notes.andymatuschak.org/zEfpMY7F12gQ6NcbycHCNdpXqxb2mxdkJiX)",- [专家回答启发式，来自 Issa Rice](https://notes.andymatuschak.org/zEfpMY7F12gQ6NcbycHCNdpXqxb2mxdkJiX)
18,"  - When a prompt fails this heuristic, it’s usually encoding author-specific interpretation, framing, example, wording, etc. This is often helpful, particularly as a sort of [Elaborative encoding](https://notes.andymatuschak.org/z3ZTBNhJddpewTBgbKAFy2cnSMBiJRpMZWsfB) or a way of cultivating emotional interest. But it can also produce parochial understanding. In the case of shared prompts, or of the mnemonic medium, such prompts can produce frustrating false negatives, since they ask readers to learn how a specific source presents material: [Mnemonic medium readers sometimes feel impeded by authors’ wording choices](https://notes.andymatuschak.org/zMFKJdtNGpucVUcitRVJiMxfyoNY4A4c2Bd).",    - 当一张卡片不能用上这种启发式方法时，它通常是在编码作者特定的解释、框架、例子、措辞等。这通常很有帮助，特别是作为一种[精细编码](https://notes.andymatuschak.org/z3ZTBNhJddpewTBgbKAFy2cnSMBiJRpMZWsfB)或培养情感兴趣的一种方式。但它也可能产生偏狭的理解。在使用共享卡片或助记媒介的情况下，这种卡片会产生令人沮丧的假阴性，因为它们要求读者学习卡片作者如何呈现材料：[助记媒介的读者有时会因为作者的措辞选择而感到受阻](https://notes.andymatuschak.org/zMFKJdtNGpucVUcitRVJiMxfyoNY4A4c2Bd)。
19,- [Writing one’s own spaced repetition prompts seems to promote understanding](https://notes.andymatuschak.org/z219EBYg9SbQzF372qudzgJpArt4Bmfhrczkg),- [亲自写间隔重复卡片似乎能促进理解](https://notes.andymatuschak.org/z219EBYg9SbQzF372qudzgJpArt4Bmfhrczkg)
20,"  - Related: [Generation effect](https://notes.andymatuschak.org/z3iJVoXtJBUJHq9Tb6i8Kv4EK7oNbriHh4N2y), [Elaborative encoding](https://notes.andymatuschak.org/z3ZTBNhJddpewTBgbKAFy2cnSMBiJRpMZWsfB)","  - 相关笔记：[生成效应](https://notes.andymatuschak.org/z3iJVoXtJBUJHq9Tb6i8Kv4EK7oNbriHh4N2y), [精细编码](https://notes.andymatuschak.org/z3ZTBNhJddpewTBgbKAFy2cnSMBiJRpMZWsfB)"
21,- [Rich understanding is about connection](https://notes.andymatuschak.org/z8LFKKV15V11DpHdrybyvcaXcVfcRNqVqVCTD),- [丰富的理解在于联系](https://notes.andymatuschak.org/z8LFKKV15V11DpHdrybyvcaXcVfcRNqVqVCTD)
22,  - This is in part about [Elaborative encoding](https://notes.andymatuschak.org/z3ZTBNhJddpewTBgbKAFy2cnSMBiJRpMZWsfB).,  - 这部分内容是关于[精细编码](https://notes.andymatuschak.org/z3ZTBNhJddpewTBgbKAFy2cnSMBiJRpMZWsfB)。
23,- [2020-11-01 – 2020-11-07](https://notes.andymatuschak.org/z2jtKy8tjoEMhzzbgFMnf61BXYe1dkNgKrssE),- [2020-11-01 – 2020-11-07](https://notes.andymatuschak.org/z2jtKy8tjoEMhzzbgFMnf61BXYe1dkNgKrssE)
24,"  - Better understanding of [Testing effect](https://notes.andymatuschak.org/z45mhbpabsigFceeSiRyDXZdvcRqvE2A1xMsn) and [Generation effect](https://notes.andymatuschak.org/z3iJVoXtJBUJHq9Tb6i8Kv4EK7oNbriHh4N2y), read a bunch of papers around that. Incrementally better understanding of [Elaborative encoding](https://notes.andymatuschak.org/z3ZTBNhJddpewTBgbKAFy2cnSMBiJRpMZWsfB). A nice review paper:",    - 对[测试效应](https://notes.andymatuschak.org/z45mhbpabsigFceeSiRyDXZdvcRqvE2A1xMsn)和[生成效应](https://notes.andymatuschak.org/z3iJVoXtJBUJHq9Tb6i8Kv4EK7oNbriHh4N2y)有了更好的理解，围绕这个问题读了一堆论文。对[精细编码](https://notes.andymatuschak.org/z3ZTBNhJddpewTBgbKAFy2cnSMBiJRpMZWsfB)的理解逐渐加深。一篇不错的综述文章：
25,"- [[Karpicke, J. D., & Smith, M. A. (2012). Separate mnemonic effects of retrieval practice and elaborative encoding. Journal of Memory and Language, 67(1), 17–29.","- [[Karpicke, J. D., & Smith, M. A. (2012). Separate mnemonic effects of retrieval practice and elaborative encoding. Journal of Memory and Language, 67(1), 17–29."
26,https://doi.org/10.1016/j.jml.2012.02.004]],https://doi.org/10.1016/j.jml.2012.02.004]]
27,"\* Is the [Testing effect](https://notes.andymatuschak.org/z45mhbpabsigFceeSiRyDXZdvcRqvE2A1xMsn) produced by [Elaborative encoding](https://notes.andymatuschak.org/z3ZTBNhJddpewTBgbKAFy2cnSMBiJRpMZWsfB)? When you review prompts in a [Spaced repetition memory system](https://notes.andymatuschak.org/z4eXdSMJFv2qVGXSUEKH4vdcHBrLHcFY1ZGfC), you give yourself an opportunity to form new connections based on your current context and the different thoughts you have during the review session.",\* ＊[测试效应](https://notes.andymatuschak.org/z45mhbpabsigFceeSiRyDXZdvcRqvE2A1xMsn)是由[精细编码](https://notes.andymatuschak.org/z3ZTBNhJddpewTBgbKAFy2cnSMBiJRpMZWsfB)产生的吗？当你在[间隔重复记忆系统](https://notes.andymatuschak.org/z4eXdSMJFv2qVGXSUEKH4vdcHBrLHcFY1ZGfC)中复习卡片时，你给自己一个机会，根据你当前的上下文和复习过程中产生的不同想法形成新的联系。
