﻿﻿0,# Enabling environment,# 赋能环境
1,[Enabling environment (andymatuschak.org)](https://notes.andymatuschak.org/z3DaBP4vN1dutjUgrk3jbEeNxScccvDCxDgXe),原文：[Enabling environment (andymatuschak.org)](https://notes.andymatuschak.org/z3DaBP4vN1dutjUgrk3jbEeNxScccvDCxDgXe)
2,An *enabling environment* significantly expands its participants’ capacity to do things they find meaningful and important.,**赋能环境**极大地扩展了其参与者的能力，使他们能够做他们认为有意义和重要的事情。
3,"Schools ostensibly aspire to this purpose, but [Educational objectives often subvert themselves](https://notes.andymatuschak.org/z6qfYv9SPx6M9FZPzVj7o4qVRD1iTGJpMfz6J) in large part because [Enabling environments’ activities directly serve an intrinsically meaningful purpose](https://notes.andymatuschak.org/z7wh92mfgXNTLk8AhaaLxsViQuzqGY5cV56Vm). In general, [Enabling environments focus on creating opportunities for growth and action, not on skill-building](https://notes.andymatuschak.org/z5th5bWm6VhB6PPbYB97gUKMdnaZe5atntRza).",表面上学校应追求这一目的，但[教育计划往往会自我颠覆](https://notes.andymatuschak.org/z6qfYv9SPx6M9FZPzVj7o4qVRD1iTGJpMfz6J)，很大程度上是因为[赋能环境的活动直接服务于本身有意义的目的](https://notes.andymatuschak.org/z7wh92mfgXNTLk8AhaaLxsViQuzqGY5cV56Vm)。一般来说，[赋能环境着重为成长和行动创造机会，而不是培养技能](https://notes.andymatuschak.org/z5th5bWm6VhB6PPbYB97gUKMdnaZe5atntRza)。
4,"Many other social institutions represent powerful enabling environments. Highly functional corporations are often great examples of enabling environments. In these organizations, new employees might feel far more personally capable than they ever had before, even after many years of experience. Likewise, [Y Combinator](https://notes.andymatuschak.org/z2kQbKXThuY4FrdXVcE7JCt974sPATVhSpita) is an enabling environment.",许多其他社会机构代表着强大的赋能环境。运转良好的公司往往是赋能环境的典范。在这些组织中，新员工可能会觉得自己的个人能力远远超过以前，即使他已有多年的从业经验。同样，[Y Combinator](https://notes.andymatuschak.org/z2kQbKXThuY4FrdXVcE7JCt974sPATVhSpita) 也是赋能环境。
5,"Great software environments are enabling environments. Photoshop expands experts’ range of artistic expression and unlocks previously-rarefied photo enhancement techniques for novices. Software development tools enable teenagers to make games and distribute them to millions at zero marginal cost. By contrast, [Most games aren’t enabling environments](https://notes.andymatuschak.org/z6DCZK1JtHU3waXWTk5UbNt3kXU4WRT9EwNND), and [Educational games are a doomed approach to creating enabling environments](https://notes.andymatuschak.org/z7wPt3dxX5hp6LK3PLUBTJXxk7kAhMuh8UDck).",伟大的软件环境是赋能环境。Photoshop 扩大了专家的艺术表达范围，并为新手解锁了曾经是阳春白雪的照片增强技术。软件开发工具使青少年能够制作游戏，并以零边际成本将其分发给数百万人。相比之下，[大多数游戏都不是赋能环境](https://notes.andymatuschak.org/z6DCZK1JtHU3waXWTk5UbNt3kXU4WRT9EwNND)，以及[教育游戏是注定失败的创造赋能环境的方法](https://notes.andymatuschak.org/z7wPt3dxX5hp6LK3PLUBTJXxk7kAhMuh8UDck)。
6,Books and videos rarely deliver here: [Mass mediums are typically bad at helping people translate ideas to practice](https://notes.andymatuschak.org/zu8VWFVs7gxjMN75cfo1eNDmKnUBPtCzgAM).,书籍和视频很少能实现赋能环境：[大众媒介通常不善于帮助人们将想法转化为实践](https://notes.andymatuschak.org/zu8VWFVs7gxjMN75cfo1eNDmKnUBPtCzgAM)。
7,A collection of densely-connected [Evergreen notes](https://notes.andymatuschak.org/z4SDCZQeRo4xFEQ8H4qrSqd68ucpgE6LU155C) can be an enabling environment for the author: [Evergreen note-writing helps insight accumulate](https://notes.andymatuschak.org/z6cFzJWgj9vZpnrQsjrZ8yCNREzCTgyFeVZTb). (See also [Evergreen note-writing as fundamental unit of knowledge work](https://notes.andymatuschak.org/z3SjnvsB5aR2ddsycyXofbYR7fCxo7RmKW2be)),一批联系紧密的[常青笔记](https://notes.andymatuschak.org/z4SDCZQeRo4xFEQ8H4qrSqd68ucpgE6LU155C)可以为作者提供赋能环境：[常青笔记有助于积累洞见](https://notes.andymatuschak.org/z6cFzJWgj9vZpnrQsjrZ8yCNREzCTgyFeVZTb)。（参见[常青笔记充当知识工作的基本单位](https://notes.andymatuschak.org/z3SjnvsB5aR2ddsycyXofbYR7fCxo7RmKW2be)）
8,## Designing enabling environments,## 设计赋能环境
9,"Enabling environments are generally authored, but [Powerful enabling environments usually arise as a byproduct of projects pursuing their own intrinsically meaningful purposes](https://notes.andymatuschak.org/z4N6d29XL2PZXCa64HPcxA64RGWDb6Cagc1gs). [Authored environments are significantly colored by authors’ motivations](https://notes.andymatuschak.org/z34mYTEEEQcrywWkoNnz1Fzr8NmwaDsVRNgTK); that often means [Powerful enabling environments focus on expert use](https://notes.andymatuschak.org/z8jg7T3YhvyXiEpy4humYAioLUEjnrdZgwHYs).",赋能环境一般都是自创的，但是[强大的赋能环境通常作为副产品产生于在追求其自身内在意义的项目时](https://notes.andymatuschak.org/z4N6d29XL2PZXCa64HPcxA64RGWDb6Cagc1gs)。[自创环境极大程度受作者的动机塑造](https://notes.andymatuschak.org/z34mYTEEEQcrywWkoNnz1Fzr8NmwaDsVRNgTK)；这往往意味着[强大的赋能环境注重专业级用例](https://notes.andymatuschak.org/z8jg7T3YhvyXiEpy4humYAioLUEjnrdZgwHYs)。
10,[Designing new enabling environments can be framed as designing a University++](https://notes.andymatuschak.org/z7VvaRXqJ9ftH18TPKpySuRiEkLj9N9MFLQAW),[设计新的赋能环境相当于设计大学++](https://notes.andymatuschak.org/z7VvaRXqJ9ftH18TPKpySuRiEkLj9N9MFLQAW)
11,Challenges in authoring enabling environments:,设计赋能环境的挑战：
12,- [Enabling environments focus on doing what’s enabled](https://notes.andymatuschak.org/z6tuZZKaNeLM7c9jPZwNVGURGTuXLy8jesv5i),- [赋能环境着重于环境所赋能的事](https://notes.andymatuschak.org/z6tuZZKaNeLM7c9jPZwNVGURGTuXLy8jesv5i)
13,Some mechanisms for designing these environments ::TODO expand into notes:::,设计这些环境的一些机制 ::TODO 扩展为笔记:::
14,- design representations which expand the range of action for a participant’s existing expertise / efforts; e.g.:,- 设计一些表征，从而扩大参与者现有专业知识/努力的行动范围；例如：
15,  - Photoshop’s content-aware resize tool,  - Photoshop 的内容感知的调整大小工具
16,  - checklists in airplanes/hospitals,    - 飞机/医院的检查清单
17,- design representations which expand the upper bounds on participants’ capacity; e.g.:,- 设计扩大参与者能力上限的表征；例如：
18,  - Arabic numerals,  - 阿拉伯数字
19,  - non-linear video editing,  - 非线性视频编辑
20,- design representations which subsume the expressive range of existing representations but with lower / different effort / expertise demands; e.g.:,- 设计包含现有表征的表达范围的表征，但对努力/专业知识的要求较低/不同；例如:
21,  - Figma’s vector network bezier tool vs. Photoshop’s pen tool,    - Figma 的矢量网络 bezier 工具与 Photoshop 的钢笔工具
22,  - automatic retain counting in Rust and Objective-C vs. manual retain counting,  - Rust 和 Objective-C 中的自动保留计数与手动保留计数
23,- design representations which subsume the expressive range of existing representations but with smoother effort / expertise on-ramps; e.g.:,- 设计包含现有表述范围的表述，但努力/专业技能的提升曲线更平滑；例如：
24,  - SICP,  - SICP
25,  - Minecraft’s 3D editor vs. pre-existing voxel editors,  - Minecraft 的 3D 编辑器与先前存在的体素编辑器的比较
26,"  - (many existing environments here, like SICP and most executable notebooks, interplay weakly with where the enabled action happens, which significantly limits their power)","  - （这里的许多现有环境，如 SICP 和大多数可执行的笔记本 （译者注：如 Jupyter, Pluto），与被赋能的行动发生的地方相互影响很弱，这大大限制了它们的力量）"
27,"  - (here’s the opportunity for dynamic [Cognitive scaffolding](https://notes.andymatuschak.org/z8ZWYXFwXV38qiCgRx7zf2ySy9WCxWvcizNVr), [Enacted experiences amplify the power of narrative](https://notes.andymatuschak.org/zhZFC1LFDwAcsgJAdaKEDnSHyrf1bR954Ssb), and some other Primer design elements)",  - （这里有动态的[认知脚手架](https://notes.andymatuschak.org/z8ZWYXFwXV38qiCgRx7zf2ySy9WCxWvcizNVr)、[情景体验放大了叙述的力量](https://notes.andymatuschak.org/zhZFC1LFDwAcsgJAdaKEDnSHyrf1bR954Ssb)和其他一些 Primer 设计元素的机会）
