﻿﻿0,# Enacted experience,# 情景体验
1,[Enacted experience (andymatuschak.org)](https://notes.andymatuschak.org/z3KASfpz5AmNmqM2m517Jbs1EvXrLN7NkeYWH),原文：[Enacted experience (andymatuschak.org)](https://notes.andymatuschak.org/z3KASfpz5AmNmqM2m517Jbs1EvXrLN7NkeYWH)
2,"An *enacted experience* is an experience which participants feel they’ve brought about—but which, in reality, is the largely-specified expression of an author’s intentions. This is a powerful mechanism because [Enacted experiences can create intense personal connection to authored targets](https://notes.andymatuschak.org/z6rE2jCvARneUxogtFCTMafzJvYEKWFgb51c2).",**情景体验**是在活动中，那些让参与者觉得发自自我，而实际却非如此的体验 —— 实际上，它主要是作者意图的特定表达。这个机制很强大，因为[情景体验可以创造出服务于作者目标的强烈个人联系](https://notes.andymatuschak.org/z6rE2jCvARneUxogtFCTMafzJvYEKWFgb51c2)。
3,(n.b. I use the term “enaction” differently from Bruner: [Jerome Bruner and enaction](https://notes.andymatuschak.org/z26hAmiubJzJ9NSxE9xx5FBrY6eiBiHruuVGj)),（注：我对「情景」一词的用法与 Bruner 不同：[Jerome Bruner 与「情境」](https://notes.andymatuschak.org/z26hAmiubJzJ9NSxE9xx5FBrY6eiBiHruuVGj)）
4,## Examples and counter-examples,## 例子和反例
5,"Many elements of a [Y Combinator](https://notes.andymatuschak.org/z2kQbKXThuY4FrdXVcE7JCt974sPATVhSpita) batch are enacted experiences: carefully-arranged dinners, timelines, pressures, etc. combine to produce intended experiences. Savvy professionals often create enacted experiences in meetings: they structure the agenda and framing so that attendees will inevitably arrive at the desired beliefs or conclusions, but each person will feel that they brought that about for themselves.",[Y Combinator](https://notes.andymatuschak.org/z2kQbKXThuY4FrdXVcE7JCt974sPATVhSpita) 中许多元素都是情境体验：精心安排的晚餐、时间表、压力等元素结合起来，产生了预期的体验。精明的专业人员经常在会议中创造情景体验：他们构建议程和框架的方式，使与会者不可避免地得出设计者预期中的信念或结论，但每个人都觉得是他们自己独立思考的结果。
6,"Good video games are structured so that at any given moment, players feel as though their cumulative actions have *created* their present experience. And they feel their ongoing actions *enact* future experiences—they’ll bring those states into being. This sense will occur in any [Participatory environment](https://notes.andymatuschak.org/z63gaUtZqb9mMUKRf85UhtEFPMgBBJbqvT2r8), but in games, designers can exert strong authorial control over *which* experiences players will enact.",好的电子游戏是结构化的，因此站在游戏的任何时刻，玩家会感到当下的体验由自己一点一滴往前的的行为所**创造**；而往后的体验，又来自自己当下行动的**制订** —— 他们会代入这些状态。这种感觉会出现在任何[参与式环境](https://notes.andymatuschak.org/z63gaUtZqb9mMUKRf85UhtEFPMgBBJbqvT2r8)中，但在游戏中，狗策划可以对玩家将体验到的情景进行强有力的控制。
7,"Game designers like Jenova Chen, [Frank Lantz](https://notes.andymatuschak.org/z63CNoeqmkF3oAGJdVchqFHUi2wYvVfU2znRN), and Jonathan Blow create fiddles which play their players. They create environments in which players are the ones pressing the buttons, and players feel intuitively that they’re bringing each moment about, but the buttons are arranged such that players’ actions typically create exactly the intended experience. In good games, players will feel they’ve enacted the authored experience even when they had no real agency. This gives game designers unique opportunities for expression: [Games are an aesthetic medium of action](https://notes.andymatuschak.org/z5LACRpfDs6pfGiJV5RjixDj6cMsPQoQrSj3s).",像 Jenova Chen、[Frank Lantz](https://notes.andymatuschak.org/z63CNoeqmkF3oAGJdVchqFHUi2wYvVfU2znRN) 和 Jonathan Blow 这样的游戏设计师，创造了专门用来摆弄玩家的 “小提琴”，即这样一个环境，玩家在其中按下按钮，直观地感觉自己带来了每一个 moment，但按钮会经过精心设计，玩家的行动创造的感觉，通常完全来自设计师所预设的反馈。在好的游戏中，玩家会觉得他们已经达到了创造的体验，即使他们不是真正的主导者。这给了游戏设计师独特的表达机会：[游戏是一种行动的审美媒介](https://notes.andymatuschak.org/z5LACRpfDs6pfGiJV5RjixDj6cMsPQoQrSj3s)。
8,"This is an unusual property for a media form. In film and in books, the viewer/reader feels at any given moment that the author has created that moment. If the work is done very skillfully, the viewer/reader may feel that the *characters* or their environment have created that moment. But viewers/readers certainly don’t feel that *their* actions created the moment.",对于媒体形式来说，这是一个不寻常的属性。在电影和书籍中，观众/读者在任何特定的时刻都会觉得是作者创造了那个时刻。如果作品做得非常巧妙，观众/读者可能会觉得是**人物**或他们的环境创造了那个时刻。但观众/读者肯定不会觉得是**他们的**行为创造了这一时刻。
9,"The closest non-game media analogue might be immersive theater, but participation is often too passive to create this effect.",最接近的非游戏媒体类似物可能是沉浸式戏剧，但参与往往过于被动，无法创造这种效果。
10,"Software environments are participatory, and users generally believe they bring experiences in those systems about, but those experiences are usually not the controlled expression of the software designer’s intentions. So software environments rarely produce enacted experiences.",软件环境是参与性的，用户通常认为他们在这些系统中获得一些体验，但这些体验通常不是设计者意图的受控表达。所以，软件环境很少产生情景体验。
11,## Elements,## 要素
12,"- Definitionally, any environment which produces an enacted experience must be a [Participatory environment](https://notes.andymatuschak.org/z63gaUtZqb9mMUKRf85UhtEFPMgBBJbqvT2r8).",- 从定义上讲，任何产生情景体验的环境都必须是[参与性环境](https://notes.andymatuschak.org/z63gaUtZqb9mMUKRf85UhtEFPMgBBJbqvT2r8)。
13,- [Enacted experiences require participant-situated cause and effect](https://notes.andymatuschak.org/z3JVez8dDfxTHY1K9tHUfLLcgLkUmXQ2HKXUU),- [情景体验需要参与者置身的因果关系](https://notes.andymatuschak.org/z3JVez8dDfxTHY1K9tHUfLLcgLkUmXQ2HKXUU)
14,- [Enacted experiences require blocking on participant action](https://notes.andymatuschak.org/z3k51usSRurffGVzeRMc7EBaeKRNMvWiPMmBH),- [情景体验需要阻断参与者的行动](https://notes.andymatuschak.org/z3k51usSRurffGVzeRMc7EBaeKRNMvWiPMmBH)
15,- [Enacted experiences require tight action–feedback loops](https://notes.andymatuschak.org/zds1dqKLyJLp9LXP5K424urzhQFQSUK5wYrC),- [情景体验需要紧密的行动-反馈循环](https://notes.andymatuschak.org/zds1dqKLyJLp9LXP5K424urzhQFQSUK5wYrC)
16,"Many enacted experiences use metacognitive scaffolds ([Metacognitive supports as cognitive scaffolding](https://notes.andymatuschak.org/z4qFtxPZi21DKoLruHcmsocee1YnZy9JMArb6)) to steer participants toward the desired experiences, but not all do. Playing a piece from sheet music and executing a recipe are examples of enacted experiences which might involve no scaffolding.",许多情景体验使用元认知脚手架（[元认知支持作为认知脚手架](https://notes.andymatuschak.org/z4qFtxPZi21DKoLruHcmsocee1YnZy9JMArb6)）来引导参与者走向所需的体验，但并非所有的体验都是如此。弹奏乐谱和执行食谱都可能是不需要脚手架的情景体验。
17,[Enacted experiences exist on a spectrum of participation and authorial control](https://notes.andymatuschak.org/z5R1qAa8vSGsTnMJ7GURw4Ya1uZrDBnaCc24Y),[情景体验处于参与感和作者控制的光谱中](https://notes.andymatuschak.org/z5R1qAa8vSGsTnMJ7GURw4Ya1uZrDBnaCc24Y)
18,## Challenges,## 挑战
19,- [Enacted experiences are hard to author](https://notes.andymatuschak.org/z2Moj6uUj8hJ11dDMbrHsF58BMmxe6p48rsvv),- [情景体验很难创作](https://notes.andymatuschak.org/z2Moj6uUj8hJ11dDMbrHsF58BMmxe6p48rsvv)
20,- [Enacted experiences are hard to distribute](https://notes.andymatuschak.org/z2K87JksHrc9UDQR2PoTxXeRNdJA1Wo9N8Au2),- [情景体验很难满足所有人的胃口](https://notes.andymatuschak.org/z2K87JksHrc9UDQR2PoTxXeRNdJA1Wo9N8Au2)
21,## Prospects,## 前景
22,- [Enacted experiences can bootstrap active participation in enabling environments](https://notes.andymatuschak.org/z2FDTR2NfpW1AtA4SAETevmKC2uDGEHfKrbhG),- [情景体验可以引导人们积极参与到赋能环境中](https://notes.andymatuschak.org/z2FDTR2NfpW1AtA4SAETevmKC2uDGEHfKrbhG)
23,- [Enacted experiences have incredible potential as a mass medium](https://notes.andymatuschak.org/z6oXuXLZ7Wq1eBqskyfph2wz9gjohQUKSBFzx),- [情景体验作为一种大众媒介具有难以置信的潜力](https://notes.andymatuschak.org/z6oXuXLZ7Wq1eBqskyfph2wz9gjohQUKSBFzx)
