﻿﻿0,# Generation effect,# 生成效应
1,[Generation effect (andymatuschak.org)](https://notes.andymatuschak.org/z3iJVoXtJBUJHq9Tb6i8Kv4EK7oNbriHh4N2y),原文：[Generation effect (andymatuschak.org)](https://notes.andymatuschak.org/z3iJVoXtJBUJHq9Tb6i8Kv4EK7oNbriHh4N2y)
2,"The generation effect suggests that people are better able to remember material which they themselves generate, compared to material which they read or which is presented to them.",「生成效应」是指，比起主动阅读或材料展示，人们能更好地记住自己生成的东西。
3,"For instance, Slamecka and Graf (who coined the name for this effect in 1978) showed that memory performance was better when people had to generate a target word in an association pair (rhyme: wave / c??e) than when they read an association pair (rhyme: wave / cave).",例如，效应的命名者 Slamecka 和 Graf（1978）研究表明，人们自己生成关联对（如:押韵：wave / c??e）时，比单纯阅读关联对（如：押韵：wave / cave）的记忆表现更好。
4,"This effect is sometimes equated with the [Testing effect](https://notes.andymatuschak.org/z45mhbpabsigFceeSiRyDXZdvcRqvE2A1xMsn): when students are asked to produce answers from memory (as in free recall tests), some part of the impact on recall may be due to the processing involved in generating the answers. But experiments by Karpicke and Zaromb (2010) suggest that the two effects are distinct and can be to some extent isolated. People who studied by trying to generating targets ended up with poorer recall than people who study by attempting to recall.",有时会很容易把这种效应与[测试效应](https://notes.andymatuschak.org/z45mhbpabsigFceeSiRyDXZdvcRqvE2A1xMsn)混淆：在让学生从记忆中提取答案时（如在自由回忆测试中），回忆质量会有一部分取决于答案的生成过程。但 Karpicke 和 Zaromb（2010）的实验表明，这两种影响是不同的，而且在一定程度上可能是彼此独立的。通过尝试生成目标来学习的人，最终比通过尝试回忆来学习的人回忆质量更差。
5,"Karpicke and Zaromb (2010) point to some references (which I’ve not yet read) that suggest the effect may be minimal in harder free recall tasks (contra the fourth and fifth experiments from Slamecka, which did indeed show only small effects):",Karpicke 和 Zaromb（2010）指出，一些（我还没有读过的）参考文献表明，在更难的自由回忆任务中，这种影响可能是极小的（与 Slamecka 的第四和第五个实验相反，这些实验确实只显示了很小的影响）：
6,"> Thus there is often no difference in free recall of read vs. generated lists, and in fact sometimes there is an advan- tage of reading over generating (e.g. Nairne et al., 1991; Schmidt & Cherry, 1989). The enhanced item processing that occurs in a pure list of generated items is not sufficient to counteract disrupted order processing and produce an advantage in free recall relative to a pure list of read items.","> 因此，阅读与生成的列表在自由回忆方面往往没有差异，事实上，有时阅读比生成更有优势（例如 Nairne et al., 1991; Schmidt & Cherry, 1989）。在一个单纯的生成项目列表中发生的记忆增强进程，不足以抵消进程乱序带来的副作用，也不足以在自由回忆中产生超越阅读内容列表的优势。"
7,## References,## 参考文献
8,[//doi.org/10.1016/j.jml.2009.11.010](https://notes.andymatuschak.org/Karpicke%2C_J._D.%2C_%26_Zaromb%2C_F._M._(2010)._Retrieval_mode_distinguishes_the_testing_effect_from_the_generation_effect._Journal_of_Memory_and_Language%2C_62(3)%2C_227–239._https),[//doi.org/10.1016/j.jml.2009.11.010](https://notes.andymatuschak.org/Karpicke%2C_J._D.%2C_%26_Zaromb%2C_F._M._(2010)._Retrieval_mode_distinguishes_the_testing_effect_from_the_generation_effect._Journal_of_Memory_and_Language%2C_62(3)%2C_227–239._https)
9,[Delineation of a phenomenon. Journal of Experimental Psychology](https://notes.andymatuschak.org/Slamecka%2C_N._J.%2C_%26_Graf%2C_P._(1978)._The_generation_effect),[Delineation of a phenomenon. Journal of Experimental Psychology](https://notes.andymatuschak.org/Slamecka%2C_N._J.%2C_%26_Graf%2C_P._(1978)._The_generation_effect)
10,## Backlinks,## 反向链接
11,- [Testing effect](https://notes.andymatuschak.org/z45mhbpabsigFceeSiRyDXZdvcRqvE2A1xMsn),- [测试效应](https://notes.andymatuschak.org/z45mhbpabsigFceeSiRyDXZdvcRqvE2A1xMsn)
12,"  - The testing effect is generally measured to be more pronounced for production tests (short answer, essay) than for discrimination (multiple choice / true-false) (e.g. Kang et al, 2007). This may be due to the [Generation effect](https://notes.andymatuschak.org/z3iJVoXtJBUJHq9Tb6i8Kv4EK7oNbriHh4N2y).","  - 一般来说，测试效应在生成式测试（简答题、作文）中比在判别式测试（多选题 / 判断题）中更明显 (例如 Kang et al, 2007)。这可能是由于[生成效应](https://notes.andymatuschak.org/z3iJVoXtJBUJHq9Tb6i8Kv4EK7oNbriHh4N2y)。"
13,- [Evergreen note maintenance approximates spaced repetition](https://notes.andymatuschak.org/z6yfTwYekzvBkVjeH7WBUrSAJhyGTMYDAyYW7),- [常青笔记的维护近似于间隔重复](https://notes.andymatuschak.org/z6yfTwYekzvBkVjeH7WBUrSAJhyGTMYDAyYW7)
14,"  - This isn’t an efficient spaced repetition, memory-wise: you’re not really taking advantage of the [Testing effect](https://notes.andymatuschak.org/z45mhbpabsigFceeSiRyDXZdvcRqvE2A1xMsn). But it does take advantage of something like the [Generation effect](https://notes.andymatuschak.org/z3iJVoXtJBUJHq9Tb6i8Kv4EK7oNbriHh4N2y), and it may be a useful lens to think about managing your attention across the corpus of ideas you accumulate over time. Specifically, this practice will encourage you to repeatedly give attention to past ideas which seem relevant to your present work. And because you may find yourself revising your notes on those past ideas, the attention may be quite effortful.",  - 从记忆的角度来说，这并不是一个有效的间隔重复：你并没有真正利用[测试效应](https://notes.andymatuschak.org/z45mhbpabsigFceeSiRyDXZdvcRqvE2A1xMsn)。但它确实利用了类似于[生成效应](https://notes.andymatuschak.org/z3iJVoXtJBUJHq9Tb6i8Kv4EK7oNbriHh4N2y)的东西，而且它可能是一个有用的视角，来思考如何在你长期积累的思想库中管理你的注意力。具体来说，这种做法会提倡你去反复关注那些之前的，似乎与你现在工作有关的想法。因为你可能会发现自己正在修改关于这些过去想法的笔记，所以这种关注可能是相当费力的。
15,- [Writing one’s own spaced repetition prompts seems to promote understanding](https://notes.andymatuschak.org/z219EBYg9SbQzF372qudzgJpArt4Bmfhrczkg),- [亲自写间隔重复卡片似乎能促进理解](https://notes.andymatuschak.org/z219EBYg9SbQzF372qudzgJpArt4Bmfhrczkg)
16,"  - Related: [Generation effect](https://notes.andymatuschak.org/z3iJVoXtJBUJHq9Tb6i8Kv4EK7oNbriHh4N2y), [Elaborative encoding](https://notes.andymatuschak.org/z3ZTBNhJddpewTBgbKAFy2cnSMBiJRpMZWsfB)",  - 相关笔记：[生成效应](https://notes.andymatuschak.org/z3iJVoXtJBUJHq9Tb6i8Kv4EK7oNbriHh4N2y)，[精细编码](https://notes.andymatuschak.org/z3ZTBNhJddpewTBgbKAFy2cnSMBiJRpMZWsfB)
17,- [Self-graded spaced repetition memory systems are more efficient than machine-graded systems](https://notes.andymatuschak.org/z7MGZ4wX4fenUQzR9248QfWU8GFeZbTFGaJRM),- [自主评分的间隔重复记忆系统比机器评分的系统更有效率](https://notes.andymatuschak.org/z7MGZ4wX4fenUQzR9248QfWU8GFeZbTFGaJRM)
18,  - Some machine-graded systems dodge the input cost by making their prompts multiple-choice. But this transforms a generation task into a discrimination task—much less effective for memory encoding; see [Generation effect](https://notes.andymatuschak.org/z3iJVoXtJBUJHq9Tb6i8Kv4EK7oNbriHh4N2y),  - 一些机器评分系统会将他们的卡片变成多选题以规避输入成本。但这将生成任务转变成了辨别任务——对记忆编码的效果大打折扣；见[生成效应](https://notes.andymatuschak.org/z3iJVoXtJBUJHq9Tb6i8Kv4EK7oNbriHh4N2y)
19,- [2020-11-03](https://notes.andymatuschak.org/z8mtuutcq97ABcwQgEQA91c8ZNfsCawVfuA56),- [2020-11-03](https://notes.andymatuschak.org/z8mtuutcq97ABcwQgEQA91c8ZNfsCawVfuA56)
20,  - [Generation effect](https://notes.andymatuschak.org/z3iJVoXtJBUJHq9Tb6i8Kv4EK7oNbriHh4N2y),  - [生成效应](https://notes.andymatuschak.org/z3iJVoXtJBUJHq9Tb6i8Kv4EK7oNbriHh4N2y)
21,- [2020-11-01 – 2020-11-07](https://notes.andymatuschak.org/z2jtKy8tjoEMhzzbgFMnf61BXYe1dkNgKrssE),- [2020-11-01 – 2020-11-07](https://notes.andymatuschak.org/z2jtKy8tjoEMhzzbgFMnf61BXYe1dkNgKrssE)
22,"  - Better understanding of [Testing effect](https://notes.andymatuschak.org/z45mhbpabsigFceeSiRyDXZdvcRqvE2A1xMsn) and [Generation effect](https://notes.andymatuschak.org/z3iJVoXtJBUJHq9Tb6i8Kv4EK7oNbriHh4N2y), read a bunch of papers around that. Incrementally better understanding of [Elaborative encoding](https://notes.andymatuschak.org/z3ZTBNhJddpewTBgbKAFy2cnSMBiJRpMZWsfB). A nice review paper:",  - 对[测试效应](https://notes.andymatuschak.org/z45mhbpabsigFceeSiRyDXZdvcRqvE2A1xMsn)和[生成效应](https://notes.andymatuschak.org/z3iJVoXtJBUJHq9Tb6i8Kv4EK7oNbriHh4N2y)有了更好的理解，围绕这一点读了一堆论文。对[精细编码](https://notes.andymatuschak.org/z3ZTBNhJddpewTBgbKAFy2cnSMBiJRpMZWsfB)的理解逐渐加深。有一篇不错的综述文章；
23,"- [[Kang, S. H. K., McDermott, K. B., & Roediger, H. L. (2007). Test format and corrective feedback modify the effect of testing on long-term retention. European Journal of Cognitive Psychology, 19(4–5), 528–558. https://doi.org/10.1080/09541440601056620]]\* On the relationship to the [Generation effect](https://notes.andymatuschak.org/z3iJVoXtJBUJHq9Tb6i8Kv4EK7oNbriHh4N2y):","- [[Kang, S. H. K., McDermott, K. B., & Roediger, H. L. (2007). Test format and corrective feedback modify the effect of testing on long-term retention. European Journal of Cognitive Psychology, 19(4–5), 528–558. https://doi.org/10.1080/09541440601056620]]\* 与[生成效应](https://notes.andymatuschak.org/z3iJVoXtJBUJHq9Tb6i8Kv4EK7oNbriHh4N2y)的关系："
24,"- [[Karpicke, J. D., & Zaromb, F. M. (2010). Retrieval mode distinguishes the testing effect from the generation effect. Journal of Memory and Language, 62(3), 227–239. https://doi.org/10.1016/j.jml.2009.11.010]]\* Are the [Testing effect](https://notes.andymatuschak.org/z45mhbpabsigFceeSiRyDXZdvcRqvE2A1xMsn) and the [Generation effect](https://notes.andymatuschak.org/z3iJVoXtJBUJHq9Tb6i8Kv4EK7oNbriHh4N2y) simply the same thing? They’re often equated, and indeed, I’d equated them in my own notes. This paper describes a series of experiments which attempt to demonstrate that a different underlying mechanism drives the two phenomena, and that retrieval practice has a greater impact on memory than generation.","- [[Karpicke, J. D., & Zaromb, F. M. (2010). Retrieval mode distinguishes the testing effect from the generation effect. Journal of Memory and Language, 62(3), 227–239. https://doi.org/10.1016/j.jml.2009.11.010]]\* [测试效应](https://notes.andymatuschak.org/z45mhbpabsigFceeSiRyDXZdvcRqvE2A1xMsn)和[生成效应](https://notes.andymatuschak.org/z3iJVoXtJBUJHq9Tb6i8Kv4EK7oNbriHh4N2y)是同一回事吗？它们经常被等同起来，事实上，我在自己的笔记中也曾将它们等同起来。本文描述了一系列的实验，试图证明有不同的基本机制在驱动这两种现象，而且提取练习对记忆的影响比生成更大。"
25,"- [[Slamecka, N. J., & Graf, P. (1978). The generation effect: Delineation of a phenomenon. Journal of Experimental Psychology: Human Learning & Memory, 4(6), 592–604. https://doi.org/10.1037/0278-7393.4.6.592]]\* First paper reporting the distilled existence of the [Generation effect](https://notes.andymatuschak.org/z3iJVoXtJBUJHq9Tb6i8Kv4EK7oNbriHh4N2y) via a number of experiments.","- [[Slamecka, N. J., & Graf, P. (1978). The generation effect: Delineation of a phenomenon. Journal of Experimental Psychology: Human Learning & Memory, 4(6), 592–604. https://doi.org/10.1037/0278-7393.4.6.592]]\* 第一篇论文通过一些实验排除干扰因素，证实了[生成效应](https://notes.andymatuschak.org/z3iJVoXtJBUJHq9Tb6i8Kv4EK7oNbriHh4N2y)的存在。"
