﻿﻿0,# Mnemonic medium,# 助记媒介
1,[Mnemonic medium (andymatuschak.org)](https://notes.andymatuschak.org/z4rRX3qwSSJRsEkdXKwH2shamgHNeRthrMLiF),原文：[Mnemonic medium (andymatuschak.org)](https://notes.andymatuschak.org/z4rRX3qwSSJRsEkdXKwH2shamgHNeRthrMLiF)
2,"The mnemonic medium embeds a [Spaced repetition memory system](https://notes.andymatuschak.org/z4eXdSMJFv2qVGXSUEKH4vdcHBrLHcFY1ZGfC) within narrative prose. [Spaced repetition memory systems make memory a choice](https://notes.andymatuschak.org/z4bR1HVvDUhMXDm5SJB4Tiw4xGbrm9AfXWgbc), but they’ve suffered significant barriers to adoption. The mnemonic medium is designed to solve many of these problems.",「助记媒介*」会在线性叙述的文章中嵌入了[间隔重复记忆系统](https://notes.andymatuschak.org/z4eXdSMJFv2qVGXSUEKH4vdcHBrLHcFY1ZGfC)。在过去，尽管[间隔重复记忆系统让记忆成为一种选择](https://notes.andymatuschak.org/z4bR1HVvDUhMXDm5SJB4Tiw4xGbrm9AfXWgbc)，但上手此类系统却困难重重。「助记媒介」是为了解决其中很多问题而设计的。（*译注：「助记媒介」是 Andy 推广的一系列实验性质、内嵌 SRS 卡片的介质，如文章 ）
3,It was first used in [Quantum Country](https://notes.andymatuschak.org/z2fBHADWa93EZTuNzuww7V3Vi587ZyZ4FHTHm). I’m now working to expand its scope considerably in [Orbit](https://notes.andymatuschak.org/z72ioKyd4X48WndtAsfkhnKwsD8o5PaaT384o). (see more [Substantive examples of the mnemonic medium](https://notes.andymatuschak.org/zDmYvwSyN9YRv5HgDYwX19C28jC9qZ5qiMJ)),它在[量子国度](https://notes.andymatuschak.org/z2fBHADWa93EZTuNzuww7V3Vi587ZyZ4FHTHm)中首次被使用。我正致力研发 [Orbit](https://notes.andymatuschak.org/z72ioKyd4X48WndtAsfkhnKwsD8o5PaaT384o)，来大幅扩展其应用范围。（见更多[助记媒介的实质性例子](https://notes.andymatuschak.org/zDmYvwSyN9YRv5HgDYwX19C28jC9qZ5qiMJ)）
4,- Key design properties:,- 关键设计特性：
5,  - [The mnemonic medium gives structure to normally-atomized spaced repetition memory prompts](https://notes.andymatuschak.org/z5YjgWTaYfhWLrEbysgmDfFRcZ1yxgLeBeZac),  - [间隔重复卡片通常是原子化的，而助记媒介为其赋予结构](https://notes.andymatuschak.org/z5YjgWTaYfhWLrEbysgmDfFRcZ1yxgLeBeZac)
6,  - [The mnemonic medium supplies expert-authored prompts to remove the burden of prompt-writing](https://notes.andymatuschak.org/z8ASeF682pSQ3feo8LHpLzk3u3SNpVUgNxMAU),  - [助记媒介提供专家编写的卡片以消除制卡负担](https://notes.andymatuschak.org/z8ASeF682pSQ3feo8LHpLzk3u3SNpVUgNxMAU)
7,  - [Mnemonic medium prompts are interleaved into the reading experience](https://notes.andymatuschak.org/zE1sr3TTDoEJut4hgai2w6qFUwBYHSkk7no),  - [助记媒介卡片穿插在阅读的过程中](https://notes.andymatuschak.org/zE1sr3TTDoEJut4hgai2w6qFUwBYHSkk7no)
8,  - [The mnemonic medium may help scaffold prompt-writing through author-provided prompts](https://notes.andymatuschak.org/z4j3bcyJfBzGdpEoQje9gaVeECfsZFgMEhBNL),  - [作者本人在助记媒介中添加的卡片可能帮助读者制卡](https://notes.andymatuschak.org/z4j3bcyJfBzGdpEoQje9gaVeECfsZFgMEhBNL)
9,  - [The mnemonic medium’s design relies on light-weight prompts](https://notes.andymatuschak.org/z7U6zXNGgTz1aEpRDUe6eMxotrhK4tmgprcxh),  - [助记媒介依赖的卡片应是轻量级的](https://notes.andymatuschak.org/z7U6zXNGgTz1aEpRDUe6eMxotrhK4tmgprcxh)
10,  - [The critical thing to optimize in spaced repetition memory systems is emotional connection to the review session and its contents](https://notes.andymatuschak.org/z64si3kA3bkCgz3Bsr5YNWsAAQUR2pmXab63T),  - [间隔重复系统优化重点应是重复环节与重复内容之间的情绪联系](https://notes.andymatuschak.org/z64si3kA3bkCgz3Bsr5YNWsAAQUR2pmXab63T)
11,- Impact,- 影响
12,  - [Effects of the mnemonic medium on reader memory](https://notes.andymatuschak.org/zt1TyUANyt84UkQVBJjWEGZ3JUd2HP92r65),  - [助记媒介对读者记忆的影响](https://notes.andymatuschak.org/zt1TyUANyt84UkQVBJjWEGZ3JUd2HP92r65)
13,  - [What’s the big-picture impact of the mnemonic medium on readers?](https://notes.andymatuschak.org/z5yKJEmSVZvRr6Q5kDdKeCEt9aqCjo2hQwNcm),  - [助记媒介对读者的宏观影响是什么？](https://notes.andymatuschak.org/z5yKJEmSVZvRr6Q5kDdKeCEt9aqCjo2hQwNcm)
14,  - [The mnemonic medium keeps readers in contact with material over time](https://notes.andymatuschak.org/z7tjqSxGsJ53tXsGkRpchsECWcMsW3sFUw86U),  - [助记媒介使读者持续接触材料](https://notes.andymatuschak.org/z7tjqSxGsJ53tXsGkRpchsECWcMsW3sFUw86U)
15,- Hypotheses/questions,- 假设/问题
16,  - Extending scope / scale:,  - 衍生范围/规模：
17,    - [How does the mnemonic medium’s efficacy vary across platform-knowledge-style topics?](https://notes.andymatuschak.org/z8U56PQX9kwhMi97wnQRCByvqXAM4azb9UP6h),    - [助记媒介的功效在不同的平台-知识-风格主题中是如何变化的？](https://notes.andymatuschak.org/z8U56PQX9kwhMi97wnQRCByvqXAM4azb9UP6h)
18,    - [How might the mnemonic medium enable readers in genres outside platform knowledge?](https://notes.andymatuschak.org/z57S2Fte6gAnnM1gCS2nHpH7NYAiXD8KeDfvZ),    - [助记媒介如何让读者从平台类之外的体裁中获得知识？](https://notes.andymatuschak.org/z57S2Fte6gAnnM1gCS2nHpH7NYAiXD8KeDfvZ)
19,      - [Lessons learned from applying the mnemonic medium to non-technical texts](https://notes.andymatuschak.org/ztWkeRtP1VRttCcrGPmDH6trs3vobziJMHT),      - [将助记媒介应用于非技术性文章的经验教训](https://notes.andymatuschak.org/ztWkeRtP1VRttCcrGPmDH6trs3vobziJMHT)
20,      - [The mnemonic medium works well for primers in established fields](https://notes.andymatuschak.org/zY1nxKoZCJmCd6EpMxzWHwmCyiQUG7nX17Z),      - [助记媒介对成熟领域的入门读物很有效](https://notes.andymatuschak.org/zY1nxKoZCJmCd6EpMxzWHwmCyiQUG7nX17Z)
21,        - [Spaced repetition memory systems can accelerate the unpleasant early stages of learning a subject](https://notes.andymatuschak.org/z36hoKonZMF93rY34goQhyFLfnTfHmSwBzNYs)—does the MM’s costs outweigh its benefits outside these contexts?,        - [间隔重复记忆系统可以使人更快地度过科目学习中不愉快的早期阶段](https://notes.andymatuschak.org/z36hoKonZMF93rY34goQhyFLfnTfHmSwBzNYs)——在这些情境之外，助记媒介是否弊大于利？
22,    - [How might the mnemonic medium adapt to readers’ differing backgrounds and goals?](https://notes.andymatuschak.org/z287gqhS79WChEm7zRiB5vcuVAXYCnn3GCXv),    - [助记媒介如何适应读者不同的背景和目标？](https://notes.andymatuschak.org/z287gqhS79WChEm7zRiB5vcuVAXYCnn3GCXv)
23,    - [How might spaced repetition memory systems intervene when the student struggles with material?](https://notes.andymatuschak.org/z432Vjppz3bY9z3NWhrY9f6Co2Jp5DFBGeLGo),    - [当学生对处理材料感到困难时，间隔重复记忆系统会如何干预？](https://notes.andymatuschak.org/z432Vjppz3bY9z3NWhrY9f6Co2Jp5DFBGeLGo)
24,  - Non-memory impact:,  - 非记忆影响：
25,    - [The mnemonic medium may push readers to read more slowly and attentively](https://notes.andymatuschak.org/z7W1Zr7wEGptA3bFYwwaPbCFLBo54xXmQLQdK),    - [助记媒介可能会促使读者更缓慢、更专注地阅读](https://notes.andymatuschak.org/z7W1Zr7wEGptA3bFYwwaPbCFLBo54xXmQLQdK)
26,    - [Interleaved mnemonic medium prompts promote a feeling of safety](https://notes.andymatuschak.org/z2TCHSDXHpLAH7137LZ5zZjcRVepwtrMVLpk),    - [交错嵌入的助记媒介卡片提高了材料阅读时的安全感](https://notes.andymatuschak.org/z2TCHSDXHpLAH7137LZ5zZjcRVepwtrMVLpk)
27,    - [What if the mnemonic medium were reframed as a means to engage more deeply with a text?](https://notes.andymatuschak.org/z8ByVmn3qYHQmkzLRGN1958M1aYLZ2yzLbvGs),    - [如果助记媒介被重新设计成一种更深入地参与文本的手段会怎样？](https://notes.andymatuschak.org/z8ByVmn3qYHQmkzLRGN1958M1aYLZ2yzLbvGs)
28,  - Different types of understanding,  - 不同类型的理解
29,    - [The mnemonic medium can help readers apply what they’ve learned through simple application prompts](https://notes.andymatuschak.org/z6Y8xDS2AJyE1d34X99y14Sk1A7YCNas5kFjA),    - [助记媒介可以通过简单的应用卡片帮助读者应用他们所学的知识](https://notes.andymatuschak.org/z6Y8xDS2AJyE1d34X99y14Sk1A7YCNas5kFjA)
30,    - [How might the mnemonic medium support readers in building more complex understanding?](https://notes.andymatuschak.org/z7RgD27WGTZmhHEvEeYcZXAZQwPT8QZ6Ee8xQ),    - [助记媒介如何帮助读者产生更复杂的理解？](https://notes.andymatuschak.org/z7RgD27WGTZmhHEvEeYcZXAZQwPT8QZ6Ee8xQ)
31,  - Towards virtuosic use:,  - 通向熟练使用：
32,    - [What are the most important attributes of good spaced repetition memory prompts?](https://notes.andymatuschak.org/z42J1vxsMjhkdbrqVfoqjiEesSzfaEqurBtoJ),    - [高质量的间隔重复记忆卡片最重要的属性是什么？](https://notes.andymatuschak.org/z42J1vxsMjhkdbrqVfoqjiEesSzfaEqurBtoJ)
33,    - [What might constitute canonical uses of the mnemonic medium?](https://notes.andymatuschak.org/z57n4zZZ61isUYuLafL9Df4SGErKGNawH9cMj),    - [助记媒介的典型用途有哪些？](https://notes.andymatuschak.org/z57n4zZZ61isUYuLafL9Df4SGErKGNawH9cMj)
34,    - [In what senses is the mnemonic medium more than an annotation layer on ordinary prose?](https://notes.andymatuschak.org/z2EpuLdwnh6jiC2nKQJdqaSiZ1BodNUHATbN),    - [在哪些意义上，助记媒介不仅仅是普通文章的注解层？](https://notes.andymatuschak.org/z2EpuLdwnh6jiC2nKQJdqaSiZ1BodNUHATbN)
35,    - [Embedded prompt templates may actively scaffold prompt-writing for mnemonic medium readers](https://notes.andymatuschak.org/z2GSNFzS3TRYHW1UGQhay6Y4J16BVRSwsjWZ),    - [嵌入卡片模板可以主动辅助助记媒介读者编写卡片](https://notes.andymatuschak.org/z2GSNFzS3TRYHW1UGQhay6Y4J16BVRSwsjWZ)
36,  - Benefit to author:,  - 对作者的益处：
37,    - [Question-writing in the mnemonic medium may help the writer think about their topic](https://notes.andymatuschak.org/z5NRACdMmrg8YjKmcjse5zkrUCj4fvhmH1W8h),    - [在助记媒介中制作询问-回答式卡片可能有助于作者思考他们的主题](https://notes.andymatuschak.org/z5NRACdMmrg8YjKmcjse5zkrUCj4fvhmH1W8h)
38,  - Optimization:,  - 优化：
39,    - [How should mnemonic medium review sets be spaced?](https://notes.andymatuschak.org/z2HvBwx8Uqr7ErLp28oTuiKebTYy3RaRgv4B7),    - [如何给助记媒介的复习集安排间隔？](https://notes.andymatuschak.org/z2HvBwx8Uqr7ErLp28oTuiKebTYy3RaRgv4B7)
40,- Future directions,- 未来的方向
41,  - [Taking emotion seriously](https://notes.andymatuschak.org/zWiPabJxBUe2LyKaegZRLNQYAE653PXewkhU): [How might we apply insights from the mnemonic medium to forms which focus on deep emotional connection?](https://notes.andymatuschak.org/z6kCeJmanzXswfjDoushes6JT5yRELWmVB76g),  - [认真对待情绪](https://notes.andymatuschak.org/zWiPabJxBUe2LyKaegZRLNQYAE653PXewkhU)：[我们应如何将从助记媒介得到的见解应用于注重深度情感联系的形式？](https://notes.andymatuschak.org/z6kCeJmanzXswfjDoushes6JT5yRELWmVB76g)
42,  - [Timeful text](https://notes.andymatuschak.org/z73hGbYFm7bjV3yYwK29MvbBZEcwK6kWyduqV): [The mnemonic medium can be adapted to author an experience which unfolds over time](https://notes.andymatuschak.org/zvzwYeFU3Au4Ya2uVh2k3BUu8udZB7NSrAdL),  - [穿越时间的文本](https://notes.andymatuschak.org/z73hGbYFm7bjV3yYwK29MvbBZEcwK6kWyduqV)：[助记媒介可调整为将创制经验逐步展开的形式](https://notes.andymatuschak.org/zvzwYeFU3Au4Ya2uVh2k3BUu8udZB7NSrAdL)
43,  - [The mnemonic medium can generate interesting author analytics](https://notes.andymatuschak.org/z7ScFsA78anNe6XCpUj76bzLn1GJk7SqQR1ZH),  - [助记媒介会为作者产生有趣的分析数据](https://notes.andymatuschak.org/z7ScFsA78anNe6XCpUj76bzLn1GJk7SqQR1ZH)
44,  - [The mnemonic medium can surface “proof of memory” social signals](https://notes.andymatuschak.org/z6pxak95T6Kv8DPfzJULEymSjD4NCoNyPdsJa),  - [助记媒介可以公开「记忆证明」的社会信号](https://notes.andymatuschak.org/z6pxak95T6Kv8DPfzJULEymSjD4NCoNyPdsJa)
45,  - OS-level spaced repetition system,  - [操作系统层级的间隔重复系统](https://notes.andymatuschak.org/z36iMKLe4CDAXdtLSJD4Z6qPPFUS8ZXymUk3i)
46,    - [Turning any web page into the mnemonic medium](https://notes.andymatuschak.org/z2hABbXxq3dz9XQ6bWrqLyModyC5EC2MXxNA),    - [把任意一个网页转化成助记媒介](https://notes.andymatuschak.org/z2hABbXxq3dz9XQ6bWrqLyModyC5EC2MXxNA)
47,"    - [How might we adapt existing texts to the mnemonic medium, without participation of the author?](https://notes.andymatuschak.org/zvG5X4scr9mGCnR52dtkPGeHLBUntANhBvf)",    - [没有作者参与时，我们如何将现有文本转化为助记媒介？](https://notes.andymatuschak.org/zvG5X4scr9mGCnR52dtkPGeHLBUntANhBvf)
48,    - [Spaced everything](https://notes.andymatuschak.org/z59aJSjgqr4B1k1ofoE7ZBF2dv8MeJ1Drf4TQ): [The mnemonic medium can be extended to one’s personal notes](https://notes.andymatuschak.org/z5ARNXtS5VxteskEW91S1yYTgAcLABNXsZuJE),    - [间隔一切](https://notes.andymatuschak.org/z59aJSjgqr4B1k1ofoE7ZBF2dv8MeJ1Drf4TQ)：[助记媒介可以扩展到个人笔记](https://notes.andymatuschak.org/z5ARNXtS5VxteskEW91S1yYTgAcLABNXsZuJE)
49,  - Other host media types,  - 其他主要媒体类型
50,    - [Mnemonic video may present a smoother on-ramp to mass adoption than mnemonic text](https://notes.andymatuschak.org/z2Pod81MW2WbpH32H5jNHzfgG8rCUf6g3Rs9),    - [普及助记媒介时，助记视频相比助记文本是更亲民的切入口](https://notes.andymatuschak.org/z2Pod81MW2WbpH32H5jNHzfgG8rCUf6g3Rs9)
51,    - [Twitter threads could be an interesting context for the mnemonic medium](https://notes.andymatuschak.org/z4rDaiTpdFf2nmTEuHyyR8RfQWaMZn5gRtxcb),    - [Twitter 帖子可能是助记媒介的有趣背景](https://notes.andymatuschak.org/z4rDaiTpdFf2nmTEuHyyR8RfQWaMZn5gRtxcb)
52,- Challenges,- 挑战
53,  - [The early mnemonic medium’s structures are too rigid for others to help define the medium](https://notes.andymatuschak.org/z2dofYEWs9Cqu8VDHFHamdNypw83yAZifz53),  - [早期助记媒介的结构过于僵硬，其他人无法帮助定义该媒介](https://notes.andymatuschak.org/z2dofYEWs9Cqu8VDHFHamdNypw83yAZifz53)
54,  - … to adoption by end-users:,  - ......被终端用户采用：
55,    - [Many people view memory as unimportant to deep creative work](https://notes.andymatuschak.org/zD5zaKmvTFAAL3PTJGWzkAQr6CtoBCdoXBpM),    - [许多人认为记忆对深入的创造性工作不重要](https://notes.andymatuschak.org/zD5zaKmvTFAAL3PTJGWzkAQr6CtoBCdoXBpM)
56,    - [The initial mnemonic medium is implicitly authoritarian in premise](https://notes.andymatuschak.org/z2SaePptX2K1sudevrMYrjaqP7ZBRLs82iSv),    - [最初的助记媒介在前提上隐含着专制](https://notes.andymatuschak.org/z2SaePptX2K1sudevrMYrjaqP7ZBRLs82iSv)
57,      - [The mnemonic medium should give readers control over the prompts they collect](https://notes.andymatuschak.org/z3XqmAYKcD411jZgBik9oyXgcrarXycADWVeh),      - [助记媒介应该让读者对他们收集的卡片进行控制](https://notes.andymatuschak.org/z3XqmAYKcD411jZgBik9oyXgcrarXycADWVeh)
58,    - [Mnemonic medium onboarding depends on a critical mass of content](https://notes.andymatuschak.org/z8jqDGL4iG67Twoe9XHH76D1Xd32YKs2P4xYp),    - [接受助记媒介需要内容量达到临界值](https://notes.andymatuschak.org/z8jqDGL4iG67Twoe9XHH76D1Xd32YKs2P4xYp)
59,      - [Spaced repetition review sessions often become boring and detached without a steady stream of new prompts](https://notes.andymatuschak.org/z4hNAfe6TrqjxCydF3CaAVn1svaqiu86JFVBz),      - [没有源源不断的新卡片，间隔重复的复习环节常常变得枯燥而脱节](https://notes.andymatuschak.org/z4hNAfe6TrqjxCydF3CaAVn1svaqiu86JFVBz)
60,    - [Mass adoption of the mnemonic medium seems to require mass adoption of web publishing](https://notes.andymatuschak.org/zLbzDQF4MLSUEgDKu16i2h9q1ea8jC5crTV),    - [普及助记媒介似乎需要网络出版的普及](https://notes.andymatuschak.org/zLbzDQF4MLSUEgDKu16i2h9q1ea8jC5crTV)
61,      - [Reading texts on computers is unpleasant](https://notes.andymatuschak.org/z7yjjydTNu3bujTeFc7Hey1iFbz513SnN6oss),      - [在电脑上阅读文本令人不快](https://notes.andymatuschak.org/z7yjjydTNu3bujTeFc7Hey1iFbz513SnN6oss)
62,    - [Regular spaced repetition memory practice is an onerous habit to adopt](https://notes.andymatuschak.org/zyk3ZCEVSB4Zwej3Xd4CJ2g1FynRFTZGJpQN),    - [规律进行间隔重复记忆练习是沉重的习惯](https://notes.andymatuschak.org/zyk3ZCEVSB4Zwej3Xd4CJ2g1FynRFTZGJpQN)
63,      - [Spaced repetition memory systems don’t rapidly demonstrate their benefits](https://notes.andymatuschak.org/z2evK9drA5aJp4tHcXgV4Pri6GAnEyWyb4YwS),      - [间隔重复记忆系统难以迅速展现出优势](https://notes.andymatuschak.org/z2evK9drA5aJp4tHcXgV4Pri6GAnEyWyb4YwS)
64,      - [Spaced repetition memory systems make you feel like your memory is worse than it really is](https://notes.andymatuschak.org/z4vCGd9Gt715AXtqTXxoKjrEawbvT9o9NA6DC),      - [间隔重复记忆系统让你觉得你的记忆力比实际情况差](https://notes.andymatuschak.org/z4vCGd9Gt715AXtqTXxoKjrEawbvT9o9NA6DC)
65,  - … for designers:,  - ......对于设计者来说：
66,    - [The dominant culture around spaced repetition memory systems is fixated on meaningless goals](https://notes.andymatuschak.org/z7i9vs1MyadFaSkGBSwLVsfsQ5UEdN5aS2v9J),    - [间隔重复系统的主流文化圈热衷无意义的目标](https://notes.andymatuschak.org/z7i9vs1MyadFaSkGBSwLVsfsQ5UEdN5aS2v9J)
67,    - [Quantum Country lacks a coherent spatial representation of the mnemonic medium’s cards as objects](https://notes.andymatuschak.org/z3wZ7ebhYtWDJS2cSgoER2nZwMz2Zpc2pVAYz),    - [《量子国度》中助记媒介卡片没有一致的空间表征](https://notes.andymatuschak.org/z3wZ7ebhYtWDJS2cSgoER2nZwMz2Zpc2pVAYz)
68,    - [The mnemonic medium should be developed in a context where people really need fluency](https://notes.andymatuschak.org/zLVJdDJ7jahsFYfTRU7LKbxsMYdpZWUbKB6),    - [助记媒介应针对真正需要流利掌握知识的情景而开发](https://notes.andymatuschak.org/zLVJdDJ7jahsFYfTRU7LKbxsMYdpZWUbKB6)
69,    - [Aggressively scaling the mnemonic medium in 2020 is premature](https://notes.andymatuschak.org/zjrts41M36NpjJkj14tTdToSr8gtsWnwQ5A6),    - [在 2020 年积极扩大助记媒介的规模为时过早](https://notes.andymatuschak.org/zjrts41M36NpjJkj14tTdToSr8gtsWnwQ5A6)
70,  - … for authors,  - ...对于作者而言：
71,    - [Writing good prompts for others is likely harder than writing good prompts for oneself](https://notes.andymatuschak.org/z3VMP8i1HKdfn1nr9kB8zqTqGwVexnWx4R3s7),    - [为别人写质量上乘的卡片可能比给自己写优质卡片更难](https://notes.andymatuschak.org/z3VMP8i1HKdfn1nr9kB8zqTqGwVexnWx4R3s7)
72,- Other implementations,- 其他实现
73,  - [Login - Dawnguide](https://dawnguide.com/home),  - [Login - Dawnguide](https://dawnguide.com/home)
74,  - [TakeAway](https://notes.andymatuschak.org/zqnmsJ4oFpiN9tGXSBS8YbfXA3zhLy5jupq),  - [TakeAway](https://notes.andymatuschak.org/zqnmsJ4oFpiN9tGXSBS8YbfXA3zhLy5jupq)
75,  - [Thought Saver](https://notes.andymatuschak.org/zBM4qbJhN1XA4wBpDCj2fonXiz4sgQFe4YR),  - [Thought Saver](https://notes.andymatuschak.org/zBM4qbJhN1XA4wBpDCj2fonXiz4sgQFe4YR)
