﻿﻿0,# Programmable attention,# 可编程注意力
1,[Programmable attention (andymatuschak.org)](https://notes.andymatuschak.org/zJrfPCbY7GcpV9asEc8NTVzXTAV4TvRFMuY6),原文：[Programmable attention (andymatuschak.org)](https://notes.andymatuschak.org/zJrfPCbY7GcpV9asEc8NTVzXTAV4TvRFMuY6)
2,"The review sessions of a [Spaced repetition memory system](https://notes.andymatuschak.org/z4eXdSMJFv2qVGXSUEKH4vdcHBrLHcFY1ZGfC) don’t just help you remember things: it orchestrates your repeated attention over time across hundreds of tiny tasks, too many to manage by hand. Systems like these are a form of *programmable attention*. You use simpler forms of programmable attention all the time: inboxes with snooze and alarm features; bots which remind you of things; [Twitter is a kind of programmable attention](https://notes.andymatuschak.org/z5UF8YjTjoYiADeLv2SeBPgKXKosK17cKfUpw). What is the core properties of such systems? What is their potential reach?",[间隔重复记忆系统](https://notes.andymatuschak.org/z4eXdSMJFv2qVGXSUEKH4vdcHBrLHcFY1ZGfC)的复习环节不只是帮助你记住事情：它在数百个微小的任务中长期协调你的重复注意力，这些任务太多，无法用手管理。像这样的系统是一种**可编程的注意力**的形式。你一直在使用更简单的可编程注意力的形式：带有打盹和闹钟功能的收件箱；提醒你事情的机器人；[Twitter 是一种可编程注意力](https://notes.andymatuschak.org/z5UF8YjTjoYiADeLv2SeBPgKXKosK17cKfUpw)。这些系统的核心属性是什么？它们的潜在范围是什么？
3,"Such systems are often focused on productivity, but I believe they can be used to support creative work—reading, thinking, expressing, problem-solving.",这样的系统通常侧重于发展生产力，但我相信它们可以用来支持创造性的工作——阅读、思考、表达、解决问题。
4,"For more, as applied through spaced repetition: [Spaced repetition systems can be used to program attention](https://notes.andymatuschak.org/z2gqazXUkf9qyFjMQg4W3dw6yegnAJszvDywN)",对于更多借助间隔重复实现的应用：[间隔重复系统可用于对注意力进行编程](https://notes.andymatuschak.org/z2gqazXUkf9qyFjMQg4W3dw6yegnAJszvDywN)
5,"This term is evocative, but it has unfortunate connotations of roboticism and alienation. I think I’ll ultimately want to find another.",这个词颇有深意，但也带有异化和机械主义的味道，实属不幸。我想我最终还是要找到另一种说法。
6,------,------
7,## References,## 参考文献
8,"Correspondence with Igor Dvorkin, 2020-05-12",与 Igor Dvorkin 的通信，2020-05-12
9,> Coaching is paying someone to program your attention,> 教练是花钱请人对你的注意力进行编程
