﻿﻿0,# Timeful text,# 穿越时间的文本
1,[Timeful text (andymatuschak.org)](https://notes.andymatuschak.org/z73hGbYFm7bjV3yYwK29MvbBZEcwK6kWyduqV),原文：[Timeful text (andymatuschak.org)](https://notes.andymatuschak.org/z73hGbYFm7bjV3yYwK29MvbBZEcwK6kWyduqV)
2,"[Mass mediums mostly lack an authored time dimension beyond a day](https://notes.andymatuschak.org/z7JZswHPm99BbpTnb7NcP9Rnp8Bs6jsM3zjdv). This seems like a powerful authorial dimension to explore, as illustrated by e.g. [Guided meditation apps are naturally spread over time](https://notes.andymatuschak.org/zNmmWtrg5j47Z1CCCSVn7GQhbMf4d3oYj6G).",[大众传媒大多缺乏超过一天的创制时间维度](https://notes.andymatuschak.org/z7JZswHPm99BbpTnb7NcP9Rnp8Bs6jsM3zjdv)。这个维度对于创作很是强大，值得探索，例如[指导冥想的应用程序是自然地随时间分散开来](https://notes.andymatuschak.org/zNmmWtrg5j47Z1CCCSVn7GQhbMf4d3oYj6G)。
3,We might call texts with an authored time dimension *timeful texts.*,我们可以把具有创制时间维度的文本称为**穿越时间的文本**。
4,- [The mnemonic medium keeps readers in contact with material over time](https://notes.andymatuschak.org/z7tjqSxGsJ53tXsGkRpchsECWcMsW3sFUw86U),- [助记媒介使读者持续接触材料](https://notes.andymatuschak.org/z7tjqSxGsJ53tXsGkRpchsECWcMsW3sFUw86U)
5,- The mnemonic medium can be adapted to author an experience which unfolds over time,- [助记媒介可调整为将创制经验逐步展开的形式](https://notes.andymatuschak.org/zvzwYeFU3Au4Ya2uVh2k3BUu8udZB7NSrAdL)
6,"  - [Mnemonic texts could be serialized in small sections over time, timed to reader recall](https://notes.andymatuschak.org/zDuEHAJkdvoRuBDxZ6rxcSw9oHTxexywRVt3) (like [Execute Program’s lessons don’t unlock until you’ve successfully reviewed their prerequisites](https://notes.andymatuschak.org/z43GdwxNzaXGvNs7Hdd57UD9KauMxRGbH45r8))",  - [助记文本可以在一段时间内分段连载，根据读者的记忆情况排期](https://notes.andymatuschak.org/zDuEHAJkdvoRuBDxZ6rxcSw9oHTxexywRVt3)（如[Execute Program 的课程在你成功复习其前置课程后才能解锁](https://notes.andymatuschak.org/z43GdwxNzaXGvNs7Hdd57UD9KauMxRGbH45r8)）
7,------,------
8,## References,## 参考文献
9,[2020-07-28 - Timeful texts](https://notes.andymatuschak.org/z7sgmonRR3uibGYusWYnVpGFRdQYrk65Wsuzn),[2020-07-28 - 穿越时间的文本](https://notes.andymatuschak.org/z7sgmonRR3uibGYusWYnVpGFRdQYrk65Wsuzn)
