﻿﻿0,# Transfer learning,# 迁移学习
1,[Transfer learning (andymatuschak.org)](https://notes.andymatuschak.org/z2hEyCHQpB6UV8z4mYvto7FJud4zWVqZqfxJZ),原文：[Transfer learning (andymatuschak.org)](https://notes.andymatuschak.org/z2hEyCHQpB6UV8z4mYvto7FJud4zWVqZqfxJZ)
2,"See also [Desirable difficulties, after Bjork](https://notes.andymatuschak.org/z49u8mtc9wZoY7siV7nz4V3PG2oMkNBn7AgUk)",另见[合意困难，来自 Bjork](https://notes.andymatuschak.org/z49u8mtc9wZoY7siV7nz4V3PG2oMkNBn7AgUk)
3,"For an active area of interest, see: [Retrieval practice and transfer learning](https://notes.andymatuschak.org/z2a8QGPfUmdLCVokLaegNzmaU6ehC58CUtYi).",关于一个活跃的兴趣领域，见：[提取练习和迁移学习](https://notes.andymatuschak.org/z2a8QGPfUmdLCVokLaegNzmaU6ehC58CUtYi)。
4,------,------
5,## References,## 参考文献
6,"- Reder, L., & Klatzky, R. L. (1994). Transfer: Training for performance. In D. Druckman & R. A. Bjork (Eds.), Learning, Remembering, Believing: Enhancing Human Performance (pp. 25–56). National Academies Press. https://doi.org/10.17226/2303","- Reder, L., & Klatzky, R. L. (1994). Transfer: Training for performance. In D. Druckman & R. A. Bjork (Eds.), Learning, Remembering, Believing: Enhancing Human Performance (pp. 25–56). National Academies Press. https://doi.org/10.17226/2303"
7,### To read:,### 准备读：
8,"- Barnett, S. M., & Ceci, S. J. (2002). When and where do we apply what we learn? A taxonomy for far transfer. Psychological Bulletin, 128(4), 612–637. https://doi.org/10.1037/0033-2909.128.4.612","- Barnett, S. M., & Ceci, S. J. (2002). When and where do we apply what we learn? A taxonomy for far transfer. Psychological Bulletin, 128(4), 612–637. https://doi.org/10.1037/0033-2909.128.4.612"
9,"- Gick, M. L., & Holyoak, K. J. (1987). The Cognitive Basis of Knowledge Transfer. In Transfer of Learning (pp. 9–46). Elsevier. https://doi.org/10.1016/B978-0-12-188950-0.50008-4","- Gick, M. L., & Holyoak, K. J. (1987). The Cognitive Basis of Knowledge Transfer. In Transfer of Learning (pp. 9–46). Elsevier. https://doi.org/10.1016/B978-0-12-188950-0.50008-4"
