﻿﻿0,# Enabling environments focus on doing what’s enabled,# 赋能环境重在推动所赋能的事
1,[Enabling environments focus on doing what’s enabled (andymatuschak.org)](https://notes.andymatuschak.org/z6tuZZKaNeLM7c9jPZwNVGURGTuXLy8jesv5i),原文：[Enabling environments focus on doing what’s enabled (andymatuschak.org)](https://notes.andymatuschak.org/z6tuZZKaNeLM7c9jPZwNVGURGTuXLy8jesv5i)
2,"In a good [Enabling environment](https://notes.andymatuschak.org/z3DaBP4vN1dutjUgrk3jbEeNxScccvDCxDgXe) like a strong corporation or Minecraft, the activities mostly comprise *doing* what those environments enable.",在强大的公司或 Minecraft 之类优秀的[赋能环境](https://notes.andymatuschak.org/z3DaBP4vN1dutjUgrk3jbEeNxScccvDCxDgXe)中开展的活动，基本上**正是**这些环境所赋能的事情。
3,"By contrast, most books (even executable books) don’t involve *doing* what they’re about. These environments’ activities are *about* what they’re about—reading about basketball, not playing basketball. They’re at a remove from the action, and that makes them less able to enable their participants.",相比之下，大多数书籍（甚至是可执行的书籍）并不涉及**做**它们所讲的事情。这些环境的活动是**关于**主题的——阅读有关篮球的内容，而不是打篮球。他们与行动相距甚远，因此难以为置身书籍环境的阅读者赋能。
4,"This is a natural byproduct of the higher-level observations described in [Powerful enabling environments usually arise as a byproduct of projects pursuing their own intrinsically meaningful purposes](https://notes.andymatuschak.org/z4N6d29XL2PZXCa64HPcxA64RGWDb6Cagc1gs) and [Enabling environments focus on creating opportunities for growth and action, not on skill-building](https://notes.andymatuschak.org/z5th5bWm6VhB6PPbYB97gUKMdnaZe5atntRza).",[强大的赋能环境通常作为项目追求其自身内在意义的目的的副产品出现](https://notes.andymatuschak.org/z4N6d29XL2PZXCa64HPcxA64RGWDb6Cagc1gs)和[赋能环境侧重于创造成长和行动的机会，而不是提升技能](https://notes.andymatuschak.org/z5th5bWm6VhB6PPbYB97gUKMdnaZe5atntRza)中描述了更高层次的观察，上文便是自然的副产品。
5,"A focus on action keeps environment authors honest. It forces them to focus on the elements which meaningfully enable action. That keeps the activities centered around intrinsically meaningful purposes ([Enabling environments’ activities directly serve an intrinsically meaningful purpose](https://notes.andymatuschak.org/z7wh92mfgXNTLk8AhaaLxsViQuzqGY5cV56Vm)), rather than more abstract goals.",对行动的关注使环境作者保持诚实。这样迫使作者把重点放在能够有意义地促成行动的要素上。这使活动围绕着本质上有意义的目的（[赋能环境的活动直接服务于内在的有意义的目的](https://notes.andymatuschak.org/z7wh92mfgXNTLk8AhaaLxsViQuzqGY5cV56Vm)），而不是更抽象的目标。
6,Activities *doing* what’s being enabled will generally create more personal connection than activities *about* what’s being enabled. That connection’s important: [Deep understanding requires (and is a result of) intense personal connection](https://notes.andymatuschak.org/z5gCpoFJJThDFHK1a7Vv3ssxF3kkjeRaTrJHK).,**完成**所赋能内容的活动，一般会比**关于**什么的活动创造更多的个人联系。这种联系很重要：[深刻的理解需要强烈的个人联系（也是其结果）](https://notes.andymatuschak.org/z5gCpoFJJThDFHK1a7Vv3ssxF3kkjeRaTrJHK)。
7,"Social enabling environments can expand participants’ reach by helping them build on each others’ ideas. That effect will be limited if the social activity is only *about* what’s being enabled. A lunchtime discussion with a colleague might be quite helpful, but if you find his ideas striking, you’ll probably find a collaboration with the colleague much more enabling.",社会赋能环境让参与者有机会基于彼此的想法继续发展。进而让他们接触更多。如果社会活动只是**关于**被赋能的东西，这种效果便很有限。与同事的午餐讨论可能很有用处，但如果你发现他的想法很吸引人，你可能会发现与该同事的合作更有利。
8,"One challenge here is that [Novices in enabling environments often can’t do what’s enabled](https://notes.andymatuschak.org/z3XsSKarN8i3pV4WjPiJ7pVGG6akRVQvU7ngK). In fact, that’s part of what *keeps* novices novices. Once novices can participate to some extent, then the environment can integrate powerful dynamic scaffolds to enable them further (see [Metacognitive supports require dynamic, participatory environments](https://notes.andymatuschak.org/z6sGtFW1yd4qgcxkLQsEBEJWxLKmBdjMQzKfa)). For instance, a coach might suggest which exercises might best help an athlete achieve his goals on a given day ([Metacognitive supports as cognitive scaffolding](https://notes.andymatuschak.org/z4qFtxPZi21DKoLruHcmsocee1YnZy9JMArb6)). Minecraft’s single-player experience builds players’ construction skills by hiding increasingly complex materials in locations which require progressive mastery to reach.",这里的一个挑战是，[赋能环境中的新手往往不能做环境所赋能的事情]（https://notes.andymatuschak.org/z3XsSKarN8i3pV4WjPiJ7pVGG6akRVQvU7ngK）。事实上，这也一定程度上成为阻碍新手成长的因素。一旦新手能够在某种程度上参与，那么环境就可以整合强大的动态脚手架来使他们进一步发展（见[元认知支持需要动态、参与性的环境](https://notes.andymatuschak.org/z6sGtFW1yd4qgcxkLQsEBEJWxLKmBdjMQzKfa)）。例如，教练可以建议哪种练习可以最好地帮助运动员在某一天实现他的目标（[元认知支持充当认知脚手架](https://notes.andymatuschak.org/z4qFtxPZi21DKoLruHcmsocee1YnZy9JMArb6)）。在我的世界单人游戏中，为了提升玩家的建筑技能，越复杂的材料，越需要足够的技巧才能找到。
