[
  {
    "key": "0",
    "original": "# Enacted experiences can bootstrap active participation in enabling environments",
    "translation": "# 情景体验可以引导人们积极参与到赋能环境中",
    "stage": 9
  },
  {
    "key": "1",
    "original": "[Enacted experiences can bootstrap active participation in enabling environments (andymatuschak.org)](https://notes.andymatuschak.org/z2FDTR2NfpW1AtA4SAETevmKC2uDGEHfKrbhG)",
    "translation": "原文：[Enacted experiences can bootstrap active participation in enabling environments (andymatuschak.org)](https://notes.andymatuschak.org/z2FDTR2NfpW1AtA4SAETevmKC2uDGEHfKrbhG)",
    "stage": 5
  },
  {
    "key": "2",
    "original": "[Enabling environments focus on doing what’s enabled](https://notes.andymatuschak.org/z6tuZZKaNeLM7c9jPZwNVGURGTuXLy8jesv5i), but [Novices in enabling environments often can’t do what’s enabled](https://notes.andymatuschak.org/z3XsSKarN8i3pV4WjPiJ7pVGG6akRVQvU7ngK). A well-designed [Enacted experience](https://notes.andymatuschak.org/z3KASfpz5AmNmqM2m517Jbs1EvXrLN7NkeYWH) can allow participants to immediately experience *doing* what an environment enables.",
    "translation": "[赋能环境着重于环境所赋能的事](https://notes.andymatuschak.org/z6tuZZKaNeLM7c9jPZwNVGURGTuXLy8jesv5i)，但[赋能环境中的新手往往不能做被赋能的事情](https://notes.andymatuschak.org/z3XsSKarN8i3pV4WjPiJ7pVGG6akRVQvU7ngK)。精心设计的[情景体验](https://notes.andymatuschak.org/z3KASfpz5AmNmqM2m517Jbs1EvXrLN7NkeYWH)能让参与者立即体验**做**环境所赋能的事。",
    "stage": 5
  },
  {
    "key": "3",
    "original": "For instance, say a software company has special testing infrastructure which enables their engineers to make large changes confidently. A manager might introduce a new engineer to that infrastructure by assigning him a feature which the manager knows will require modifying well-tested code. The engineer will see that adjacent code includes references to the testing framework and will integrate his new feature accordingly. Code review might create useful discussions about the tests. The testing infrastructure enables the engineer to land his new feature confidently. Because of this experience, he can test future features with ease.",
    "translation": "例如，假设一家软件公司拥有特殊的测试基础设施，使其工程师能够自信地完成重大更改。现在经理要向新入职的工程师介绍这一设施，他便可以让新人实现一项新功能，其中需要他修改经过充分测试的旧有代码。这位工程师会注意到这些代码都提及了测试框架，因此他也会如法炮制，添加上新代码并使用测试框架。在代码审查环节，他也许会和审查者讨论这些测试，会很有价值。测试基础设施让工程师能够自信地实现这项功能。因此，他未来测试新功能也会非常顺利。",
    "stage": 5
  },
  {
    "key": "4",
    "original": "By comparison, imagine that the manager hadn’t done this. Someone else asks the engineer to extend a feature which doesn’t already use the special testing infrastructure. The engineer might not think to use it. Someone might point it out to him in code review and send him some introductory documentation, but reading that is an activity *about* his goal, so he’s less connected to it. He tries to just dive in, but he finds the testing infrastructure challenging to integrate, since his module has no examples to modify.",
    "translation": "假设经理没有这么干。其他人要求工程师拓展一项功能，这项功能先前并没有使用测试基础设施。这位工程师可能想不到要用到这个框架。在代码审查环节，别人可能指出他需要使用这一框架，并发给他介绍文档，但阅读文档这一活动与他的目标是相关的，而非就是他的目标。因此他不会非常用心。他打算直接开干，但是他负责的模块并没有使用这一框架的例子，所以他会觉得集成这一框架很困难。",
    "stage": 3
  },
  {
    "key": "5",
    "original": "Unfortunately, [Enacted experiences are hard to author](https://notes.andymatuschak.org/z2Moj6uUj8hJ11dDMbrHsF58BMmxe6p48rsvv) and [Enacted experiences are hard to distribute](https://notes.andymatuschak.org/z2K87JksHrc9UDQR2PoTxXeRNdJA1Wo9N8Au2). Still, [Enacted experiences have incredible potential as a mass medium](https://notes.andymatuschak.org/z6oXuXLZ7Wq1eBqskyfph2wz9gjohQUKSBFzx). I see this as the central promise of media like the Primer: [The Primer++ is embedded in a field, bootstrapping participation through enacted experience](https://notes.andymatuschak.org/z62M2Kdje6rnm6qHaQ5LSsNbc6FBNcmppbg1P).",
    "translation": "遗憾的是，[情景体验很难创作](https://notes.andymatuschak.org/z2Moj6uUj8hJ11dDMbrHsF58BMmxe6p48rsvv)且[情景体验很难满足所有人的胃口](https://notes.andymatuschak.org/z2K87JksHrc9UDQR2PoTxXeRNdJA1Wo9N8Au2)。不过，[情景体验作为一种大众媒介具有难以置信的潜力](https://notes.andymatuschak.org/z6oXuXLZ7Wq1eBqskyfph2wz9gjohQUKSBFzx)。我认为这是像 Primer 这样的媒体的主要前景：[Primer++被嵌入到一个领域中，通过情景体验来引导参与](https://notes.andymatuschak.org/z62M2Kdje6rnm6qHaQ5LSsNbc6FBNcmppbg1P)。",
    "stage": 5
  }
]