[
  {
    "key": "0",
    "original": "# Enacted experiences can create intense personal connection to authored targets",
    "translation": "# 情景体验可以创造出个人与作者意图的强烈联系",
    "stage": 9
  },
  {
    "key": "1",
    "original": "[Enacted experiences can create intense personal connection to authored targets (andymatuschak.org)](https://notes.andymatuschak.org/z6rE2jCvARneUxogtFCTMafzJvYEKWFgb51c2)",
    "translation": "原文：[Enacted experiences can create intense personal connection to authored targets (andymatuschak.org)](https://notes.andymatuschak.org/z6rE2jCvARneUxogtFCTMafzJvYEKWFgb51c2)",
    "stage": 5
  },
  {
    "key": "2",
    "original": "The creator of an [Enacted experience](https://notes.andymatuschak.org/z3KASfpz5AmNmqM2m517Jbs1EvXrLN7NkeYWH) can induce intense personal connection to a specific experience they have authored. One important consequence: [Enacted experiences amplify the power of narrative](https://notes.andymatuschak.org/zhZFC1LFDwAcsgJAdaKEDnSHyrf1bR954Ssb).",
    "translation": "[情景体验](https://notes.andymatuschak.org/z3KASfpz5AmNmqM2m517Jbs1EvXrLN7NkeYWH)的创造者，可以诱导出一种个人和创制体验之间的强烈联系。一个重要的结论是：[情景体验增强了叙述的效果](https://notes.andymatuschak.org/zhZFC1LFDwAcsgJAdaKEDnSHyrf1bR954Ssb)。",
    "stage": 3
  },
  {
    "key": "3",
    "original": "In Journey, for instance, players can do little but walk forward up the mountain. The sequence of environments they traverse are carefully choreographed so that most players experience an emotional hero’s journey, culminating in rebirth and divine transcendence. It’s not a passive experience: the player took every step with the character. So the character’s ascension is felt particularly deeply.",
    "translation": "以游戏《旅程》为例，玩家只可以朝山顶一路前行。他们行经的各种环境都经过精心设计，大多数玩家会因此走完一段情感深厚的「英雄之旅」，最终达到重生和神圣升华的高潮。这不是一种被动体验：每一步都是玩家与角色共同完成的，因此角色的升华让人感同身受。",
    "stage": 5
  },
  {
    "key": "4",
    "original": "Great movies and books can be quite moving, but the stakes I feel in those media are nowhere near as intense. I’m empathizing with the characters, but I don’t *become* the characters. There’s no contingency; I’m not making any of this happen; nothing I can do will change anything.",
    "translation": "伟大的电影和书籍当然也能触动人心，但那种感觉远不如游戏来得强烈。我虽然能感同身受，但并没有真正**成为**故事里的角色。一切都是注定好的，我无法改变任何事情。（*译者：接媚眼也需要审美，而游戏谁都行。）",
    "stage": 5
  },
  {
    "key": "5",
    "original": "Social environments can create intense personal connections, but generally not to specific authored experiences.",
    "translation": "社交环境也能让人建立强烈的个人联系，但这通常不是特定的创制体验。",
    "stage": 5
  },
  {
    "key": "6",
    "original": "Likewise, software environments can create intense personal connections, but they’re usually not to specific authored experiences. Snapchat’s streaks are one interesting counter-example.",
    "translation": "同样，软件环境可以建立强烈的个人联系，但它们通常不是特定的创制体验。Snapchat 的「连胜」（类似  QQ 的聊天火花）功能却是一个例外。",
    "stage": 5
  },
  {
    "key": "7",
    "original": "------",
    "translation": "------",
    "stage": 5
  },
  {
    "key": "8",
    "original": "## References",
    "translation": "## 参考文献",
    "stage": 5
  },
  {
    "key": "9",
    "original": "Thatgamecompany, Inc. (2012). *Journey*. Retrieved from http://thatgamecompany.com/journey/",
    "translation": "Thatgamecompany, Inc. (2012). *Journey*. Retrieved from http://thatgamecompany.com/journey/",
    "stage": 5
  }
]