[
  {
    "key": "0",
    "original": "# Enacted experiences amplify the power of narrative",
    "translation": "# 情景体验增强了叙述的力量",
    "stage": 9
  },
  {
    "key": "1",
    "original": "[Enacted experiences amplify the power of narrative (andymatuschak.org)](https://notes.andymatuschak.org/zhZFC1LFDwAcsgJAdaKEDnSHyrf1bR954Ssb)",
    "translation": "原文：[Enacted experiences amplify the power of narrative (andymatuschak.org)](https://notes.andymatuschak.org/zhZFC1LFDwAcsgJAdaKEDnSHyrf1bR954Ssb)",
    "stage": 5
  },
  {
    "key": "2",
    "original": "Narrative is a powerful tool both because it creates emotional involvement and because it can support understanding ([Narrative as cognitive scaffolding ](https://notes.andymatuschak.org/zvHfreBts9DHWRtztZihrGKuPsP5j8LSPLQn)). Narrative can be made even more powerful by making it an [Enacted experience](https://notes.andymatuschak.org/z3KASfpz5AmNmqM2m517Jbs1EvXrLN7NkeYWH), because [Enacted experiences can create intense personal connection to authored targets](https://notes.andymatuschak.org/z6rE2jCvARneUxogtFCTMafzJvYEKWFgb51c2).",
    "translation": "叙述很强大。叙述能引人投入情感，助人理解（[叙述充当认知脚手架](https://notes.andymatuschak.org/zvHfreBts9DHWRtztZihrGKuPsP5j8LSPLQn)）。若让叙述成为情景体验，其力量会进一步增强，因为[情景体验可以创造出与作者目标的强烈个人联系](https://notes.andymatuschak.org/z6rE2jCvARneUxogtFCTMafzJvYEKWFgb51c2)。",
    "stage": 3
  },
  {
    "key": "3",
    "original": "In Portal and Bioshock, for instance, a memorable narrative is woven into the sequence of environments, character appearances, and available interactions. Unlike games like Final Fantasy, in which the story is largely separated from gameplay and presented more like a film, Portal’s and Bioshock’s narratives feel like they emerge as a consequence of player action.",
    "translation": "例如，在《传送门》和《生化奇兵》中，游戏环境，角色出场，各种交互中贯彻着一条令人难忘的叙述线。相比《最终幻想》，其故事在很大程度上与游玩体验分离，更像一部电影，这两部游戏的叙述感觉是作为玩家行动的结果而出现的。",
    "stage": 5
  }
]