[
  {
    "key": "0",
    "original": "# Enacted experiences have incredible potential as a mass medium",
    "translation": "# 情景体验成为大众媒体时蕴藏极大潜力",
    "stage": 9
  },
  {
    "key": "1",
    "original": "[Enacted experiences have incredible potential as a mass medium (andymatuschak.org)](https://notes.andymatuschak.org/z6oXuXLZ7Wq1eBqskyfph2wz9gjohQUKSBFzx)",
    "translation": "原文：[Enacted experiences have incredible potential as a mass medium (andymatuschak.org)](https://notes.andymatuschak.org/z6oXuXLZ7Wq1eBqskyfph2wz9gjohQUKSBFzx)",
    "stage": 5
  },
  {
    "key": "2",
    "original": "I believe it’s possible to create an [Enacted experience](https://notes.andymatuschak.org/z3KASfpz5AmNmqM2m517Jbs1EvXrLN7NkeYWH) with the primary purpose of communicating ideas, values, and practices—akin to doing the “job” of a book. This is a powerful proposition because [Enacted experiences can create intense personal connection to authored targets](https://notes.andymatuschak.org/z6rE2jCvARneUxogtFCTMafzJvYEKWFgb51c2) and [Enacted experiences can bootstrap active participation in enabling environments](https://notes.andymatuschak.org/z2FDTR2NfpW1AtA4SAETevmKC2uDGEHfKrbhG).",
    "translation": "我相信有可能创造出一种[情景体验](https://notes.andymatuschak.org/z3KASfpz5AmNmqM2m517Jbs1EvXrLN7NkeYWH)，其主要目的是交流思想、价值观和实践——类似于完成一本书的「工作」。这是一个强有力的主张，因为[情景体验可以创造出与作者目标的强烈个人联系](https://notes.andymatuschak.org/z6rE2jCvARneUxogtFCTMafzJvYEKWFgb51c2)，并且[情景体验可以引导人们积极参与到赋能环境中](https://notes.andymatuschak.org/z2FDTR2NfpW1AtA4SAETevmKC2uDGEHfKrbhG)。",
    "stage": 3
  },
  {
    "key": "3",
    "original": "Avenues:",
    "translation": "途径：",
    "stage": 5
  },
  {
    "key": "4",
    "original": "- Apprenticeships and other social institutions (e.g. YC) do this today, but those aren’t mass media forms ([Enacted experiences are hard to distribute](https://notes.andymatuschak.org/z2K87JksHrc9UDQR2PoTxXeRNdJA1Wo9N8Au2))",
    "translation": "- 现在，学徒制和其他社会机构（如 YC）也这样做，但这些都不是大众媒体的形式（[情景体验很难满足所有人的胃口](https://notes.andymatuschak.org/z2K87JksHrc9UDQR2PoTxXeRNdJA1Wo9N8Au2)）",
    "stage": 3
  },
  {
    "key": "5",
    "original": "- Video games are a mass medium, but they’re used almost exclusively to convey aesthetic experiences, not as part of an enabling environment",
    "translation": "- 电子游戏是大众媒体，但它们几乎只被用来传达审美体验，而不是作为赋能环境的一部分",
    "stage": 5
  },
  {
    "key": "6",
    "original": "- Meditation apps are a promising reference: [Guided meditation apps deliver enacted experiences in a mass medium](https://notes.andymatuschak.org/zEaAK3UY2JrTVBA2mVGJqn5knxfiQbVz7Cq)",
    "translation": "- 冥想 App 是不错的参考：[引导式冥想 App 在大众媒体中提供情景体验](https://notes.andymatuschak.org/zEaAK3UY2JrTVBA2mVGJqn5knxfiQbVz7Cq)",
    "stage": 3
  },
  {
    "key": "7",
    "original": "I see this as one of the core ideas of [The Primer++](https://notes.andymatuschak.org/z2LSeViHDq9uQaPzrQvUgqsotZTKRgBZMm24x).",
    "translation": "我认为这是 [The Primer++](https://notes.andymatuschak.org/z2LSeViHDq9uQaPzrQvUgqsotZTKRgBZMm24x) 的核心思想之一。",
    "stage": 5
  },
  {
    "key": "8",
    "original": "There seems to be some essential tension here with [Interaction is a cost center in interface design](https://notes.andymatuschak.org/z87TFgTr98bz3MNFT26NhegyRCMgdkfNTBAzp).",
    "translation": "这似乎与[交互是界面设计中的成本中心](https://notes.andymatuschak.org/z87TFgTr98bz3MNFT26NhegyRCMgdkfNTBAzp)有本质上的矛盾。",
    "stage": 5
  }
]