[
  {
    "key": "0",
    "original": "# Expertise requires building sophisticated chunk recoding schemes",
    "translation": "# 专业需要建立复杂精细的组块重编码架构",
    "stage": 9
  },
  {
    "key": "1",
    "original": "[Expertise requires building sophisticated chunk recoding schemes (andymatuschak.org)](https://notes.andymatuschak.org/z7s7zpUDq2EEXnu3XJQLmqjddZnwGkBfz5WWL)",
    "translation": "原文：[Expertise requires building sophisticated chunk recoding schemes (andymatuschak.org)](https://notes.andymatuschak.org/z7s7zpUDq2EEXnu3XJQLmqjddZnwGkBfz5WWL)",
    "stage": 5
  },
  {
    "key": "2",
    "original": "In many fields, experts become experts mostly by developing more sophisticated mental representations ([Mental representations, after Ericsson and Pool](https://notes.andymatuschak.org/z8kfytRN7oJuKmzmtt6NW5UbFLjkk94nNMJSH)), which amounts to increasing the size of their mental chunks ([“Chunks” in human cognition](https://notes.andymatuschak.org/z75gWU7QuiB5L3x6zFGLGQk3fVkuVJ6eKuEwP)). This increases their information processing capacity ([Human channel capacity increases with bits-per-chunk](https://notes.andymatuschak.org/z6ZFtY8UGPaF9uofckBB7HwK62pssJAUg8C91), [Recoding can increase chunk size](https://notes.andymatuschak.org/z7Xn37Ji3L6J33QHSVgaKyrpj5sm6spcZ7gH7)). This happens through practice: [Good practice encodes more effective chunk recoding schemes](https://notes.andymatuschak.org/zqjudbYd5oSMN1qAym1HZRcHtvxToD7EqDkL)",
    "translation": "在许多领域，专家之所以成为专家，大部分是因为发展出更为精细复杂的「心理表征」([Mental representations, after Ericsson and Pool](https://notes.andymatuschak.org/z8kfytRN7oJuKmzmtt6NW5UbFLjkk94nNMJSH)), 这等价于增加了他/ 她们的心理组块的大小([人类认知的“组块”](https://notes.andymatuschak.org/z75gWU7QuiB5L3x6zFGLGQk3fVkuVJ6eKuEwP))。这提升了他们的信息处理容量（[人类的信道容量随着每块的比特的增加而增加](https://notes.andymatuschak.org/z6ZFtY8UGPaF9uofckBB7HwK62pssJAUg8C91)）。这通过实践发生： [良好的实践可以编码出更有效的块状重新编码方案](https://notes.andymatuschak.org/zqjudbYd5oSMN1qAym1HZRcHtvxToD7EqDkL)",
    "stage": 5
  },
  {
    "key": "3",
    "original": "> What sets expert performers apart from everyone else is the quality and quantity of their mental representations.",
    "translation": "> 是什么让专家有别于常人？是精神表征的质量和数量。",
    "stage": 5
  },
  {
    "key": "4",
    "original": "> (Ericsson and Pool, 2016, p. 62, not well-cited)",
    "translation": "> (Ericsson and Pool, 2016, p. 62, not well-cited)",
    "stage": 5
  },
  {
    "key": "5",
    "original": "For example, the model developed by Simon and Gilmartin (1973) suggests that chess masters have encoded order tens of thousands of chunks. (See also [Chase and Simon - Perception in chess](https://notes.andymatuschak.org/z5KDtTU1DdSS7dQyYLS5tfaxebde1KMni4yJS))",
    "translation": "例如，Simon and Gilmartin (1973) 推动的模型指出，国际象棋大师，已经编码出以万计算的组块。 (相同例子可见于 [Chase and Simon - Perception in chess](https://notes.andymatuschak.org/z5KDtTU1DdSS7dQyYLS5tfaxebde1KMni4yJS))",
    "stage": 5
  },
  {
    "key": "6",
    "original": "[Knowledge work often requires solving search problems](https://notes.andymatuschak.org/z6qVhFVJs8KKtzNwmVDzyCyGBDdCbcX7KoSyr). Ericsson and Pool suggest that expert search performance comes from more complex chunk schemas (2016, p. 70-72). The argument’s not made very strongly, but because [Human channel capacity increases with bits-per-chunk](https://notes.andymatuschak.org/z6ZFtY8UGPaF9uofckBB7HwK62pssJAUg8C91), this would seem to explain superior culling and feedback-uptake performance.",
    "translation": "[知识工作往往需要解决搜索问题](https://notes.andymatuschak.org/z6qVhFVJs8KKtzNwmVDzyCyGBDdCbcX7KoSyr)，Ericsson 和 Pool 认为，专家的搜索能力来源于更加复杂的组块架构 (2016, p. 70-72)，这并是一个非常强的论点，但由于[人类的渠道容量随着每块比特的增加而增加](https://notes.andymatuschak.org/z6ZFtY8UGPaF9uofckBB7HwK62pssJAUg8C91)，它或许可以解释高效的「剔除」和「反馈-吸收」能力。",
    "stage": 5
  },
  {
    "key": "7",
    "original": "------",
    "translation": "------",
    "stage": 5
  },
  {
    "key": "8",
    "original": "## References",
    "translation": "## 参考文献",
    "stage": 5
  },
  {
    "key": "9",
    "original": "Simon, H. A., & Gilmartin, K. (1973). A simulation of memory for chess positions. Cognitive Psychology, 5(1), 29–46. https://doi.org/10.1016/0010-0285(73)90024-8",
    "translation": "Simon, H. A., & Gilmartin, K. (1973). A simulation of memory for chess positions. Cognitive Psychology, 5(1), 29–46. https://doi.org/10.1016/0010-0285(73)90024-8",
    "stage": 5
  },
  {
    "key": "10",
    "original": "Ericsson, A., & Pool, R. (2016). *Peak: Secrets from the New Science of Expertise* (1 edition). Eamon Dolan/Houghton Mifflin Harcourt. [Peak - Ericsson and Pool](https://notes.andymatuschak.org/z6Sx5DSLp1Jdt4wqvN36Xvregj6mQnCnFopmy)",
    "translation": "Ericsson, A., & Pool, R. (2016). *Peak: Secrets from the New Science of Expertise* (1 edition). Eamon Dolan/Houghton Mifflin Harcourt. [Peak - Ericsson and Pool](https://notes.andymatuschak.org/z6Sx5DSLp1Jdt4wqvN36Xvregj6mQnCnFopmy)",
    "stage": 5
  }
]