[
  {
    "key": "0",
    "original": "# Good practice encodes more effective chunk recoding schemes",
    "translation": "# 好的练习包含更有效的组块重新编码方案",
    "stage": 9
  },
  {
    "key": "1",
    "original": "[Good practice encodes more effective chunk recoding schemes (andymatuschak.org)](https://notes.andymatuschak.org/zqjudbYd5oSMN1qAym1HZRcHtvxToD7EqDkL)",
    "translation": "原文：[Good practice encodes more effective chunk recoding schemes (andymatuschak.org)](https://notes.andymatuschak.org/zqjudbYd5oSMN1qAym1HZRcHtvxToD7EqDkL)",
    "stage": 5
  },
  {
    "key": "2",
    "original": "[Expertise requires building sophisticated chunk recoding schemes](https://notes.andymatuschak.org/z7s7zpUDq2EEXnu3XJQLmqjddZnwGkBfz5WWL), which can be achieved through effective practice (e.g. [Purposeful practice, after Ericsson and Pool](https://notes.andymatuschak.org/z7pC147AdTuRWQ2XKyRYpQC8FiM6rmjwRqwzv)).",
    "translation": "[专业水准需要建立复杂的组块重编码方案](https://notes.andymatuschak.org/z7s7zpUDq2EEXnu3XJQLmqjddZnwGkBfz5WWL)，而有效练习可以实现（例如[有目标的练习，借鉴于 Ericsson 和 Pool](https://notes.andymatuschak.org/z7pC147AdTuRWQ2XKyRYpQC8FiM6rmjwRqwzv)。",
    "stage": 5
  },
  {
    "key": "3",
    "original": "The process appears somewhat automatic, insofar as experts aren’t usually thinking “I need to develop better chunks.” Rather, to study at the limits of your capacity means making progress *by way of* encoding larger chunks—at least in some part.",
    "translation": "这个过程似乎是自动的，主要是专家们通常不会想「我需要建立更好的组块」。其实，顶着能力极限学习本身，便是**通过**编码出更大的组块来进步——至少在某些方面。",
    "stage": 5
  },
  {
    "key": "4",
    "original": "Ericsson and Pool (2016) discuss this claim at length, but little evidence or explanation is provided for the mechanism.",
    "translation": "Ericsson 和 Pool（2016）详细讨论了这一主张，但对其机制没有提供什么证据或解释。",
    "stage": 5
  },
  {
    "key": "5",
    "original": "> The ability to recognize and remember meaningful patterns arises from the way chess players develop their abilities … by spending countless hours studying games played by the masters. You analyze a position in depth, predicting the next move, and if you get it wrong, you go back and figure out what you missed. Research has shown that the amount of time spent in this sort of analysis—not the amount of time spent playing chess with others—is the single most important predictor of a chess player’s ability. (p. 56)",
    "translation": "> 识别和记忆有意义的模式的能力来自于国际象棋选手发展能力的方式…也就是花大量时间研究大师的棋局，你深入分析一个局面，预测下一步棋，如果你错了，就回头看看错在哪里。研究表明，用于这种分析的时间——而不是用于和他人下棋的时间——是预测棋手能力最重要的指标。（第 56 页）",
    "stage": 5
  },
  {
    "key": "6",
    "original": "> Much of deliberate practice involves developing ever more efficient mental representations (p. 59)",
    "translation": "> 刻意练习在于不断发展出更高效的心理表征（第 59 页）",
    "stage": 5
  },
  {
    "key": "7",
    "original": "> … the most successful quarterbacks are generally the ones who spend the most time in the film room, watching and analyzing …” (p. 64)",
    "translation": "> ......最成功的四分卫，通常是那些在回放室花最多时间观察和分析的人......\"（第 64 页）",
    "stage": 5
  },
  {
    "key": "8",
    "original": "------",
    "translation": "------",
    "stage": 5
  },
  {
    "key": "9",
    "original": "## References",
    "translation": "## 参考文献",
    "stage": 5
  },
  {
    "key": "10",
    "original": "Ericsson, A., & Pool, R. (2016). *Peak: Secrets from the New Science of Expertise* (1 edition). Eamon Dolan/Houghton Mifflin Harcourt. [Peak - Ericsson and Pool](https://notes.andymatuschak.org/z6Sx5DSLp1Jdt4wqvN36Xvregj6mQnCnFopmy)",
    "translation": "Ericsson, A., & Pool, R. (2016). *Peak: Secrets from the New Science of Expertise* (1 edition). Eamon Dolan/Houghton Mifflin Harcourt. [Peak - Ericsson and Pool](https://notes.andymatuschak.org/z6Sx5DSLp1Jdt4wqvN36Xvregj6mQnCnFopmy)",
    "stage": 5
  }
]