[
  {
    "key": "0",
    "original": "# Human channel capacity increases with bits-per-chunk",
    "translation": "# 人类的信道容量随着每个组块的比特量的增加而增加",
    "stage": 9
  },
  {
    "key": "1",
    "original": "[Human channel capacity increases with bits-per-chunk (andymatuschak.org)](https://notes.andymatuschak.org/z6ZFtY8UGPaF9uofckBB7HwK62pssJAUg8C91)",
    "translation": "原文：[Human channel capacity increases with bits-per-chunk (andymatuschak.org)](https://notes.andymatuschak.org/z6ZFtY8UGPaF9uofckBB7HwK62pssJAUg8C91)",
    "stage": 5
  },
  {
    "key": "2",
    "original": "One common workaround for [Channel capacity of humans as information processors](https://notes.andymatuschak.org/z8iJEzmLdBMoWYtQHkDohDgeWz6UBGm74qEiW) appears to be making a sequence of smaller observations, rather than a single complex absolute judgment. This only works if you can hold the sequence in your head, so it’s limited by your [Span of working memory](https://notes.andymatuschak.org/z4omDTWHCLoqW7PLpN2tiW63QzoYN5tqxPT9B). Happily, [Working memory span is mostly independent of item complexity](https://notes.andymatuschak.org/z6Pe8LaXhDBjjiiVX1Y2WJquaZyRQPTJB3y2K). So you can increase your effective channel capacity by increasing the number of bits in each observed chunk ([“Chunks” in human cognition](https://notes.andymatuschak.org/z75gWU7QuiB5L3x6zFGLGQk3fVkuVJ6eKuEwP)).",
    "translation": "如果把人类作为信息处理器，那在[人作为信息处理器时的信道容量](https://notes.andymatuschak.org/z8iJEzmLdBMoWYtQHkDohDgeWz6UBGm74qEiW)的问题上，一个常见的变通方法，是进行一系列更小的观察，而不是做单个、复杂、绝对的判断。这仅在你头脑 hold 得住如此一序列的东西时有效，所以它受限于你的记忆[工作记忆的容量界限](https://notes.andymatuschak.org/z4omDTWHCLoqW7PLpN2tiW63QzoYN5tqxPT9B)，好消息是，[工作记忆与单元复杂度无关](https://notes.andymatuschak.org/z6Pe8LaXhDBjjiiVX1Y2WJquaZyRQPTJB3y2K)。所以你可以通过在每个组块中，增加可察觉 bit 数，来提升你的「有效信道容量」（[认知中的「组块」](https://notes.andymatuschak.org/z75gWU7QuiB5L3x6zFGLGQk3fVkuVJ6eKuEwP)）。",
    "stage": 5
  },
  {
    "key": "3",
    "original": "In this figure depicting data from Pollack (1953), channel capacity expands almost linearly with bits-per-chunk (Miller, 1956, p. 92).",
    "translation": "在这个描述 Pollack（1953）数据的图中，信道容量随着每组块比特量的增加而几近线性扩展（Miller, 1956, p.92）。",
    "stage": 5
  },
  {
    "key": "4",
    "original": "![img](https://notes.andymatuschak.org/BearImages/8C535948-19D5-4CB7-91D7-6279BC04B55F-84615-0002BE396DE9900C/D1D6C134-0ADF-461B-A6CB-3207BCE86933.png)",
    "translation": "![img](https://notes.andymatuschak.org/BearImages/8C535948-19D5-4CB7-91D7-6279BC04B55F-84615-0002BE396DE9900C/D1D6C134-0ADF-461B-A6CB-3207BCE86933.png)",
    "stage": 5
  },
  {
    "key": "5",
    "original": "This effect is still limited by the [Span of absolute judgment](https://notes.andymatuschak.org/ziwhFzgTbrS2uxWEkCvoJzQrDzRz5EAWWZFy), so to expand bits-per-chunk beyond 5, you’ll need to make chunks multidimensional ([Human channel capacity increases with stimulus dimensionality](https://notes.andymatuschak.org/z7LQGcrQpYKed1qdC1nS7Dg8Ad6gdi1apWyuZ)).",
    "translation": "这种效果仍然受到[绝对判断的容量界限](https://notes.andymatuschak.org/ziwhFzgTbrS2uxWEkCvoJzQrDzRz5EAWWZFy)的限制，所以要把每个数据块的比特量扩大到 5 以上，就要把数据块变成多维的（[人类的信道容量随激活维度增长](https://notes.andymatuschak.org/z7LQGcrQpYKed1qdC1nS7Dg8Ad6gdi1apWyuZ)）。",
    "stage": 5
  },
  {
    "key": "6",
    "original": "------",
    "translation": "------",
    "stage": 3
  },
  {
    "key": "7",
    "original": "Q. How does human channel capacity vary for a sequence of elements, as the number of bits transmitted in each element increases?",
    "translation": "问：元素序列中，元素 bits 数变化时，人的信道容量如何变化？",
    "stage": 5
  },
  {
    "key": "8",
    "original": "A. It increases roughly linearly.",
    "translation": "答：它大致呈线性增长。",
    "stage": 5
  },
  {
    "key": "9",
    "original": "Q. Why does it matter that the span of working memory is roughly independent of the span of absolute judgment?",
    "translation": "问：工作记忆的容量界限不受绝对判断的容量界限的影响，这点为什么很重要？",
    "stage": 5
  },
  {
    "key": "10",
    "original": "A. It suggests that we can hold more information in working memory by increasing the “chunk” size of the items held in memory.",
    "translation": "答：它表明，我们可以通增加记忆单元的「组块」大小，往工作记忆中保存更多信息。",
    "stage": 5
  },
  {
    "key": "11",
    "original": "------",
    "translation": "------",
    "stage": 3
  },
  {
    "key": "12",
    "original": "## References",
    "translation": "## 参考文献",
    "stage": 5
  },
  {
    "key": "13",
    "original": "Miller, G. A. (1956). The magical number seven, plus or minus two: Some limits on our capacity for processing information. Psychological Review, 63(2), 81–97. https://doi.org/10.1037/h0043158 [Miller - The magical number seven, plus or minus two](https://notes.andymatuschak.org/zjfsd9pyxWQAF3HU5k7RAXhRjJBqtMEGKK27)",
    "translation": "Miller, G. A. (1956). The magical number seven, plus or minus two: Some limits on our capacity for processing information. Psychological Review, 63(2), 81–97. https://doi.org/10.1037/h0043158 [Miller - The magical number seven, plus or minus two](https://notes.andymatuschak.org/zjfsd9pyxWQAF3HU5k7RAXhRjJBqtMEGKK27)",
    "stage": 5
  },
  {
    "key": "14",
    "original": "Pollack, I. (1953). Assimilation of Sequentially Encoded Information. The American Journal of Psychology, 66(3), 421–435. JSTOR. https://doi.org/10.2307/1418237",
    "translation": "Pollack, I. (1953). Assimilation of Sequentially Encoded Information. The American Journal of Psychology, 66(3), 421–435. JSTOR. https://doi.org/10.2307/1418237",
    "stage": 5
  }
]