[
  {
    "key": "0",
    "original": "# Aggressively scaling the mnemonic medium in 2020 is premature",
    "translation": "# 在 2020 年大力推广助记媒介尚且为时过早",
    "stage": 9
  },
  {
    "key": "1",
    "original": "[Aggressively scaling the mnemonic medium in 2020 is premature (andymatuschak.org)](https://notes.andymatuschak.org/zjrts41M36NpjJkj14tTdToSr8gtsWnwQ5A6)",
    "translation": "原文：[Aggressively scaling the mnemonic medium in 2020 is premature (andymatuschak.org)](https://notes.andymatuschak.org/zjrts41M36NpjJkj14tTdToSr8gtsWnwQ5A6)",
    "stage": 5
  },
  {
    "key": "2",
    "original": "Because [Effects of the mnemonic medium on reader memory](https://notes.andymatuschak.org/zt1TyUANyt84UkQVBJjWEGZ3JUd2HP92r65), it’s extremely tempting to scale it up. Yet the arguments described in [Premature scaling can stunt system iteration](https://notes.andymatuschak.org/z2kr7QrJczqYyfwLFcv1FLEUMdVTsgfYSdFXA) suggest that platformization and generalization must be carefully timed.",
    "translation": "[助记媒介对读者记忆的效果](https://notes.andymatuschak.org/zt1TyUANyt84UkQVBJjWEGZ3JUd2HP92r65) 非常喜人，让人忍不住想要赶紧推广开来。然而，[过早扩大规模会阻碍系统迭代](https://notes.andymatuschak.org/z2kr7QrJczqYyfwLFcv1FLEUMdVTsgfYSdFXA)一文中描述的论点表明，必须谨慎地把握平台化和通用化的时机。",
    "stage": 5
  },
  {
    "key": "3",
    "original": "In 2020, there’s plenty of demand for a more general [Mnemonic medium](https://notes.andymatuschak.org/z4rRX3qwSSJRsEkdXKwH2shamgHNeRthrMLiF), but there are many dangers to attempting to rapidly scale it up.",
    "translation": "2020 年，对于更通用的[助记媒介](https://notes.andymatuschak.org/z4rRX3qwSSJRsEkdXKwH2shamgHNeRthrMLiF)的需求很大，但快速扩大规模潜藏着很多危险。",
    "stage": 5
  },
  {
    "key": "4",
    "original": "We feel confident that *we don’t know what the medium wants to be.* For example, we only just recently discovered that [The mnemonic medium can help readers apply what they’ve learned through simple application prompts](https://notes.andymatuschak.org/z6Y8xDS2AJyE1d34X99y14Sk1A7YCNas5kFjA). Those experiments represent potentially enormous changes to the medium. Further, [The mnemonic medium can be adapted to author an experience which unfolds over time](https://notes.andymatuschak.org/zvzwYeFU3Au4Ya2uVh2k3BUu8udZB7NSrAdL), and we’ve barely scratched that surface.",
    "translation": "我们有把握地认为，**我们不知道媒介应该向什么方向发展**。例如，我们最近才发现[助记媒介可以通过简单的应用卡片帮助读者应用他们所学的知识](https://notes.andymatuschak.org/z6Y8xDS2AJyE1d34X99y14Sk1A7YCNas5kFjA)。这些实验说明，未来有可能会对助记媒介进行巨大的调整。此外，[助记媒介可调整为将创制经验逐步展开的形式](https://notes.andymatuschak.org/zvzwYeFU3Au4Ya2uVh2k3BUu8udZB7NSrAdL)，而我们对于这点的探索才刚刚起步。",
    "stage": 3
  },
  {
    "key": "5",
    "original": "Separately, *the medium is not yet good enough*. For example, it’s true that [Mnemonic essays may offer detailed retention of their contents in exchange for 35-50% reading time overhead](https://notes.andymatuschak.org/z3bWum57HwBPxDJuBNYg3fgNK6tU15QF8srNF), but our small experiments have suggested that there’s a huge amount of low-hanging fruit there.",
    "translation": "另外，**助记媒介还不够好**。例如，的确[助记文章能让读者详细记忆其中内容，成本是增加 35-50% 的阅读时间开销](https://notes.andymatuschak.org/z3bWum57HwBPxDJuBNYg3fgNK6tU15QF8srNF)，但我们的小实验表明，助记媒介还有很多地方努努力就能改进。",
    "stage": 5
  },
  {
    "key": "6",
    "original": "I’m building [Orbit](https://notes.andymatuschak.org/z72ioKyd4X48WndtAsfkhnKwsD8o5PaaT384o), but not with the intent to rapidly and massively scale the medium. Instead, I’m laying the foundations, trying to emphasize abstractions which won’t impede experimentation. It’s important that we scale to a small number of additional authors: their experiences will teach us much about the writer’s side of the medium.",
    "translation": "我正在开发 [Orbit](https://notes.andymatuschak.org/z72ioKyd4X48WndtAsfkhnKwsD8o5PaaT384o)，但我并不打算快速大规模地推广它。相反，我正在筑牢基础，试图在 Orbit 设计一些抽象，这些抽象不应阻碍实验与调整。我们要让一小群作者先试用 Orbit，这点很重要：他们的使用经验，对于了解作者角度的助记媒介很有帮助。",
    "stage": 5
  }
]