[
  {
    "key": "0",
    "original": "# Corporate learning might make a good context for developing the mnemonic medium",
    "translation": "# 企业内的学习或许会是开发助记媒介的合适情境",
    "stage": 9
  },
  {
    "key": "1",
    "original": "[Corporate learning might make a good context for developing the mnemonic medium (andymatuschak.org)](https://notes.andymatuschak.org/z2mEHqQduqYFYoPL7pXmvW6mmLeMZ7515W5s)",
    "translation": "原文：[Corporate learning might make a good context for developing the mnemonic medium (andymatuschak.org)](https://notes.andymatuschak.org/z2mEHqQduqYFYoPL7pXmvW6mmLeMZ7515W5s)",
    "stage": 3
  },
  {
    "key": "2",
    "original": "When someone joins a company, they’re usually eager to be productive as quickly as possible. But there’s usually a huge amount of basic knowledge that’s necessary before that can happen. New employees at Stripe, for instance, must rapidly learn a huge amount of jargon (internal to the company) and industry-specific details (narrow to the company’s business) to be effective. And if they’re developers they need to learn all kinds of details about the company’s internal infrastructure. This could make an interesting context for developing the [Mnemonic medium](https://notes.andymatuschak.org/z4rRX3qwSSJRsEkdXKwH2shamgHNeRthrMLiF): [The mnemonic medium should be developed in a context where people really need fluency](https://notes.andymatuschak.org/zLVJdDJ7jahsFYfTRU7LKbxsMYdpZWUbKB6).",
    "translation": "加入一家公司时，新人往往渴望尽快发挥作用。但是在那之前，他们通常需要掌握大量的基础知识。例如，Stripe 的新雇员必须迅速学习大量的公司术语（公司内部使用）和行业特定的细节（仅限于公司的业务）才能有效开展工作。如果他们是开发人员，他们还需要学习公司内部的基础设施的各种细节。这可能会成为开发[助记媒介](https://notes.andymatuschak.org/z4rRX3qwSSJRsEkdXKwH2shamgHNeRthrMLiF)的有趣情境：[助记媒介应针对真正需要流利掌握知识的情景而开发](https://notes.andymatuschak.org/zLVJdDJ7jahsFYfTRU7LKbxsMYdpZWUbKB6)。",
    "stage": 3
  },
  {
    "key": "3",
    "original": "An alternate angle would be to focus not just on the narrow case of onboarding but on specific roles which have to internalize a large amount of information, potentially over time—e.g. sales reps learning a playbook.",
    "translation": "另一个角度可以是，不仅关注入职这一情境下的具体问题，还关注需要掌握大量信息的具体角色，这可能会随着时间的推移而变化——例如，销售代表学习一份战术手册。",
    "stage": 3
  },
  {
    "key": "4",
    "original": "One challenge here is that formal corporate learning systems are basically always soul-sucking monstrosities—just think “compliance training.” There’s even a whole awful enterprise “industry” around this stuff: [Enterprise learning and development](https://notes.andymatuschak.org/z4vEyun29stDLkcXKoTEVQ7nqgnzN17zGbh3i). This was what [Hickory Training](https://notes.andymatuschak.org/z6KUuSL9EoVeQgnYmfmLiVBeaxrqqcn8qMsmG) was chasing (unsuccessfully). And it’s what [Sana Labs](https://notes.andymatuschak.org/z4xUYCRTU7uUjZhafKD3jAcn5u5mHsDJwPMcc) is chasing now. It seems to me that they’re making enormous sacrifices to the conceptual framework in order to appease their buyer (and, n.b., the buyer is not the user!)",
    "translation": "这里存在的挑战是，正式的企业学习系统通常都是令人反感的怪物——只要想想「合规培训」就知道了。围绕着这些东西，甚至形成了一个可怕的企业「产业」： [企业学习和发展](https://notes.andymatuschak.org/z4vEyun29stDLkcXKoTEVQ7nqgnzN17zGbh3i)。这是 [Hickory Training](https://notes.andymatuschak.org/z6KUuSL9EoVeQgnYmfmLiVBeaxrqqcn8qMsmG) 一直在追逐（但未能成功）的东西，也是 [Sana Labs](https://notes.andymatuschak.org/z4xUYCRTU7uUjZhafKD3jAcn5u5mHsDJwPMcc) 正在追逐的东西。在我看来，为了安抚买家（请注意，买家不是用户！），他们为这个概念框架做出了极大的牺牲。",
    "stage": 3
  },
  {
    "key": "5",
    "original": "The trick in this space would be to find a company which is big enough for this kind of intervention to seem compelling but small enough not to be awful. My instinct is to reframe the interaction so that it’s an employee-centric enabling tool, rather than an employer-mandated set of tasks. This would be an exercise in “disrupting” the L&D space by introducing a “grassroots”-level tool which employees view as genuinely useful and choose to adopt. That sounds… hard. This would involve solving the problems of: [The mnemonic medium should give readers control over the prompts they collect](https://notes.andymatuschak.org/z3XqmAYKcD411jZgBik9oyXgcrarXycADWVeh).",
    "translation": "这里的关键在于找到一个大到足以使这种措施看起来令人信服，但又不至于太过庞大的公司。我的直觉是，重新定义这种互动，使之成为以员工为中心的赋能工具，而不是由雇主强制施加的一系列任务。这是一种通过引入员工真正认为有用并主动采用的「基层」工具来「扰乱」学习与发展领域的做法。这听起来......很困难。这关系到解决以下问题：[助记媒介应该让读者对他们收集的卡片进行控制](https://notes.andymatuschak.org/z3XqmAYKcD411jZgBik9oyXgcrarXycADWVeh)。",
    "stage": 3
  }
]