[
  {
    "key": "0",
    "original": "# Effects of the mnemonic medium on reader memory",
    "translation": "# 助记媒介对读者记忆的影响",
    "stage": 9
  },
  {
    "key": "1",
    "original": "[Effects of the mnemonic medium on reader memory (andymatuschak.org)](https://notes.andymatuschak.org/zt1TyUANyt84UkQVBJjWEGZ3JUd2HP92r65)",
    "translation": "原文：[Effects of the mnemonic medium on reader memory (andymatuschak.org)](https://notes.andymatuschak.org/zt1TyUANyt84UkQVBJjWEGZ3JUd2HP92r65)",
    "stage": 5
  },
  {
    "key": "2",
    "original": "- [What is the causal impact of the mnemonic medium’s review sessions on reader retention?](https://notes.andymatuschak.org/z7eT9uRr3hqxJe2ojDnbZm5L6YhCnk6DfSPm2)",
    "translation": "- [助记媒介的复习环节对读者的保留有什么因果性影响？](https://notes.andymatuschak.org/z7eT9uRr3hqxJe2ojDnbZm5L6YhCnk6DfSPm2)",
    "stage": 5
  },
  {
    "key": "3",
    "original": "  - [Quantum Country readers reliably develop detailed retention for embedded questions](https://notes.andymatuschak.org/z3kzMVAPanLdwuE4MQYt2ZW3p67Ce57ZVXjwZ)",
    "translation": "  - [量子国度的读者对嵌入的问题稳定地形成了详细的保留](https://notes.andymatuschak.org/z3kzMVAPanLdwuE4MQYt2ZW3p67Ce57ZVXjwZ)",
    "stage": 5
  },
  {
    "key": "4",
    "original": "- How efficiently can the mnemonic medium deliver reliable retention?",
    "translation": "- 助记媒介如何高效地提供可靠的保留？",
    "stage": 5
  },
  {
    "key": "5",
    "original": "  - [Mnemonic essays may offer detailed retention of their contents in exchange for 35-50% reading time overhead](https://notes.andymatuschak.org/z3bWum57HwBPxDJuBNYg3fgNK6tU15QF8srNF)",
    "translation": "  - [助记文章能让读者详细记忆其中内容，成本是增加 35-50% 的阅读时间开销](https://notes.andymatuschak.org/z3bWum57HwBPxDJuBNYg3fgNK6tU15QF8srNF)",
    "stage": 5
  },
  {
    "key": "6",
    "original": "  - [Quantum Country readers get faster with each repetition](https://notes.andymatuschak.org/z7NerCPWXbYe8mFnvzgMM9YYUkW9NkxBEcYBo)",
    "translation": "  - [量子国度的读者每次重复都变得更快](https://notes.andymatuschak.org/z7NerCPWXbYe8mFnvzgMM9YYUkW9NkxBEcYBo)",
    "stage": 5
  },
  {
    "key": "7",
    "original": "  - [Quantum Country users seem to forget most prompts quite slowly](https://notes.andymatuschak.org/zUDMMZd4YLSXx5TSogPg8v96zPUdQ1hGcW1b)",
    "translation": "  - [量子国度用户似乎对大多数卡片的遗忘速度相当慢](https://notes.andymatuschak.org/zUDMMZd4YLSXx5TSogPg8v96zPUdQ1hGcW1b)",
    "stage": 5
  },
  {
    "key": "8",
    "original": "- To what extent do these results generalize?",
    "translation": "- 这些结果在多大程度上具有普遍性？",
    "stage": 5
  },
  {
    "key": "9",
    "original": "  - [How does the mnemonic medium’s performance vary across different platform knowledge topics?](https://notes.andymatuschak.org/z7CBBYRd6sicSut8jg9zet1tfEoTZxwbWvW7d)",
    "translation": "  - [助记媒介在不同平台知识主题中的表现有何差异？](https://notes.andymatuschak.org/z7CBBYRd6sicSut8jg9zet1tfEoTZxwbWvW7d)",
    "stage": 5
  },
  {
    "key": "10",
    "original": "  - [How might the mnemonic medium enable readers in genres outside platform knowledge?](https://notes.andymatuschak.org/z57S2Fte6gAnnM1gCS2nHpH7NYAiXD8KeDfvZ)",
    "translation": "  - [助记媒介如何让读者从平台知识之外的体裁中有所收获？](https://notes.andymatuschak.org/z57S2Fte6gAnnM1gCS2nHpH7NYAiXD8KeDfvZ)",
    "stage": 5
  },
  {
    "key": "11",
    "original": "The story I’d like to be able to tell:",
    "translation": "我希望能够讲述的故事：",
    "stage": 5
  },
  {
    "key": "12",
    "original": "1. If you complete the review sessions, you’ll remember what you read reliably.",
    "translation": "1. 如果你完成了复习环节，你会可靠地记住你所读的内容。",
    "stage": 5
  },
  {
    "key": "13",
    "original": "2. … and you would remember much less without those review sessions.",
    "translation": "2. ……如果没有这些复习环节，你只会记住非常少的内容。",
    "stage": 5
  },
  {
    "key": "14",
    "original": "3. … and it won’t cost you that much time.",
    "translation": "3. ……这些复习环节不会花费你太多时间。",
    "stage": 5
  },
  {
    "key": "15",
    "original": "4. … and this effect generalizes to many domains.",
    "translation": "4. ……而且这种效果可以推广到很多领域。",
    "stage": 5
  },
  {
    "key": "16",
    "original": "Within [Quantum Country](https://notes.andymatuschak.org/z2fBHADWa93EZTuNzuww7V3Vi587ZyZ4FHTHm), we have strong evidence of 1, moderate evidence of 3, and emerging evidence of 2. We have no evidence of 4 yet.",
    "translation": "在[量子国度](https://notes.andymatuschak.org/z2fBHADWa93EZTuNzuww7V3Vi587ZyZ4FHTHm)内，我们对第 1 点有充分证据，对第 3 点有部分证据，对第 2 点的证据正在逐渐显现。我们还没有第 4 点的证据。",
    "stage": 5
  },
  {
    "key": "17",
    "original": "But see also: [What’s the big-picture impact of the mnemonic medium on readers?](https://notes.andymatuschak.org/z5yKJEmSVZvRr6Q5kDdKeCEt9aqCjo2hQwNcm)",
    "translation": "但也请看：[助记媒介对读者的宏观影响是什么？](https://notes.andymatuschak.org/z5yKJEmSVZvRr6Q5kDdKeCEt9aqCjo2hQwNcm)",
    "stage": 5
  },
  {
    "key": "18",
    "original": "## Quantum Country user behavior",
    "translation": "## 《量子国度》用户行为",
    "stage": 5
  },
  {
    "key": "19",
    "original": "- [In 2019H1, 29% of QCVC readers who finished the in-text level finished the 1 month level](https://notes.andymatuschak.org/z4VciDxvFwYkQo2cAuK6Uj7NfXhMpqBTh7SNQ)",
    "translation": "- [在 2019 年上半年，完成了在文章里回答卡片环节的 QCVC 读者中，有 29% 都达到了保留 1 个月的水平](https://notes.andymatuschak.org/z4VciDxvFwYkQo2cAuK6Uj7NfXhMpqBTh7SNQ)",
    "stage": 5
  },
  {
    "key": "20",
    "original": "- As of 2020Q1, several hundred users have demonstrated 1+ month of retention for QCVC",
    "translation": "- 截至 2020 年第 1 季度，已有几百名用户证明 QCVC 有 1 个月以上的保留。",
    "stage": 5
  },
  {
    "key": "21",
    "original": "## Reader perceptions",
    "translation": "## 读者的看法",
    "stage": 5
  },
  {
    "key": "22",
    "original": "- “I’ve only done your first quantum country course (so far) but I find it remarkable that I can view the proof and follow it, knowing what everything means. It’s almost like Neo in The Matrix telling Morpheus, ‘I know quantum computing’” [source](https://twitter.com/KeithMansfield/status/1132031824513966080)",
    "translation": "- 「我只做了你的第一个量子国度课程（到目前为止），但我觉得课程很棒，我可以查看证明并理解它，明白所有的东西。这几乎就像《黑客帝国》中的尼奥对莫菲斯说：『我知道量子计算』」[来源](https://twitter.com/KeithMansfield/status/1132031824513966080)",
    "stage": 5
  },
  {
    "key": "23",
    "original": "- “Doing the review sessions gives me what it promises to do, I guess. It is the confidence that I will remember the material and will be able to juggle the facts effortlessly. Although I already had a little prior experience with quantum computing, I benefited from the essays a lot. It went smooth and solidified my knowledge which was previously quite shaky and had too much white spots before. I’m very grateful for this mnemonic essays experiment existence.” — Dmitry Urbanovich [Re: Hello from Quantum Country!](javascript:void(0))",
    "translation": "- 「我想，完成复习环节实现了它的承诺。它给了我信心：我将记住这些材料，而且能够毫不费力地兼顾各个知识。虽然我之前已经有一点量子计算的经验，但我还是从这些文章中受益良多。进展很顺利，我巩固了之前掌握不牢、有太多模糊点的知识。我非常感谢这个助记文章实验的存在。」— Dmitry Urbanovich [Re: 来自量子国度的问候！](javascript:void(0))",
    "stage": 5
  },
  {
    "key": "24",
    "original": "- “Unlike other ways to learn, I am not worried about forgetting what I",
    "translation": "- 「与其他学习方式不同，我不再担心以后会忘记所学的东西。因为我知道总会有人在正确的时间点提醒我复习重点知识。这不仅仅是一种感觉。根据复习的结果，我想我确实已经可靠地记住了大部分的内容。」— [Kevin](javascript:void(0))",
    "stage": 5
  },
  {
    "key": "25",
    "original": "  learned in the future, because I know there’s someone who will always",
    "translation": "  在未来学到的，因为我知道有一个人将永远",
    "stage": 5
  },
  {
    "key": "26",
    "original": "  remind me to review the key parts at the right time points. And it’s",
    "translation": "  提醒我在恰当的时间点复习关键部分。而且它",
    "stage": 5
  },
  {
    "key": "27",
    "original": "  not just a feeling. According to the result of reviewing, I think I do",
    "translation": "  不仅仅是一种感觉。根据复习结果，我认为我",
    "stage": 5
  },
  {
    "key": "28",
    "original": "  have memorized most of them reliably.” — [Kevin](javascript:void(0))",
    "translation": "  已经可靠地记住了其中的大部分内容。\"- [Kevin](javascript:void(0))",
    "stage": 5
  }
]