[
  {
    "key": "0",
    "original": "# How might we apply insights from the mnemonic medium to forms which focus on deep emotional connection?",
    "translation": "# 如何将助记媒介中得到的理解，应用到侧重深刻情感联系的形式上？",
    "stage": 9
  },
  {
    "key": "1",
    "original": "[How might we apply insights from the mnemonic medium to forms which focus on deep emotional connection? (andymatuschak.org)](https://notes.andymatuschak.org/z6kCeJmanzXswfjDoushes6JT5yRELWmVB76g)",
    "translation": "原文：[How might we apply insights from the mnemonic medium to forms which focus on deep emotional connection? (andymatuschak.org)](https://notes.andymatuschak.org/z6kCeJmanzXswfjDoushes6JT5yRELWmVB76g)",
    "stage": 5
  },
  {
    "key": "2",
    "original": "The [Mnemonic medium](https://notes.andymatuschak.org/z4rRX3qwSSJRsEkdXKwH2shamgHNeRthrMLiF) is in many ways aseptic, overly cognitive. What mediums might we invent if we began with authored experiences focused on deep emotional connection (like the best movies and video games), and blended them with methods for building deeper understanding?",
    "translation": "[助记媒介](https://notes.andymatuschak.org/z4rRX3qwSSJRsEkdXKwH2shamgHNeRthrMLiF)在很多方面太过干瘪且强调认知。如果我们从侧重深度情感联系的创制经验（比如最好的电影和电子游戏）开始，并将它们与建立更深层次理解的方法相融合，我们可以发明什么媒介？",
    "stage": 5
  },
  {
    "key": "3",
    "original": "[Mnemonic video](https://numinous.productions/ttft/#mnemonic-video) is one early idea.",
    "translation": "[助记视频](https://numinous.productions/ttft/#mnemonic-video)是其中一个早期的想法。",
    "stage": 5
  },
  {
    "key": "4",
    "original": "Part of [Taking emotion seriously](https://notes.andymatuschak.org/zWiPabJxBUe2LyKaegZRLNQYAE653PXewkhU).",
    "translation": "[认真对待情感](https://notes.andymatuschak.org/zWiPabJxBUe2LyKaegZRLNQYAE653PXewkhU)的一部分",
    "stage": 5
  },
  {
    "key": "5",
    "original": "------",
    "translation": "------",
    "stage": 5
  },
  {
    "key": "6",
    "original": "## References",
    "translation": "## 参考资料",
    "stage": 5
  },
  {
    "key": "7",
    "original": "Matuschak, A., & Nielsen, M. (2019, October 0). *How can we develop transformative tools for thought?* https://numinous.productions/ttft",
    "translation": "Matuschak, A., & Nielsen, M. (2019, October 0). *How can we develop transformative tools for thought?* https://numinous.productions/ttft",
    "stage": 5
  }
]