[
  {
    "key": "0",
    "original": "# How might the mnemonic medium adapt to readers’ differing backgrounds and goals?",
    "translation": "# 助记媒介如何能适应不同的背景和目标的读者？",
    "stage": 9
  },
  {
    "key": "1",
    "original": "[How might the mnemonic medium adapt to readers’ differing backgrounds and goals? (andymatuschak.org)](https://notes.andymatuschak.org/z287gqhS79WChEm7zRiB5vcuVAXYCnn3GCXv)",
    "translation": "原文：[How might the mnemonic medium adapt to readers’ differing backgrounds and goals? (andymatuschak.org)](https://notes.andymatuschak.org/z287gqhS79WChEm7zRiB5vcuVAXYCnn3GCXv)",
    "stage": 5
  },
  {
    "key": "2",
    "original": "[Quantum Country](https://notes.andymatuschak.org/z2fBHADWa93EZTuNzuww7V3Vi587ZyZ4FHTHm) assumes that you’ll answer every question. This is a reasonable assumption for an introductory text focusing on platform knowledge: the vast majority of readers will either already know all the material or will need to know basically all of it ([The mnemonic medium is particularly valuable for platform knowledge](https://notes.andymatuschak.org/z2bwNMKjXjzp9tGrK6Hm7PXpoEeNAG9M65JW6)). But this assumption won’t work in many other contexts. Future iterations of the [Mnemonic medium](https://notes.andymatuschak.org/z4rRX3qwSSJRsEkdXKwH2shamgHNeRthrMLiF) will need to become more flexible: [The mnemonic medium should give readers control over the prompts they collect](https://notes.andymatuschak.org/z3XqmAYKcD411jZgBik9oyXgcrarXycADWVeh).",
    "translation": "[量子国度](https://notes.andymatuschak.org/z2fBHADWa93EZTuNzuww7V3Vi587ZyZ4FHTHm)假定你会回答所有问题。对于专注于平台知识的介绍性文本来说，这是合理的假设：绝大多数读者要么已经知道所有的材料，要么需要学习基本上所有的内容（[助记媒介对于平台类知识特别有价值](https://notes.andymatuschak.org/z2bwNMKjXjzp9tGrK6Hm7PXpoEeNAG9M65JW6)）。但这一假设在许多其他情况下都行不通。[助记媒介](https://notes.andymatuschak.org/z4rRX3qwSSJRsEkdXKwH2shamgHNeRthrMLiF)的未来迭代版本，需要更加灵活：[助记媒介应该允许读者控制收集的卡片](https://notes.andymatuschak.org/z3XqmAYKcD411jZgBik9oyXgcrarXycADWVeh)。",
    "stage": 5
  },
  {
    "key": "3",
    "original": "For instance, if you’re writing a large textbook, readers typically won’t read the whole thing—they’ll focus on specific topics. The medium should accommodate selective interest in certain sections or subsections.",
    "translation": "例如，如果你在写一本很厚的教科书，读者通常不会读完整本书——他们会专注于特定的主题。媒介需要能应对只对特定章节或小节有兴趣的情况。",
    "stage": 5
  },
  {
    "key": "4",
    "original": "And they’ll have different backgrounds; some won’t need all the prompts. If we fast-forward to a future in which memory practice is pervasive, readers will frequently encounter “duplicate” prompts. So the medium must accommodate readers skipping, ditching, or remixing prompts, even if they’re assumed to be “default useful” to others.",
    "translation": "而且读者背景会互不相同；有些人不需要所有的卡片。如果我们快进到记忆练习变得普遍的未来，读者将经常遇到「重复」卡片。因此，媒介必须能应对读者跳过、丢弃或重组卡片，即使这些卡片被认为对其他人「默认有用」。",
    "stage": 5
  },
  {
    "key": "5",
    "original": "In persuasive writing and informal discussion, prompts will have a significantly different role. It may make more sense to make prompts in these genres opt-in by default, rather than opt-out. In this type of piece, the prompts may function more like margin notes—available for interested parties.",
    "translation": "在说服性写作和非正式讨论中，卡片的作用会有很大不同。在这些文体的文章中，默认为读者收集卡片而不是舍弃卡片的做法更加合理。此时的卡片更类似旁注——为感兴趣的人所用。",
    "stage": 3
  },
  {
    "key": "6",
    "original": "See also: [How might the mnemonic medium enable readers in genres outside platform knowledge?](https://notes.andymatuschak.org/z57S2Fte6gAnnM1gCS2nHpH7NYAiXD8KeDfvZ)",
    "translation": "另请参阅：[助记媒介如何让读者在平台类知识之外的体裁中赋能？](https://notes.andymatuschak.org/z57S2Fte6gAnnM1gCS2nHpH7NYAiXD8KeDfvZ)",
    "stage": 5
  },
  {
    "key": "7",
    "original": "## Potential solutions",
    "translation": "## 可能的解决方案",
    "stage": 5
  },
  {
    "key": "8",
    "original": "- In a default-opt-in context, prompts should have a “skip” or “not right now” action. This mechanism can potentially take advantage of spaced repetition mechanics: that prompt may re-appear in a review session in a few weeks. If you “skip” again, it may disappear for several months. This accommodates the need for a potentially-destructive “delete” or “disable” operation, but without making it a high-stakes decision: [Spaced repetition can lower the stakes around destructive inbox-maintenance operations](https://notes.andymatuschak.org/z7yRMBXGc81KkUwLxefodzfnnfKXx63vXzP88)",
    "translation": "- 在默认添加所有选择的情景中，卡片应具有「跳过」或「不是现在」操作。这种机制可以潜在地利用间隔重复机制：该卡片可能会在几周后的复习环节中再次出现。如果你再次「跳过」，它可能会消失几个月。这适应了对具有潜在破坏性的「删除」或「禁用」操作的需要，但不会使其成为高风险的决定：[间隔重复可以降低对收件箱进行维护中破坏性操作风险](https://notes.andymatuschak.org/z7yRMBXGc81KkUwLxefodzfnnfKXx63vXzP88)",
    "stage": 5
  },
  {
    "key": "9",
    "original": "- In a default-opt-out context, prompts may be presented more like marginalia. It may be better to “fan out” cards in a default-opt-out context (rather than “stacking” them) so that readers can see them all and choose the one or two which seem relevant. It’ll be very tricky to communicate the difference in default behavior here.",
    "translation": "- 在默认舍弃所有卡片的情景中，卡片可能更像旁注。此时「散开」卡片（而不是「堆叠」它们）可能会更好，这样读者就可以看到所有卡片，并选择看起来相关的一两张卡片。在这里传达默认行为的不同之处将非常棘手。",
    "stage": 5
  },
  {
    "key": "10",
    "original": "## Ways in which Quantum Country assumes readers will answer every prompt",
    "translation": "## 量子国度中读者回答所有卡片这一假设在不同方面的体现",
    "stage": 5
  },
  {
    "key": "11",
    "original": "- The progress mechanics center around “percent complete,” and the denominator is the total number of prompts in an essay.",
    "translation": "- 进度机制以「完成百分比」为主，且分母是一篇文章中卡片的总数。",
    "stage": 5
  },
  {
    "key": "12",
    "original": "  - Progress is completely stunted if you don’t answer all the questions in an essay: you can’t complete any of the later levels without the in-text level complete.",
    "translation": "  - 如果你不回答一篇文章中的所有问题，进度就会完全受阻：如果没有把文章中所有新卡片都复习完，你就不能进入后续的复习阶段。",
    "stage": 5
  },
  {
    "key": "13",
    "original": "  - This mechanism could be adapted relatively easily to flexibility at the section level, but it’ll need more substantial changes to accommodate picking and choosing.",
    "translation": "  - 若要实现小节层面卡片选择的灵活性，目前的机制只需简单改动即可，但为了能处理挑选和选择，需要更大的变动",
    "stage": 5
  },
  {
    "key": "14",
    "original": "- When you answer a question in an essay, it’s added to your collection, and there’s no way to remove it or skip it after the fact.",
    "translation": "- 当你回答一篇文章中的问题时，它会被添加到你的集合中，事后无法删除或跳过它。",
    "stage": 5
  }
]