[
  {
    "key": "0",
    "original": "# How might we adapt existing texts to the mnemonic medium, without participation of the author?",
    "translation": "# 没有作者参与时，我们如何将现有文本转化为助记媒介？",
    "stage": 9
  },
  {
    "key": "1",
    "original": "[How might we adapt existing texts to the mnemonic medium, without participation of the author? (andymatuschak.org)](https://notes.andymatuschak.org/zvG5X4scr9mGCnR52dtkPGeHLBUntANhBvf)",
    "translation": "原文：[How might we adapt existing texts to the mnemonic medium, without participation of the author? (andymatuschak.org)](https://notes.andymatuschak.org/zvG5X4scr9mGCnR52dtkPGeHLBUntANhBvf)",
    "stage": 5
  },
  {
    "key": "2",
    "original": "[Mass adoption of the mnemonic medium seems to require mass adoption of web publishing](https://notes.andymatuschak.org/zLbzDQF4MLSUEgDKu16i2h9q1ea8jC5crTV). Furthermore: lots of important books aren’t available in any digital form at all; many people prefer hard-copy books and e-ink readers. Technical audiences will continue to use PDFs for ages. What about [Audiobooks](https://notes.andymatuschak.org/zhjve4ix3DcGqVGZn3a7FCP7bZTvzVR99fd) and video? It would be very powerful if we could “hoist” existing media into the medium without sacrificing its power.",
    "translation": "[普及助记媒介似乎需要网络出版的普及](https://notes.andymatuschak.org/zLbzDQF4MLSUEgDKu16i2h9q1ea8jC5crTV)。此外，许多重要的书籍根本没有任何数字版本；许多人更喜欢纸质书籍和电子墨水阅读器。技术受众将在很长一段时间内继续使用 PDF. 那[有声书](https://notes.andymatuschak.org/zhjve4ix3DcGqVGZn3a7FCP7bZTvzVR99fd)和视频呢？如果我们能在不牺牲现有媒介力量的情况下，将现有媒介「升级」成助记媒介，那将是非常强大的。",
    "stage": 5
  },
  {
    "key": "3",
    "original": "None of these approaches below are actually good, but perhaps iterations on them could be?",
    "translation": "下面的这些方法实际上都差强人意，但也许迭代之后就可以了呢？",
    "stage": 5
  },
  {
    "key": "4",
    "original": "## “Companion reader” app",
    "translation": "## 「伴读」APP",
    "stage": 5
  },
  {
    "key": "5",
    "original": "You have a paper book open in front of you; you put your phone next to it and open the Mnemonic Companion app. You scan the book’s barcode, and it displays a table of contents (perhaps partially-redacted for legal reasons) and page number selector. You tell the app that you’re reading page 312. The screen displays a stack of questions and a big header that says: “answer these at the section break on page 314.” You start reading the physical book, highlighting and sticky noting, and you tackle the questions at the appropriate spot. The app moves along to the next breakpoint, and you continue reading.",
    "translation": "你面前有本敞开的纸质书；你把手机放在书旁边，打开「记忆伴侣（Mnemonic Companion）」应用程序。你扫描图书的条形码，应用会显示目录（可能出于法律原因被部分删节）和页码选择器。你告诉应用程序你正在阅读第 312 页。屏幕上显示了一堆问题和一个大标题，上面写着：「在第 314 页的分隔处回答这些问题。」你开始阅读纸质书，一边标注重点，一遍粘上便利贴写注释，然后在适当的地方提交问题。应用程序将移动到下一个断点，你可以继续阅读。",
    "stage": 5
  },
  {
    "key": "6",
    "original": "This approach is a huge kludge. It requires readers to remember where they’re supposed to stop, monitor for that point, and switch back and forth between the two media. That sounds like a pain. I suspect compliance rates would be much lower than on Quantum Country.",
    "translation": "这种方法缝合了太多流程。读者必须记住应该在哪里停下来，查看有没有到达这一点，并在两种媒介之间来回切换。听起来很痛苦。我怀疑能遵循这套流程的人会比《量子国度》少得多。",
    "stage": 5
  },
  {
    "key": "7",
    "original": "But it’s a very flexible approach which could be adapted to basically any prior media form. It doesn’t require author/publisher cooperation, and the questions could be sourced from a variety of producers (related:[Audiobooks are produced under a wide variety of business models](https://notes.andymatuschak.org/zbdNE8WLUE8SgBKvUgd8TCdQnmTj6CjJ94B)).",
    "translation": "但这是一种非常灵活的方法，基本上可以适用于任何先前的媒体形式。它不需要作者/出版商合作，问题可以来自不同的制作人（相关笔记：[有声读物是在各种各样的商业模型下制作的](https://notes.andymatuschak.org/zbdNE8WLUE8SgBKvUgd8TCdQnmTj6CjJ94B)）。",
    "stage": 5
  },
  {
    "key": "8",
    "original": "Separately, the distribution channel is terrible: someone who’s reading a book has to decide to separately seek out additional material around it, check our app for support, and possibly pay separately for that material. Discussion of a book/PDF on Twitter doesn’t point people towards this companion. There aren’t any meaningful network effects.",
    "translation": "另外，分销渠道很糟糕：阅读一本书的人必须决定单独寻找周围的其他材料，检查我们的应用程序以获得支持，并可能为这些材料单独付费。在 Twitter 上对一本书/PDF 的讨论并不会将人们引向这个同伴。无法形成任何有意义的网络效应。",
    "stage": 5
  },
  {
    "key": "9",
    "original": "## Browser extension page for web books",
    "translation": "## 给在线图书的浏览器扩展页面",
    "stage": 5
  },
  {
    "key": "10",
    "original": "For books already hosted online (like [Cell Biology by the Numbers](https://notes.andymatuschak.org/zXBk7GLFDaxgd6oMsRd5Jdr17dnCtik3MQ8)), they could be augmented via a browser extension. I don’t love this—it’s a huge ask for users. It’d be neat if we could just wrap the page in an iframe and manipulate it cross-domain, but of course no browser will allow that.",
    "translation": "对于已经在线的图书（如 [Cell Biology by the Numbers](https://notes.andymatuschak.org/zXBk7GLFDaxgd6oMsRd5Jdr17dnCtik3MQ8)），可以通过浏览器扩展来扩充它们。我不喜欢这样——这对用户来说是极高的要求。如果能将页面包装在 IFRAME 中并跨域操纵就好了，但是当然没有浏览器会允许这样做。",
    "stage": 5
  },
  {
    "key": "11",
    "original": "## Content transformation proxy",
    "translation": "## 内容转换代理",
    "stage": 5
  },
  {
    "key": "12",
    "original": "A “non-transparent” web proxy can re-serve the target web page, with the addition of an extra `<script>` tag. At least for new-user usage patterns, this is a much lighter-weight way of achieving the same results as a browser extension-based solution. You can make a linkable URL!",
    "translation": "添加一个 `<script>` 标签，通过「非透明」的网页代理重新提供目标网页。起码对于新用户来说，这种做法相比浏览器扩展的解决方案效果相同，而且更轻量。甚至可以提供可供链接的 URL！",
    "stage": 5
  },
  {
    "key": "13",
    "original": "[Hypothes.is](https://notes.andymatuschak.org/z24wddcuZTB2YvHTA4LkZ759DhydyufhrzCh) uses one of these to make its sharable links work: via.hypothes.is injects the target URL.",
    "translation": "[Hypothes.is](https://notes.andymatuschak.org/z24wddcuZTB2YvHTA4LkZ759DhydyufhrzCh) 使用其中的一种方法来使其「可共享链接」生效：via.subthe.is 注入目标 url。",
    "stage": 5
  },
  {
    "key": "14",
    "original": "This… actually seems pretty doable!",
    "translation": "这…实际上看起来挺可行的！",
    "stage": 5
  },
  {
    "key": "15",
    "original": "### Implementation considerations",
    "translation": "### 实现的注意事项",
    "stage": 5
  },
  {
    "key": "16",
    "original": "There’s even a W3C article! https://www.w3.org/TR/ct-guidelines/ (It’s a “Working Group Note”, not a ratified document).",
    "translation": "甚至还有一篇 W3C 文章！https://www.w3.org/TR/ct-guidelines/（这是「工作组笔记」，而不是已批准的文件）。",
    "stage": 5
  },
  {
    "key": "17",
    "original": "```",
    "translation": "```",
    "stage": 5
  },
  {
    "key": "18",
    "original": "If a proxy alters the response then:",
    "translation": "如果代理更改了回应体，则：",
    "stage": 5
  },
  {
    "key": "19",
    "original": "1. It must add a Warning 214 Transformation Applied HTTP header field;",
    "translation": "1. 必须在 HTTP 头字段添加 214 警告，表示应用了内容转换；",
    "stage": 5
  },
  {
    "key": "20",
    "original": "```",
    "translation": "```",
    "stage": 5
  },
  {
    "key": "21",
    "original": "See [warning codes](https://developer.mozilla.org/en-US/docs/Web/HTTP/Headers/Warning).",
    "translation": "请参阅[警告代码](https://developer.mozilla.org/en-US/docs/Web/HTTP/Headers/Warning)。",
    "stage": 5
  },
  {
    "key": "22",
    "original": "```",
    "translation": "```",
    "stage": 5
  },
  {
    "key": "23",
    "original": "Proxies **should** indicate their ability to transform content by including a comment in the Via HTTP header field consisting of the URI “http://www.w3.org/ns/ct”.",
    "translation": "代理应该在 Via HTTP 头字段留下注释，其中包含 URI \"http://www.w3.org/ns/ct\"，表示其转换内容的能力。",
    "stage": 5
  },
  {
    "key": "24",
    "original": "```",
    "translation": "```",
    "stage": 5
  },
  {
    "key": "25",
    "original": "Note security issues around link rewriting: a rewriting proxy can accidentally make two different sites be same-origin (i.e. that of the proxy). This can introduce vulnerabilities. Also:",
    "translation": "注意链接重写的安全问题：重写代理可能会意外地使两个不同的站点同源（例如与代理站点同源）。这可能会引入漏洞。另外：",
    "stage": 5
  },
  {
    "key": "26",
    "original": "```",
    "translation": "```",
    "stage": 5
  },
  {
    "key": "27",
    "original": "The practice of intercepting HTTPS links is strongly NOT RECOMMENDED.",
    "translation": "**强烈反对**拦截 HTTPS 链接的做法。",
    "stage": 5
  },
  {
    "key": "28",
    "original": "If a proxy rewrites HTTPS links, it must advise the user of the security implications of doing so and must provide the option to bypass it and to communicate with the server directly.",
    "translation": "如果代理重写 HTTPS 链接，它必须告知用户这样做的安全影响，并且必须提供绕过它并直接与服务器通信的选项。",
    "stage": 5
  },
  {
    "key": "29",
    "original": "...",
    "translation": "...",
    "stage": 5
  },
  {
    "key": "30",
    "original": "When forwarding responses from servers proxies must notify the user of invalid server certificates.",
    "translation": "转发来自服务器的响应时，代理必须通知用户无效的服务器证书。",
    "stage": 5
  },
  {
    "key": "31",
    "original": "```",
    "translation": "```",
    "stage": 5
  },
  {
    "key": "32",
    "original": "Basically all links are HTTPS these days, so this more or less amounts to “don’t rewrite links”! Or at least: be *extremely* careful.",
    "translation": "现在基本上所有的链接都是 HTTPS，所以这或多或少相当于「不要重写链接」！或者至少：要「极其」小心。",
    "stage": 5
  },
  {
    "key": "33",
    "original": "See also the HTTP 1.1 RFC’s [comments on intermediary transformations](https://datatracker.ietf.org/doc/html/rfc7230#section-5.7.2).",
    "translation": "另请参阅 HTTP 1.1 RFC 的[对中间层转换的评论](https://datatracker.ietf.org/doc/html/rfc7230#section-5.7.2)。",
    "stage": 3
  },
  {
    "key": "34",
    "original": "```",
    "translation": "```",
    "stage": 5
  },
  {
    "key": "35",
    "original": "A proxy that transforms the payload of a 200 (OK) response can further inform downstream recipients that a transformation has been applied by changing the response status code to 203 (Non-Authoritative Information)",
    "translation": "转换 200（OK）响应的有效载荷的代理还可以通过将响应状态代码更改为 203（非权威信息）来进一步通知下游接收者已经应用了转换",
    "stage": 5
  },
  {
    "key": "36",
    "original": "```",
    "translation": "```",
    "stage": 5
  },
  {
    "key": "37",
    "original": "See also this preliminary [Content Transformation Landscape 1.0](https://www.w3.org/TR/2009/NOTE-ct-landscape-20091027/#d0e276)",
    "translation": "另请参阅此初步文档：[内容转换前景 1.0](https://www.w3.org/TR/2009/NOTE-ct-landscape-20091027/#d0e276)",
    "stage": 5
  },
  {
    "key": "38",
    "original": "## Custom PDF / EPUB reader",
    "translation": "## 自定义 PDF / EPUB 阅读器",
    "stage": 5
  },
  {
    "key": "39",
    "original": "We could make our own PDF or EPUB reader apps which add these elements inline to those existing media forms. Or maybe it’s a web-based viewer, bookmarklet-style: prepend any PDF URL with “[http://mnemonic.com”](http://mnemonic.xn--com-9o0a/) to read it in this form, etc.",
    "translation": "我们可以制作自己的 PDF 或 EPUB 阅读器应用程序，将这些元素内联到现有的媒体形式中。或者它可能是基于 Web 的书签式阅览器：在任何 PDF URL 前面加上 [“http://mnemonic.com”](http://mnemonic.xn--com-9o0a/)，以便以这种形式阅读它，等等。",
    "stage": 5
  },
  {
    "key": "40",
    "original": "Doing this for EPUBs isn’t really viable while DRM remains pervasive. Legally-purchased ebook couldn’t be opened in our reader. So doing this for ebooks would require us becoming an ebook store. Yuck.",
    "translation": "在 DRM 仍然无处不在的情况下，为 EPUB 做这件事不太可行。合法购买的电子书无法在我们的阅读器中打开。因此，为电子书这样做需要成立一家电子书商店。真恶心。",
    "stage": 5
  },
  {
    "key": "41",
    "original": "This would be a ton of work. Big distribution channel problems here.",
    "translation": "这将是一项繁重的工作。这里的分销渠道问题很大。",
    "stage": 5
  },
  {
    "key": "42",
    "original": "Honestly, a better approach to PDFs is probably through one of the myriad “PDF-to-web page” tools. Take the academic PDF; turn it into a web publication; *then* enhance it (e.g. via [Turning any web page into the mnemonic medium](https://notes.andymatuschak.org/z2hABbXxq3dz9XQ6bWrqLyModyC5EC2MXxNA)).",
    "translation": "老实说，处理 PDF 的一个更好的方法可能是通过无数的「PDF 到网页」工具中的一种。获取学术 PDF；将其转换为网络出版物；**然后**对其增强（例如，通过[把任意网页转化成助记媒介](https://notes.andymatuschak.org/z2hABbXxq3dz9XQ6bWrqLyModyC5EC2MXxNA)）。",
    "stage": 5
  },
  {
    "key": "43",
    "original": "## AR glasses",
    "translation": "## AR 眼镜",
    "stage": 5
  },
  {
    "key": "44",
    "original": "If we’re all wearing AR glasses in the future, we can magically enhance books in all kinds of interesting ways. Too far off to consider seriously? If the rumors about Apple’s 2022 glasses offering are true, AR overlays might become quite mainstream soon…",
    "translation": "如果我们将来都戴 AR 眼镜，我们可以用各种有趣的方式神奇地增强书籍。太遥远了，难以认真考虑？如果有关苹果 2022 年推出眼镜的传言属实，AR 覆盖即将引领新潮流…",
    "stage": 5
  }
]