[
  {
    "key": "0",
    "original": "# Interleaved mnemonic medium prompts promote a feeling of safety",
    "translation": "# 材料中嵌入助记媒介卡片能带来安全感",
    "stage": 9
  },
  {
    "key": "1",
    "original": "[Interleaved mnemonic medium prompts promote a feeling of safety (andymatuschak.org)](https://notes.andymatuschak.org/z2TCHSDXHpLAH7137LZ5zZjcRVepwtrMVLpk)",
    "translation": "原文：[Interleaved mnemonic medium prompts promote a feeling of safety (andymatuschak.org)](https://notes.andymatuschak.org/z2TCHSDXHpLAH7137LZ5zZjcRVepwtrMVLpk)",
    "stage": 5
  },
  {
    "key": "2",
    "original": "I notice that when I’m reading a text in the [Mnemonic medium](https://notes.andymatuschak.org/z4rRX3qwSSJRsEkdXKwH2shamgHNeRthrMLiF), I feel a sense of safety: the details might feel quite difficult as I’m reading, but I’m confident that a review set will arrive soon, and it’ll ensure that I walk away understanding what I “should” understand. A number of other readers have reported similar feelings.",
    "translation": "我注意到，阅读[助记媒介](https://notes.andymatuschak.org/z4rRX3qwSSJRsEkdXKwH2shamgHNeRthrMLiF)中的一篇文章时，我有种安全感：在阅读的时候，我可能会对细节感觉很困难，但我相信很快就会有复习集到来，确保我读完文章后，我能理解我「应该」理解的东西。不少读者也报告了类似的感受。",
    "stage": 5
  },
  {
    "key": "3",
    "original": "[Matt Clancy](https://notes.andymatuschak.org/z2WiVeLTK9MUkBZcVAc53qrHXB8mtG1onp71r) says of his students: “they liked being able to watch the videos and have confidence that they got what they were supposed to get out of it, since the questions followed immediately after”",
    "translation": "[Matt Clancy](https://notes.andymatuschak.org/z2WiVeLTK9MUkBZcVAc53qrHXB8mtG1onp71r) 这样描述他的学生：「他们喜欢观看视频时相信自己学到应该学的知识，因为视频之后就是问题。」",
    "stage": 5
  },
  {
    "key": "4",
    "original": "This feeling is partially misleading. It’s easy to lean too hard on the intermittent review areas, relying on them to ensure that I’ve learned the material as intended. But [Understanding requires effortful engagement](https://notes.andymatuschak.org/zX1WtJ4ouE8sjN1NgWHsGVg8ZnVfp5Kz74Vs); if I’m not really engaging with the ideas as I’m reading, I’ll only absorb some disconnected details reinforced by the prompts, rather than a full network.",
    "translation": "这种感觉在一定程度上具有误导性。读者很容易过度依赖文本中间或出现的复习区域，依赖它们来确保自己按预期学习了材料。但[理解概念需与其尽力较量](https://notes.andymatuschak.org/zX1WtJ4ouE8sjN1NgWHsGVg8ZnVfp5Kz74Vs)；如果我在阅读时没有实打实地琢磨想法，我只会通过卡片的强化记住一些零碎细节，而不是完整的知识网络。",
    "stage": 5
  },
  {
    "key": "5",
    "original": "Yuanting Mao:",
    "translation": "Yuanting Mao：",
    "stage": 5
  },
  {
    "key": "6",
    "original": "> My feeling of uncertainty when skimming the article was greatly reduced. In fact, sometimes I did the prompts first, then looked back to find the explanations in the text.",
    "translation": "> 我浏览这篇文章时的不确定感大大减少了。事实上，有时我会先回答卡片，然后回头看文本中的解释。",
    "stage": 5
  }
]