[
  {
    "key": "0",
    "original": "# It’s particularly difficult to write consistently-remembered prompts for non-technical mnemonic texts",
    "translation": "# 为非技术性助记文章编写稳定回忆的卡片尤为困难",
    "stage": 9
  },
  {
    "key": "1",
    "original": "[It’s particularly difficult to write consistently-remembered prompts for non-technical mnemonic texts (andymatuschak.org)](https://notes.andymatuschak.org/zHqUpBp6s1n2KcyXSWh6mJvKmrtKFWQ6E6N)",
    "translation": "原文：[It’s particularly difficult to write consistently-remembered prompts for non-technical mnemonic texts (andymatuschak.org)](https://notes.andymatuschak.org/zHqUpBp6s1n2KcyXSWh6mJvKmrtKFWQ6E6N)",
    "stage": 5
  },
  {
    "key": "2",
    "original": "It’s been interesting to compare the reader accuracies on Quantum Country’s questions to those of the several non-technical mnemonic essays published so far. In Quantum Country, 109/112 (97%) questions have >50% in-essay accuracy; 97/112 (86%) have >75%.",
    "translation": "将读者回答《量子国度》问题的正确率，与这几篇非技术性助记文章的正确率比较，别有一番趣味。《量子国度》中，109/112（97%）的问题的文章内准确度大于 50%；97/112（86%）的问题大于 75%. ",
    "stage": 5
  },
  {
    "key": "3",
    "original": "But the other essays have much lower accuracy rates (50+% accuracy, 75+% accuracy):",
    "translation": "但其他文章的准确率要低得多（50% 以上的准确率，75% 以上的准确率）：",
    "stage": 5
  },
  {
    "key": "4",
    "original": "- Me, [How to write good prompts](https://andymatuschak.org/prompts/): 83%, 33%",
    "translation": "- 我自己，[如何写出好卡片](https://andymatuschak.org/prompts/)：83%，33%",
    "stage": 5
  },
  {
    "key": "5",
    "original": "- Eggplant , [Maps, the territory, and metarationality](https://metarationality.com/maps-and-territory): 86%, 50%",
    "translation": "- Eggplant，[地图、领土和元理性](https://metarationality.com/maps-and-territory)：86%，50%",
    "stage": 5
  },
  {
    "key": "6",
    "original": "- Nintil, [Was Planck right? The effects of aging on the productivity of scientists](https://nintil.com/age-and-science/): 90%, 77%",
    "translation": "- Nintil，[普朗克是对的吗？老龄化对科学家生产力的影响](https://nintil.com/age-and-science/)：90%，77%",
    "stage": 5
  },
  {
    "key": "7",
    "original": "  (I should probably just visualize these distributions—this is hard to read)",
    "translation": "（我可能应该将这些分布可视化——这样写太难读了）",
    "stage": 5
  },
  {
    "key": "8",
    "original": "I note that Matt Clancy’s Orbit-using microeconomics course has distributions of question accuracy closer to Quantum Country’s than to these non-technical essays.",
    "translation": "Matt Clancy 在她的微观经济学课程中使用 Orbit, 我注意到她的问题正答分布更接近量子国度，而非那些非技术性文章。",
    "stage": 5
  },
  {
    "key": "9",
    "original": "The failure modes are also worse: QC’s worst questions are forgotten about half the time; these essays’ worst questions are forgotten 70+% of the time.",
    "translation": "失败时的情况更差了：《量子国度》的问题有一半的机会被遗忘；这些文章的问题最差时会有 70% 的可能被遗忘。",
    "stage": 5
  },
  {
    "key": "10",
    "original": "This is likely one quantitative reflection of [Mnemonic medium readers sometimes feel impeded by authors’ wording choices](https://notes.andymatuschak.org/zMFKJdtNGpucVUcitRVJiMxfyoNY4A4c2Bd).",
    "translation": "这可能是[助记媒介的读者有时会因作者的措辞选择而感到受阻](https://notes.andymatuschak.org/zMFKJdtNGpucVUcitRVJiMxfyoNY4A4c2Bd)的一种定量反映。",
    "stage": 3
  }
]