[
  {
    "key": "0",
    "original": "# Lessons learned from applying the mnemonic medium to non-technical texts",
    "translation": "# 将助记媒介应用于非技术性文章的经验教训",
    "stage": 9
  },
  {
    "key": "1",
    "original": "[Lessons learned from applying the mnemonic medium to non-technical texts (andymatuschak.org)](https://notes.andymatuschak.org/ztWkeRtP1VRttCcrGPmDH6trs3vobziJMHT)",
    "translation": "原文：[Lessons learned from applying the mnemonic medium to non-technical texts (andymatuschak.org)](https://notes.andymatuschak.org/ztWkeRtP1VRttCcrGPmDH6trs3vobziJMHT)",
    "stage": 5
  },
  {
    "key": "2",
    "original": "Trying to adapt the [Mnemonic medium](https://notes.andymatuschak.org/z4rRX3qwSSJRsEkdXKwH2shamgHNeRthrMLiF) to non-technical texts (e.g. with [How to write good prompts](https://andymatuschak.org/prompts)):",
    "translation": "尝试让[助记媒介](https://notes.andymatuschak.org/z4rRX3qwSSJRsEkdXKwH2shamgHNeRthrMLiF)适应非技术性文本（例如，[如何写出好卡片](https://andymatuschak.org/prompts)）：",
    "stage": 5
  },
  {
    "key": "3",
    "original": "- [It’s particularly difficult to write consistently-remembered prompts for non-technical mnemonic texts](https://notes.andymatuschak.org/zHqUpBp6s1n2KcyXSWh6mJvKmrtKFWQ6E6N)",
    "translation": "- [为非技术性助记文章编写能被一致记忆的卡片尤为困难](https://notes.andymatuschak.org/zHqUpBp6s1n2KcyXSWh6mJvKmrtKFWQ6E6N)",
    "stage": 5
  },
  {
    "key": "4",
    "original": "- [Cloze deletions often create frustrations in non-technical mnemonic texts](https://notes.andymatuschak.org/z7vMfxWXDXhyJr3X69Yjwt6FjkSsKC9G3QqZU)",
    "translation": "- [在非技术性的助记文本中，挖空常常造成挫败感](https://notes.andymatuschak.org/z7vMfxWXDXhyJr3X69Yjwt6FjkSsKC9G3QqZU)",
    "stage": 5
  },
  {
    "key": "5",
    "original": "- [Mnemonic medium readers sometimes feel impeded by authors’ wording choices](https://notes.andymatuschak.org/zMFKJdtNGpucVUcitRVJiMxfyoNY4A4c2Bd)",
    "translation": "- [助记媒介的读者有时会因作者的措辞选择而感到受阻](https://notes.andymatuschak.org/zMFKJdtNGpucVUcitRVJiMxfyoNY4A4c2Bd)",
    "stage": 5
  },
  {
    "key": "6",
    "original": "In terms of the author’s experience:",
    "translation": "从作者的感受来说：",
    "stage": 5
  },
  {
    "key": "7",
    "original": "- [Writing non-technical mnemonic texts requires extra concept handles](https://notes.andymatuschak.org/z2jD91wK8CiwDwr1qX33tfFBboyD6kcanVx3)",
    "translation": "-[编写非技术性助记文章需要额外的概念抓手](https://notes.andymatuschak.org/z2jD91wK8CiwDwr1qX33tfFBboyD6kcanVx3)",
    "stage": 5
  },
  {
    "key": "8",
    "original": "Anecdotal tidbits:",
    "translation": "趣闻轶事：",
    "stage": 5
  },
  {
    "key": "9",
    "original": "- Appears to also cause [The mnemonic medium may push readers to read more slowly and attentively](https://notes.andymatuschak.org/z7W1Zr7wEGptA3bFYwwaPbCFLBo54xXmQLQdK)",
    "translation": "- 这似乎还会导致[助记媒介可能会促使读者更缓慢、更专注地阅读](https://notes.andymatuschak.org/z7W1Zr7wEGptA3bFYwwaPbCFLBo54xXmQLQdK)",
    "stage": 5
  },
  {
    "key": "10",
    "original": "  - [Geoffrey Litt](https://twitter.com/geoffreylitt/status/1354068131145277441): “The Orbit integration made me slow down and take the act of reading more seriously. Several times it helped me realize I had skimmed over entire paragraphs without even noticing how little I was paying attention”",
    "translation": "  - [Geoffrey Litt](https://twitter.com/geoffreylitt/status/1354068131145277441)：「集成的 Orbit 让我放慢了速度，更认真地对待阅读这一行为。有几次，它帮助我意识到我浏览了整段文字，甚至没有注意到我是多么地漫不在乎。」",
    "stage": 5
  },
  {
    "key": "11",
    "original": "- Helps with motivation—feels like a real investment",
    "translation": "- 有助于激励——感觉像是一项真正的投资",
    "stage": 5
  },
  {
    "key": "12",
    "original": "  - [Giacomo Randazzo](https://twitter.com/randiisan/status/1354353100342099968): “Not only did Orbit motivate me in reading more carefully, it was also a big incentive in investing time in reading the essay: I know I’ll keep in touch with it over time, creating way more connections compared to a superficial read.”",
    "translation": "  - [Giacomo Randazzo](https://twitter.com/randiisan/status/1354353100342099968)：「Orbit 不仅激励我更仔细地阅读，还给了我投入时间阅读这篇文章的一大动机：我知道，随着时间的推移，我会与它保持联系，与肤浅的阅读相比，我会建立更多的联系。」",
    "stage": 5
  },
  {
    "key": "13",
    "original": "  - [NothingIsntTrivial](https://twitter.com/IsntTrivial/status/1355824621988294660) “I feel like I’m “getting something out of it”. “",
    "translation": "  - [NothingIsntTrivial](https://twitter.com/IsntTrivial/status/1355824621988294660)：「我觉得我从中得到了一些东西。」",
    "stage": 5
  },
  {
    "key": "14",
    "original": "- Very effortful",
    "translation": "- 非常费力",
    "stage": 5
  },
  {
    "key": "15",
    "original": "  - Geoffrey Litt: [took way more effort than I’m used to for “internet reading”! Got me into “paper reading” mind space.](https://twitter.com/geoffreylitt/status/1354070813901774848)",
    "translation": "  - Geoffrey Litt：[比我习惯的「网络阅读」付出了更多的努力！让我进入了「纸质阅读」的思维空间](https://twitter.com/geoffreylitt/status/1354070813901774848)",
    "stage": 5
  },
  {
    "key": "16",
    "original": "- “Feels like homework” / “stressful”",
    "translation": "- 「感觉像是做作业」/「压力很大」",
    "stage": 5
  },
  {
    "key": "17",
    "original": "  - [Emily](https://twitter.com/the_aiju/status/1353830207384412160): “the orbit thing on the recent @meaningness essay reminds me of school homework”",
    "translation": "  - [Emily](https://twitter.com/the_aiju/status/1353830207384412160)：「最近 @meaningness 的文章中关于 Orbit 的事情让我想起了学校作业。」",
    "stage": 5
  },
  {
    "key": "18",
    "original": "  - [Lucca](https://twitter.com/lucca_dev/status/1354525137199104001): ”It feels like there is a huge mental chasm between reading and answering prompts. Reading for me is to walk in strange and wonderful lands. Answering prompts is a very cold, grey thing to do.”",
    "translation": "  - [Lucca](https://twitter.com/lucca_dev/status/1354525137199104001)：「感觉阅读和回答卡片之间存在巨大的心理鸿沟。阅读对我来说就是行走在陌生而奇妙的国度。回答卡片则是一件非常冷淡、灰暗的事情。」",
    "stage": 3
  },
  {
    "key": "19",
    "original": "  - [Kenny](https://metarationality.com/now-with-orbit/comments#c6869): “It was overall a little jarring – I genuinely enjoy reading your writing and answering questions in between was noticeably different. I’m not ‘sold’ on it, but I’m open to continue testing it!”",
    "translation": "  - [Kenny](https://metarationality.com/now-with-orbit/comments#c6869)：「总体来说有点不和谐——我真的很喜欢读你的文章，而在文中回答问题则有明显的不同。我不太「看好」它，但我愿意继续测试它！」",
    "stage": 3
  },
  {
    "key": "20",
    "original": "  - [Henry](javascript:void(0)): “…it somehow stressed me out. Instead of reading (an already intellectually dense) text, I felt like I was being quizzed or in class somehow. I got through about 30% of the article and then exited because it felt strangely stressful. What started as a pleasurable experience reading a smart man's take on metarationality turned into a reflection of my own intellectual inadequacy of retention. … I recognize that some of this is my own negative story (and accurate assessment) at my retention of new, challenging intellectual concepts. Part of it was an emotional response to something deeper that I can’t quite put my finger on yet. Part of me wishes I could opt in / opt out at the top and all the Orbits would hide dynamically below. Because I’m an overachiever, I simply can’t (don’t want to?) skip over the purple boxes, but stopping to answer each question, and then scrolling back up to find the answers, makes it a much more laborious and heavy-feeling reading experience. Much more like I’m in a course and I’m going to get a grade (ick) vs. growing my own intellectual landscape (yay). And, at the same time, I totally recognize that my retention of the core concepts is likely to increase from going through those prompts. So it may just be me needing to get over myself and devote the appropriate time for the material. It’s just fascinating to me that I had such a visceral emotional response in this post whereas I did not in reading any of your other (equally intellectually dense) posts. Perhaps I should have said it eustressed me out. Definitely not a bad thing, albeit uncomfortable.”",
    "translation": "  -[Henry](javascript：void(0))：「…不知何故，这让我压力很大。这不像是阅读（一篇智力已经很密集的）文本，而是让我觉得自己好像在课堂上接受某种方式的测验。我读完了这篇文章大约 30% 的内容，然后退出了，因为它感觉到了奇怪的压力。一开始，阅读一位聪明人对元理性的看法是一次愉快的经历，后来变成了我自己在记忆能力方面的智力缺陷的反映。…我认识到，这其中有一些是我自己的负面故事（和准确的评估），因为我记住了新的、具有挑战性的知识概念。其中一部分是对一些更深层次的东西的情感反应，我还不太清楚。我的一部分希望我可以选择在顶部加入/选择退出，所有的 Orbit 都会动态隐藏在下面。因为我是个成就超群的人，我就是不能（不想？）跳过紫色的方框，但停下来回答每个问题，然后向上滚动找到答案，这会使阅读体验变得更加费力和沉重。更像是我在上一门课，我会拿到分数（呕），而不是培养我自己的智力景观（耶）。与此同时，我完全认识到，通过这些卡片，我对核心概念的记忆可能会增加。因此，我可能只是需要克服自己，花适当的时间去学习这些材料。令我着迷的是，我在这篇文章中有如此发自内心的情感反应，而在阅读你的任何其他（同样智力密集的）帖子时，我却没有。或许我应该说这让我压力很大。虽然不舒服，但绝对不是坏事。」",
    "stage": 3
  },
  {
    "key": "21",
    "original": "- Prompts expect people to internalize abstractions too quickly",
    "translation": "- 卡片期望人们过快地将抽象内化",
    "stage": 5
  },
  {
    "key": "22",
    "original": "  - [Lucca](https://twitter.com/lucca_dev/status/1354539371408617472?s=20): “Texts can deal with variability of understanding because they typically don’t need you to understand everything right away. If you don’t “get” a prompt, you are stopped right in your tracks.”",
    "translation": "  - [Lucca](https://twitter.com/lucca_dev/status/1354539371408617472?s=20)：「文本可以处理理解的可变性，因为它们通常不需要你立即理解所有内容。而如果你没『明白』一张卡片，你马上就会卡住。」",
    "stage": 5
  }
]