[
  {
    "key": "0",
    "original": "# Mnemonic medium readers sometimes feel impeded by authors’ wording choices",
    "translation": "# 助记媒介的读者有时会因作者的用词而感到受阻",
    "stage": 9
  },
  {
    "key": "1",
    "original": "[Mnemonic medium readers sometimes feel impeded by authors’ wording choices (andymatuschak.org)](https://notes.andymatuschak.org/zMFKJdtNGpucVUcitRVJiMxfyoNY4A4c2Bd)",
    "translation": "原文：[Mnemonic medium readers sometimes feel impeded by authors’ wording choices (andymatuschak.org)](https://notes.andymatuschak.org/zMFKJdtNGpucVUcitRVJiMxfyoNY4A4c2Bd)",
    "stage": 5
  },
  {
    "key": "2",
    "original": "In the feedback to [How to write good prompts](https://andymatuschak.org/prompts), a number of readers report feeling that they’ve had difficulty answering some prompts because they’re framed in terms of my wording. Not that my wording is bad or wrong—it’s just that these readers feel that if *they* had worded the question themselves, they’d have chosen different phrasing which would have stuck better for them, personally.",
    "translation": "在[如何出好卡片](https://andymatuschak.org/prompts)的反馈中，一些读者表示，他们在回答一些卡片时感到困难，因为这些卡片是以我的措辞为框架。并不是说我的措辞不好或不对——只是这些读者觉得，如果**他们**自己来写问题，他们会选择不同的措辞，对他们个人来说会更有说服力。",
    "stage": 5
  },
  {
    "key": "3",
    "original": "We didn’t get this feedback in reports on Quantum Country; I think it’s an issue specific to this being a *non-technical* text. The wording complaint arises because there isn’t a fixed, pre-specified way to refer to some notion, which makes it impossible to follow the [Expert response heuristic, after Issa Rice](https://notes.andymatuschak.org/zEfpMY7F12gQ6NcbycHCNdpXqxb2mxdkJiX). The author had to come up with terms themselves, and the reader feels they might have used different ones. This happens in technical texts, too, but less frequently: the referents are more often precisely specifiable.",
    "translation": "我们在关于《量子国度》的报告中没有收到这种反馈；我认为这是一个专门针对**非技术性**文本的问题。用词抱怨的出现，是因为没有固定的、预先规定的方式来指代某些概念，这使得我们无法遵循[专家回答启发式（由 Issa Rice 提出）](https://notes.andymatuschak.org/zEfpMY7F12gQ6NcbycHCNdpXqxb2mxdkJiX)。作者不得不自己想出一些术语，而读者觉得他们可能会使用不同的术语。这种情况在技术文本中也会发生，但不太常见：所指对象往往是可以精确说明的。",
    "stage": 3
  },
  {
    "key": "4",
    "original": "This complaint was mostly focused on cloze deletion prompts, which are extra-dependent on issues of wording: [Cloze deletions often create frustrations in non-technical mnemonic texts](https://notes.andymatuschak.org/z7vMfxWXDXhyJr3X69Yjwt6FjkSsKC9G3QqZU)",
    "translation": "这种抱怨主要集中在挖空卡片上，它格外受制于用词问题：[在非技术性的助记文本中，挖空常常造成挫败感](https://notes.andymatuschak.org/z7vMfxWXDXhyJr3X69Yjwt6FjkSsKC9G3QqZU)",
    "stage": 5
  },
  {
    "key": "5",
    "original": "More broadly speaking, [The mnemonic medium should give readers control over the prompts they collect](https://notes.andymatuschak.org/z3XqmAYKcD411jZgBik9oyXgcrarXycADWVeh).",
    "translation": "更广泛地说，[助记媒介应该让读者对他们收集的卡片进行控制](https://notes.andymatuschak.org/z3XqmAYKcD411jZgBik9oyXgcrarXycADWVeh)。",
    "stage": 5
  },
  {
    "key": "6",
    "original": "------",
    "translation": "------",
    "stage": 5
  },
  {
    "key": "7",
    "original": "mduncs:",
    "translation": "mduncs：",
    "stage": 3
  },
  {
    "key": "8",
    "original": "> something that caught my attention with the mnemonic essay format and some review with Orbit is the difficulty in remembering prompts that aren’t written in *my* voice. little differences in phrasing and vocabulary help things stick out but hinder them sticking in my mind.",
    "translation": "> 助记文章的格式和 Orbit 的一些复习引起了我的注意，那就是很难记住那些不是用**我的**声音写的卡片。措辞和用词的小差异让内容更显眼，但却让我难以铭记。",
    "stage": 5
  },
  {
    "key": "9",
    "original": "[Geoffrey Litt](https://twitter.com/geoffreylitt/status/1354068995629002753)",
    "translation": "[Geoffrey Litt](https://twitter.com/geoffreylitt/status/1354068995629002753)",
    "stage": 5
  },
  {
    "key": "10",
    "original": "> One thing I noticed: while prompts were generally good, some answers weren’t phrased the way I would have written. Which leaves me unsure how well I’ll remember.",
    "translation": "> 我发现一个问题：虽然大多数卡片都写得很好，但有些答案的用词和我的习惯不同。这让我不确定自己的记忆程度如何。",
    "stage": 3
  },
  {
    "key": "11",
    "original": "[Soren Bjornstad](javascript:void(0)):",
    "translation": "Soren Bjornstad：",
    "stage": 5
  },
  {
    "key": "12",
    "original": "> On that note, the prompts about terminology seem to be particularly hard for me. My impression was that some of the terms are onlyincluded in clozes, and not first prompted for by questions, which might contribute given the above…but I don’t actually have an easily accessible list of all the prompts so I can’t be objective about this. This might also be a sort of cognitive interference in that it’s harder to take to terms that aren’t for new concepts, and I already have my own terms? So I’m not sure if any of this experience would translate to the primary intended audience of this article.",
    "translation": "> 说到这，关于专业术语的卡片对我来说真的有些棘手。我感觉有些词只在填空卡出现，不是由问题先行提及的，这或许加重了上述问题。但我手头并没有一份完整的卡片清单，所以无法做出确切判断。这是否因为某种认知上的冲突，导致我更难去接受并非新概念的术语，毕竟我已经有了自己习惯的叫法？因此，我不太确定我的体验是否对这篇文章的主要读者群有参考价值。",
    "stage": 5
  },
  {
    "key": "13",
    "original": ">",
    "translation": ">",
    "stage": 5
  },
  {
    "key": "14",
    "original": "> [me: Interestingly, quite a few people have expressed the same trouble with clozes, particularly those which end up feeling essentially linguistic. I think it’s pretty important that I understand this better. This type of prompt works reasonably well (but not amazingly well) when I write it for myself. I think part of the issue is that when I write it for myself, I’m acknowledging: “listen, what I’m basically doing here is memorizing a piece of terminology the author has chosen to use, because I think the wording itself is helpful.” But when the author asks you to do it, it feels like an arbitrary imposition—you’re being asked to memory specific wording, which feels like the wrong level of abstraction.](https://notes.andymatuschak.org/zMFKJdtNGpucVUcitRVJiMxfyoNY4A4c2Bd)",
    "translation": "> 我：有趣的是，很多人都提到了跟填空卡有关的相同问题，特别是那些感觉更像是语言学上的。我觉得我真的需要更深入地了解这一点。当我为自己写这种卡片时，它的效果还算不错。我觉得部分原因是，当我自己这么做时，我在想：「看，我这其实就是在背作者选的一个术语，因为我觉得这个词本身挺有帮助的。」但当这是作者给出的要求时，有时感觉有点被强迫——你被要求记住特定的措辞，这感觉像是错误的抽象层次。",
    "stage": 3
  },
  {
    "key": "15",
    "original": ">",
    "translation": ">",
    "stage": 5
  },
  {
    "key": "16",
    "original": "> This feels like an accurate assessment to me. And an update on the results of a month or so of reviewing: I’ve picked up on many of them, but the ones I’m continuing to have trouble with all fall in this category.",
    "translation": "> 对我来说，这种看法很准确。更新一下，经过大概一个月的复习，我已经掌握了很多，但我仍然觉得某些卡片难以掌握，特别是上述那一类。",
    "stage": 3
  },
  {
    "key": "17",
    "original": "Stephen Malina:",
    "translation": "Stephen Malina：",
    "stage": 5
  },
  {
    "key": "18",
    "original": "> Inability to edit cards. I often find that my first writing of (especially) answers to prompt doesn’t fit the way I actually end up recalling the answer, even though the actual way I recall the answer is also valid. As a result, with my own Anki cards I often edit answers to be phrased in the way that I tend to recall the answers. I find that otherwise every time I see the card, my scrupulous tendencies get triggered and I question whether my different phrasing means the same thing as the answer as stated on the card. On the other hand, with Orbit, not only are the prompt answers uneditable, but they’re phrased in your (or Jose’s) vocabulary rather than my own. While this may seem like a minor thing, it adds a a small but real burden to going through prompts.",
    "translation": "> 无法编辑卡片。我经常发现，我第一次写卡片时的（特别是）答案表述，与我最后实际回忆答案的表述并不相同，尽管我回忆答案的表述也是有效的。因此，对于我自己的 Anki 卡片，我经常编辑答案，使之符合我倾向于回忆答案的表述。不然的话，每次看到卡片，我都纠结：我的回答虽然意思一样，但为啥和卡片上的不一样呢？而在 Orbit 里，问题更大了。不仅不能编辑卡片答案，而且它们都用你（或 Jose）的词汇表述，而不是我自己的。虽然这看起来是小事，但在查看卡片时确实增加了一些负担。",
    "stage": 3
  },
  {
    "key": "19",
    "original": ">",
    "translation": ">",
    "stage": 3
  },
  {
    "key": "20",
    "original": "> Inability to add and remove cards. I think you did a great job with the prompt cards, yet I still find that a small fraction of them just don’t make sense to me. For example, there’s a card about “Focus: “ that I just consistently misanswer. Normally, I’d deal with this by either removing the card or adding additional cards to fill in whatever gaps I think prevent me from getting these cards (as you also recommend), but with Orbit I can’t so I find myself stuck with these cards as leeches. I’ve found consistently seeing these leeches and getting them wrong seems to disproportionately impact the emotional experience of reviewing cards.",
    "translation": "> 无法添加和删除卡片。我认为你制作的卡片做得很好，但我仍然发现其中少数卡片对我来说没有意义。例如，有一张关于「关注：」的卡片，我总是答错。通常情况下，我会通过移除这张牌或添加额外的牌，填补我认为阻碍我回答这些卡片的空白来解决这个问题（正如你所建议的那样），但在 Orbit 中我无法这样做，所以我发现自己一直被这些“水蛭”困扰。我发现，老是看到这些“水蛭”，每次都答不上来，复习的心情都给弄差了。",
    "stage": 3
  },
  {
    "key": "21",
    "original": "## Contrary take",
    "translation": "## 相反的观点",
    "stage": 5
  },
  {
    "key": "22",
    "original": "[NothingIsntTrivial](https://twitter.com/IsntTrivial/status/1355824623405981696):",
    "translation": "[NothingIsntTrivial](https://twitter.com/IsntTrivial/status/1355824623405981696)：",
    "stage": 5
  },
  {
    "key": "23",
    "original": "> I feel like @Meaningness’s writing (in general) echoes a lot of my own thinking and experience. Our “abstraction stacks” could be very similar. I think this means it’s easier for prompts to be “good” (right amount of tractable/effortful). Answering prompts feels a lot more like building on and riffing on a line of thought I already have, rather than engaging with something entirely new.",
    "translation": "> 我觉得 @Meaningness 的文章（总体上）呼应了我自己的很多想法和经验。我们的「抽象堆栈」可能非常相似。我认为这意味着卡片更容易达到「好」的标准（不太难也不太简单）。答这些问题，更像是延续我已有的一系列思考，而不是深入全新的领域。",
    "stage": 3
  }
]