[
  {
    "key": "0",
    "original": "# Mnemonic medium onboarding depends on a critical mass of content",
    "translation": "# 接受助记媒介需要内容量达到临界值",
    "stage": 9
  },
  {
    "key": "1",
    "original": "[Mnemonic medium onboarding depends on a critical mass of content (andymatuschak.org)](https://notes.andymatuschak.org/z8jqDGL4iG67Twoe9XHH76D1Xd32YKs2P4xYp)",
    "translation": "原文：[Mnemonic medium onboarding depends on a critical mass of content](https://notes.andymatuschak.org/z8jqDGL4iG67Twoe9XHH76D1Xd32YKs2P4xYp)",
    "stage": 5
  },
  {
    "key": "2",
    "original": "A core challenge for the [Mnemonic medium](https://notes.andymatuschak.org/z4rRX3qwSSJRsEkdXKwH2shamgHNeRthrMLiF) is that [Regular spaced repetition memory practice is an onerous habit to adopt](https://notes.andymatuschak.org/zyk3ZCEVSB4Zwej3Xd4CJ2g1FynRFTZGJpQN). Happily, [The mnemonic medium may help scaffold prompt-writing through author-provided prompts](https://notes.andymatuschak.org/z4j3bcyJfBzGdpEoQje9gaVeECfsZFgMEhBNL). Author-provided prompts lower the cost (no need to write prompts) and deliver more value (they’re often high-quality). But regular memory practice still poses a significant fixed overhead. It wouldn’t make sense to start a new habit for the sake of remembering just ten prompts. A reader’s prompt collection must have higher value than the cost of practice.",
    "translation": "[助记媒介](https://notes.andymatuschak.org/z4rRX3qwSSJRsEkdXKwH2shamgHNeRthrMLiF)面对的核心挑战之一，是[规律进行间隔重复记忆练习是沉重的习惯](https://notes.andymatuschak.org/zyk3ZCEVSB4Zwej3Xd4CJ2g1FynRFTZGJpQN)。令人欣慰的是，[助记媒介可能通过提供作者提供的卡片来辅助编写新卡片](https://notes.andymatuschak.org/z4j3bcyJfBzGdpEoQje9gaVeECfsZFgMEhBNL)。作者提供的卡片降低了成本（不需要编写卡片），并提供更多的价值（作者提供的卡片通常质量高）。但是规律的记忆练习意味着日常投入大量时间，而且这笔开销难以减少。此外，只是为了记住很少内容而开始规律复习是不合情理的，比如为了记住 10 张卡片。卡片提供的价值必须超过规律复习的时间成本。",
    "stage": 5
  },
  {
    "key": "3",
    "original": "To put it another way: the prompts presented in the first few weeks of practice play an outsized role in a user’s experience. [Quantum Country](https://notes.andymatuschak.org/z2fBHADWa93EZTuNzuww7V3Vi587ZyZ4FHTHm) has about 200 prompts, which is enough scope on its own to justify a memory practice (for someone who’s committed to learning that topic). By contrast, a single article with 10–20 prompts probably can’t deliver enough value to justify starting a practice habit… but if a reader already had an active habit, it would sweeten the deal. And if there were dozens of smaller mnemonic articles which interested the reader, that would probably be fine, too.",
    "translation": "换言之，最初上手阶段呈现的一小部分卡片，对用户体验的作用却是极大的。[量子国度](https://notes.andymatuschak.org/z2fBHADWa93EZTuNzuww7V3Vi587ZyZ4FHTHm)有大约 200 张卡片，对于致力于学习量子物理的人来说，这样数量级的卡片就值得为其开始记忆练习。相比之下，单篇带有 10~20 张卡片的文章，对于开始记忆练习这个新习惯提供的价值还不够......但是假如读者已经有积极的学习习惯，那样用户也会更乐意记忆练习。而如果有十几篇助记文章都让读者产生了兴趣，即便每篇文章没提供多少卡片，培养新习惯估计也能够接受。",
    "stage": 5
  },
  {
    "key": "4",
    "original": "A reader’s introduction to the medium should cover material that’s quite important to them, and with enough depth to be worth adopting a new habit. So widespread adoption of the mnemonic medium depends on focal points like Quantum Country, which are significant enough to act as springboards for lighter-weight use cases.",
    "translation": "读者认识助记媒介的渠道应该是这样一些文章，既对读者足够重要，而且内容有深度，值得为此培养新习惯。因此助记媒介要想得到广泛使用，量子国度这样的跳板就必不可少，它提供有深度的内容，让人愿意尝鲜，进而决定是否培养这种习惯。",
    "stage": 5
  },
  {
    "key": "5",
    "original": "Relatedly: [Spaced repetition review sessions often become boring and detached without a steady stream of new prompts](https://notes.andymatuschak.org/z4hNAfe6TrqjxCydF3CaAVn1svaqiu86JFVBz). So there must be not only some substantial initial content (like a textbook), but also a steady stream of follow-on material for people to use. Or else they must be bootstrapped into writing their own prompts.",
    "translation": "相关文章：[没有源源不断的新卡片，间隔重复的复习常常变得枯燥而脱节](https://notes.andymatuschak.org/z4hNAfe6TrqjxCydF3CaAVn1svaqiu86JFVBz)。因此，不仅一开始就要有实质性的内容（如教科书），而且后续要提供源源不断的材料以供学习。否则就必须引导他们写出自己的卡片。",
    "stage": 5
  },
  {
    "key": "6",
    "original": "## Counterargument",
    "translation": "## 反驳",
    "stage": 5
  },
  {
    "key": "7",
    "original": "Devon points out (2020-04-20) that she’d actually expect it to be *easier* to onboard with smaller pieces of content, since then the review sessions would be quite small. I’m skeptical that she would stick with a review practice of only, say, 20 prompts, but this approach might work well if there were many articles available—for instance, if Marginal Revolution were annotated in this way.",
    "translation": "Devon 指出（2020-04-20），她实际上认为，通过较少的内容来接受助记媒介**更容易**，因为那样的话，复习环节就会相当短。我怀疑她是否会坚持复习区区 20 张卡片，但如果有许多文章可用，这种方法可能很有效——例如，《边际革命》以这种方式进行注释的话，就能提供很多素材。",
    "stage": 5
  }
]