[
  {
    "key": "0",
    "original": "# Simple application prompts can be presented the same way as recall prompts in the mnemonic medium",
    "translation": "# 助记媒介中简单的应用卡可以和回忆卡以同样的方式呈现",
    "stage": 9
  },
  {
    "key": "1",
    "original": "[Simple application prompts can be presented the same way as recall prompts in the mnemonic medium (andymatuschak.org)](https://notes.andymatuschak.org/z7G53bg3it1M673EPpYfNfufbzyRqqKBkt3oZ)",
    "translation": "原文：[Simple application prompts can be presented the same way as recall prompts in the mnemonic medium (andymatuschak.org)](https://notes.andymatuschak.org/z7G53bg3it1M673EPpYfNfufbzyRqqKBkt3oZ)",
    "stage": 5
  },
  {
    "key": "2",
    "original": "[The mnemonic medium can help readers apply what they’ve learned through simple application prompts](https://notes.andymatuschak.org/z6Y8xDS2AJyE1d34X99y14Sk1A7YCNas5kFjA). Such prompts share many features with our existing recall prompts:",
    "translation": "[助记媒介可以通过简单的应用卡帮助读者应用他们所学的知识](https://notes.andymatuschak.org/z6Y8xDS2AJyE1d34X99y14Sk1A7YCNas5kFjA)。这种卡片与我们现有的回忆卡有许多共同的特点：",
    "stage": 5
  },
  {
    "key": "3",
    "original": "- They can be completed in < 20 seconds",
    "translation": "- 应用卡可以在 <20 秒内回答",
    "stage": 5
  },
  {
    "key": "4",
    "original": "- They won’t feel terribly effortful",
    "translation": "- 不会让人感到非常费力",
    "stage": 5
  },
  {
    "key": "5",
    "original": "- They can be self-graded",
    "translation": "- 可以自主评分",
    "stage": 5
  },
  {
    "key": "6",
    "original": "- A binary grade is probably sufficient",
    "translation": "- 二元评分可能就足够了 ",
    "stage": 5
  },
  {
    "key": "7",
    "original": "- They benefit from the [Spacing effect](https://notes.andymatuschak.org/z5oCe7JTrkYfmb6SHE4n5HxisE7PdwS6nmXEw) (albeit possibly with a different schedule)",
    "translation": "- 两种卡片都可以从[间隔效应](https://notes.andymatuschak.org/z5oCe7JTrkYfmb6SHE4n5HxisE7PdwS6nmXEw)中受益（尽管可能有不同的时间排期）",
    "stage": 3
  },
  {
    "key": "8",
    "original": "- “Progress” can be reasonably characterized as “providing correct answers repeatedly and with increasing intervals of non-study”",
    "translation": "- 「进步」可以合理地描述为「不断正确作答，而且无需学习的时间间隔越来越长」",
    "stage": 5
  },
  {
    "key": "9",
    "original": "- While [Application prompts should vary when repeated](https://notes.andymatuschak.org/z7hqxNNJkeS2eta2eVaUx7cGB27axq2bw3h2y), those variations can reasonably be grouped as a single “prompt”/“exercise” entity which accrues progress as its constituents are completed.",
    "translation": "- 虽然[应用卡在重复时应发生变化](https://notes.andymatuschak.org/z7hqxNNJkeS2eta2eVaUx7cGB27axq2bw3h2y)，但这些变化可以合理地归纳为一个「卡片」/「练习」实体，随着其组分的不断完善而累积进步。",
    "stage": 5
  },
  {
    "key": "10",
    "original": "  - Note that this requires variations to be mostly fungible—conceptually measuring the same hidden variable.",
    "translation": "  - 需要注意的是，这要求变体能够相互替代——能在概念上测量相同的隐藏变量。",
    "stage": 5
  },
  {
    "key": "11",
    "original": "- A single prompt won’t be terribly useful, but progress over a few dozen will meaningful learning",
    "translation": "- 单张卡片不会特别有用，但在几十张卡片上进步将对学习很有意义",
    "stage": 5
  },
  {
    "key": "12",
    "original": "- They benefit from shuffling and batching (again, possibly with different parameters)",
    "translation": "- 两种卡片都受益于洗牌和分组（同样，可能有不同的参数）",
    "stage": 3
  },
  {
    "key": "13",
    "original": "Because the experiences of these question types have so much overlap, solutions to the design problems of memory prompts should mostly apply to the design problems of simple application prompts. This suggests that simple application prompts can be presented with little adaptation in the existing review environment of a [Spaced repetition memory system](https://notes.andymatuschak.org/z4eXdSMJFv2qVGXSUEKH4vdcHBrLHcFY1ZGfC).",
    "translation": "由于这些问题类型的经验有很多重合之处，记忆卡片的设计问题的解决方案通常也适用于简单应用卡的设计问题。这表明，在现有的[间隔重复记忆系统](https://notes.andymatuschak.org/z4eXdSMJFv2qVGXSUEKH4vdcHBrLHcFY1ZGfC)的复习中，几乎不用调整就能呈现简单的应用卡。",
    "stage": 5
  },
  {
    "key": "14",
    "original": "## Functional differences from recall prompts",
    "translation": "## 应用卡与回忆卡的功能差异",
    "stage": 5
  },
  {
    "key": "15",
    "original": "From a system perspective, application prompts differ in a few ways from memory prompts:",
    "translation": "从系统的角度来看，应用卡与回忆卡在几个方面的有所不同：",
    "stage": 5
  },
  {
    "key": "16",
    "original": "- The system should present different question/answer pairs each time ([Application prompts should vary when repeated](https://notes.andymatuschak.org/z7hqxNNJkeS2eta2eVaUx7cGB27axq2bw3h2y)), grouped within a single “prompt”/“exercise” entity that accrues progress.",
    "translation": "- 系统每次都应提出不同的问题/答案对（[应用卡在重复时应发生变化](https://notes.andymatuschak.org/z7hqxNNJkeS2eta2eVaUx7cGB27axq2bw3h2y)），归入一个「卡片」/「练习」实体中，以累积进度。",
    "stage": 5
  },
  {
    "key": "17",
    "original": "- Such prompts will sometimes need to provide an explanation of how the answer was produced. The explanation’s not “part” of the answer: readers should understand that they’re not meant to make their answer as incorrect if they found it a different way.",
    "translation": "- 这样的卡片有时需要对答案进行解释。但解释不是答案的「一部分」：读者应该明白，如果他们用不同的方式找到答案，并不意味着他们的答案是不正确的。",
    "stage": 5
  },
  {
    "key": "18",
    "original": "- If readers fail to answer an application prompt, they shouldn’t be asked to retry it in the same session. To maintain variation, the retry attempt would need to show a different question. This would either place a much greater burden on the author or would make the variations cycle much more quickly. Relatedly: unless the grouped “prompt”/“exercise” entity is given its own clear identity, the user will likely interpret the retry prompt as a separate problem, not an opportunity to reattempt a prior problem.",
    "translation": "- 如果读者未能回答一张应用卡，他们不应该被要求在同一个复习环节中重试同一张卡片。为了保持变化，再次尝试时需要显示一个不同的问题。但这要么会给助记媒介作者带来更重的负担，要么会使变化的周期更快。与此相关的是：除非分组的「卡片」/「练习」实体被赋予自己明确的身份，否则读者很可能将重试的卡片理解为另外一个单独的问题，而不是一次重新尝试先前问题的机会。",
    "stage": 5
  },
  {
    "key": "19",
    "original": "None of these differences is terribly significant.",
    "translation": "这些差异都不是非常显著。",
    "stage": 5
  },
  {
    "key": "20",
    "original": "## Narrative implications for the mnemonic medium",
    "translation": "## 对助记媒介的叙事意义",
    "stage": 5
  },
  {
    "key": "21",
    "original": "Though the functional differences are relatively small, these prompts force us to change how we describe the [Mnemonic medium](https://notes.andymatuschak.org/z4rRX3qwSSJRsEkdXKwH2shamgHNeRthrMLiF), how we frame our calls to action, how we narratize progress, and so on.",
    "translation": "虽然功能上的差异相对较小，但这些卡片迫使我们改变对[助记媒介](https://notes.andymatuschak.org/z4rRX3qwSSJRsEkdXKwH2shamgHNeRthrMLiF)的描述方式，改变我们安排行动的方式，以及对进展的叙述，等等。",
    "stage": 5
  },
  {
    "key": "22",
    "original": "In practice, this has meant:",
    "translation": "在实践中，这意味着：",
    "stage": 5
  },
  {
    "key": "23",
    "original": "- modifying “almost effortlessly remember what you read” to “almost effortlessly remember and apply what you read”",
    "translation": "- 将「几乎毫不费力地记住你所读的内容」修改为「几乎毫不费力地记住并应用你所读的内容」",
    "stage": 5
  },
  {
    "key": "24",
    "original": "- using more general wording in the user journey copy, e.g.:",
    "translation": "- 在读者回答中使用更通用的措辞，例如：",
    "stage": 5
  },
  {
    "key": "25",
    "original": "  - “you remembered” -> “you were able to answer”",
    "translation": "  - 「你记得」->「你能够回答」",
    "stage": 5
  },
  {
    "key": "26",
    "original": "  - “remember” -> “correctly answer”",
    "translation": "  - 「记住」->「正确回答」",
    "stage": 5
  },
  {
    "key": "27",
    "original": "  - “reinforce your memory of the material” -> “reinforce your grasp of the material”",
    "translation": "  - 「加强对材料的记忆」->「加强对材料的掌握」",
    "stage": 5
  },
  {
    "key": "28",
    "original": "  - etc",
    "translation": "  - 等。",
    "stage": 5
  }
]