[
  {
    "key": "0",
    "original": "# Substantive examples of the mnemonic medium",
    "translation": "# 助记媒介的实例",
    "stage": 9
  },
  {
    "key": "1",
    "original": "[Substantive examples of the mnemonic medium (andymatuschak.org)](https://notes.andymatuschak.org/zDmYvwSyN9YRv5HgDYwX19C28jC9qZ5qiMJ)",
    "translation": "原文：[Substantive examples of the mnemonic medium (andymatuschak.org)](https://notes.andymatuschak.org/zDmYvwSyN9YRv5HgDYwX19C28jC9qZ5qiMJ)",
    "stage": 5
  },
  {
    "key": "2",
    "original": "- [Quantum Country](https://quantum.country/)",
    "translation": "- 《[量子国度](https://quantum.country/)》",
    "stage": 5
  },
  {
    "key": "3",
    "original": "- Written with [Orbit](https://notes.andymatuschak.org/z72ioKyd4X48WndtAsfkhnKwsD8o5PaaT384o):",
    "translation": "- 使用 [Orbit](https://notes.andymatuschak.org/z72ioKyd4X48WndtAsfkhnKwsD8o5PaaT384o) 编写：",
    "stage": 3
  },
  {
    "key": "4",
    "original": "  - [How to write good prompts](https://andymatuschak.org/prompts/) by me",
    "translation": "  - 《[如何写好出好卡片](https://andymatuschak.org/prompts/)》作者：我",
    "stage": 5
  },
  {
    "key": "5",
    "original": "  - [Maps, the territory, and meta-rationality](https://metarationality.com/maps-and-territory) by [David Chapman](https://notes.andymatuschak.org/z29Uv6CnK2xSy3nivekQwMMXW2jwzd4yQWbN)",
    "translation": "  - 《[地图，领土和元理性](https://metarationality.com/maps-and-territory)》作者：[David Chapman](https://notes.andymatuschak.org/z29Uv6CnK2xSy3nivekQwMMXW2jwzd4yQWbN)",
    "stage": 5
  },
  {
    "key": "6",
    "original": "  - [Was Planck right? The effects of aging on the productivity of scientists](https://nintil.com/age-and-science/) by [Jose Luis Ricon Fernandez de la Puente](https://notes.andymatuschak.org/zAxicVEnF4ZKani8m5LXHYRDDvrZctBvWYV)",
    "translation": "  - 《[普朗克是对的吗？衰老对科学家生产力的影响](https://nintil.com/age-and-science/)》作者：[Jose Luis Ricon Fernandez de la Puente](https://notes.andymatuschak.org/zAxicVEnF4ZKani8m5LXHYRDDvrZctBvWYV)",
    "stage": 5
  },
  {
    "key": "7",
    "original": "  - (XXX’s undergrad microeconomics course, private)",
    "translation": "  - （XXX 的本科微观经济学课程，私有）",
    "stage": 5
  },
  {
    "key": "8",
    "original": "  - (XXX’s undergrad linear circuit theory course, private)",
    "translation": "  - （XXX 本科线性电路理论课程，私有）",
    "stage": 5
  },
  {
    "key": "9",
    "original": "- Using systems created by other people:",
    "translation": "- 基于别人建立的系统：",
    "stage": 5
  },
  {
    "key": "10",
    "original": "  - [Dawnguide](https://dawnguide.com/home) by Mispy (purpose-built implementation)",
    "translation": "  - 《[曙光指南](https://dawnguide.com/home)》作者：Mispy（定制实现）",
    "stage": 5
  },
  {
    "key": "11",
    "original": "  - [Soren Bjornstad](https://notes.andymatuschak.org/zzfor7LXCY9JBRjFmMaeLw5zV69GM2dSDQA)’s upcoming TiddlyWiki book (new TiddlyWiki-centric implementation)",
    "translation": "  - [Soren Bjornstad](https://notes.andymatuschak.org/zzfor7LXCY9JBRjFmMaeLw5zV69GM2dSDQA) 即将出版的 TiddlyWiki 图书（以 TiddlyWiki 为中心的新实现）",
    "stage": 5
  },
  {
    "key": "12",
    "original": "  - [Thought Saver](https://notes.andymatuschak.org/zBM4qbJhN1XA4wBpDCj2fonXiz4sgQFe4YR)",
    "translation": "  - 《[Think Saver](https://notes.andymatuschak.org/zBM4qbJhN1XA4wBpDCj2fonXiz4sgQFe4YR)》",
    "stage": 5
  },
  {
    "key": "13",
    "original": "    - https://www.lesswrong.com/posts/JgBBuDf5uZHmpEMDs/how-you-can-gain-self-control-without-self-control",
    "translation": "    - https://www.lesswrong.com/posts/JgBBuDf5uZHmpEMDs/how-you-can-gain-self-control-without-self-control",
    "stage": 5
  },
  {
    "key": "14",
    "original": "## Further afield",
    "translation": "## 更远的地方",
    "stage": 5
  },
  {
    "key": "15",
    "original": "[Execute Program](https://notes.andymatuschak.org/z2LGZ8cXBcQMP7YuAHbeVyCSLZoiMXvQNKCok) is related, in that it’s an example of a communications medium with embedded spaced repetition functions, but it’s much more different from the rest of these than any are from each other.",
    "translation": "[Execute Program](https://notes.andymatuschak.org/z2LGZ8cXBcQMP7YuAHbeVyCSLZoiMXvQNKCok) 与此有关，因为它也是一个带有嵌入间隔重复功能的交流媒介的例子，但是它与其他媒介之间的区别要比其他媒介之间的区别大得多。",
    "stage": 3
  },
  {
    "key": "16",
    "original": "[Chessable MoveTrainer](https://notes.andymatuschak.org/z8MgFD7B7QRqqGZXsJqeGpm5PJhroPwb6BW2V) is likewise an integrated instructional medium and spaced repetition system, adapted from chess training texts.",
    "translation": "[Chessable MoveTrainer](https://notes.andymatuschak.org/z8MgFD7B7QRqqGZXsJqeGpm5PJhroPwb6BW2V) 同样是一种集成的教学媒介和间隔重复系统，改编自国际象棋训练文本。",
    "stage": 5
  }
]