[
  {
    "key": "0",
    "original": "# The mnemonic medium can be adapted to author an experience which unfolds over time",
    "translation": "# 助记媒介可调整为将创制经验逐步展开的形式",
    "stage": 9
  },
  {
    "key": "1",
    "original": "[The mnemonic medium can be adapted to author an experience which unfolds over time (andymatuschak.org)](https://notes.andymatuschak.org/zvzwYeFU3Au4Ya2uVh2k3BUu8udZB7NSrAdL)",
    "translation": "原文：[The mnemonic medium can be adapted to author an experience which unfolds over time (andymatuschak.org)](https://notes.andymatuschak.org/zvzwYeFU3Au4Ya2uVh2k3BUu8udZB7NSrAdL)",
    "stage": 5
  },
  {
    "key": "2",
    "original": "[The mnemonic medium keeps readers in contact with material over time](https://notes.andymatuschak.org/z7tjqSxGsJ53tXsGkRpchsECWcMsW3sFUw86U). This means that texts in the [Mnemonic medium](https://notes.andymatuschak.org/z4rRX3qwSSJRsEkdXKwH2shamgHNeRthrMLiF)—particularly the prompts—must be written to be consumed not only in some initial reading session, but on dozens of occasions over the following weeks and months ([Timeful text](https://notes.andymatuschak.org/z73hGbYFm7bjV3yYwK29MvbBZEcwK6kWyduqV)).",
    "translation": "[助记媒介使读者持续接触材料](https://notes.andymatuschak.org/z7tjqSxGsJ53tXsGkRpchsECWcMsW3sFUw86U)。这意味着[助记媒介](https://notes.andymatuschak.org/z4rRX3qwSSJRsEkdXKwH2shamgHNeRthrMLiF)中的文本——尤其是卡片——的编写不仅要考虑初次的阅读环节，也要兼顾后续几周乃至几个月中理解和吸收的需求（[穿越时间的文本](https://notes.andymatuschak.org/z73hGbYFm7bjV3yYwK29MvbBZEcwK6kWyduqV)）。",
    "stage": 5
  },
  {
    "key": "3",
    "original": "The initial instantiation of the medium in [Quantum Country](https://notes.andymatuschak.org/z2fBHADWa93EZTuNzuww7V3Vi587ZyZ4FHTHm) doesn’t do much with this, authorially. Readers see the same material every review session. Insofar as that material changes (e.g. via [Application prompts should vary when repeated](https://notes.andymatuschak.org/z7hqxNNJkeS2eta2eVaUx7cGB27axq2bw3h2y)), the evolutions aren’t constructed with calendar time specifically in mind.",
    "translation": "作为作者，我认为[量子国度](https://notes.andymatuschak.org/z2fBHADWa93EZTuNzuww7V3Vi587ZyZ4FHTHm)这一最早的助记媒介实例，没有过多考虑这方面。读者每次复习时看到的都是相同的材料。就这些材料的变化性而言（例如通过[应用卡片在重复时应有所不同](https://notes.andymatuschak.org/z7hqxNNJkeS2eta2eVaUx7cGB27axq2bw3h2y)），其演进并没有特别考虑到时间跨度。",
    "stage": 5
  },
  {
    "key": "4",
    "original": "The medium creates a context in which readers repeatedly return to the author’s material. It should be possible to use that context to unfold an authored experience over time. This would be unusual in a mass medium: [Mass mediums mostly lack an authored time dimension beyond a day](https://notes.andymatuschak.org/z7JZswHPm99BbpTnb7NcP9Rnp8Bs6jsM3zjdv)",
    "translation": "在助记媒介创造的情境中，读者反复回顾作者的材料。因此，将作者的创制经历随着时间的推移逐渐展现给读者，应当是可以实现的。这在传统媒介中是不寻常的：[传统媒介大多缺乏超过一天的创制时间维度](https://notes.andymatuschak.org/z7JZswHPm99BbpTnb7NcP9Rnp8Bs6jsM3zjdv)",
    "stage": 5
  },
  {
    "key": "5",
    "original": "One simple example would be to add increasingly holistic, synthetic questions with time. Another example would be to unlock new passages from the author over time, presented either within the review session or via the review notification mechanism (as in [Execute Program’s lessons don’t unlock until you’ve successfully reviewed their prerequisites](https://notes.andymatuschak.org/z43GdwxNzaXGvNs7Hdd57UD9KauMxRGbH45r8); but warning: [Efficient review scheduling is in tension with gated course sequences](https://notes.andymatuschak.org/z7MWDLQ7ni6kp4ziDawQG1xYC9Um741WsUQ4h))",
    "translation": "一个简单的例子是，随着时间的推移逐渐增加更多的整体性、综合性问题。另一个例子是，随着时间的推移解锁作者的新段落，在复习环节或复习通知中呈现（如 [Execute Program* 的课程在你成功复习其前置知识之前不会解锁](https://notes.andymatuschak.org/z43GdwxNzaXGvNs7Hdd57UD9KauMxRGbH45r8)；但请注意：[高效的复习安排与有门槛的课程序列相矛盾](https://notes.andymatuschak.org/z7MWDLQ7ni6kp4ziDawQG1xYC9Um741WsUQ4h)）（译注：[Execute Program](https://www.executeprogram.com) 是一个编程学习网站。）",
    "stage": 3
  },
  {
    "key": "6",
    "original": "Another approach: we rebrand “the 5-day level” as “level 2”, “the two-week level” as “level 3,” and so on; then authors could require that readers succeed in a “boss fight” of sorts before a level is completed. This might be a somewhat longer task, like writing a paragraph-length response to one of a selection of prompts.",
    "translation": "另一种方法是：我们把「已记忆 5 天」称为「级别 2」，「已记忆 2 周」称为「级别 3」，以此类推；然后作者可以要求，读者必须在「BOSS 战」中取得成功，才能算作完成一个级别。这样的方法可能适合耗时较长的任务，比如针对一张特定卡片，写长度为一段的回复。",
    "stage": 3
  },
  {
    "key": "7",
    "original": "Yet another approach: [Mnemonic texts could be serialized in small sections over time, timed to reader recall](https://notes.andymatuschak.org/zDuEHAJkdvoRuBDxZ6rxcSw9oHTxexywRVt3)",
    "translation": "还有一种方法是：[助记文本可以在一段时间内分段连载，根据读者的记忆情况排期](https://notes.andymatuschak.org/zDuEHAJkdvoRuBDxZ6rxcSw9oHTxexywRVt3)",
    "stage": 3
  }
]