[
  {
    "key": "0",
    "original": "# The initial mnemonic medium is implicitly authoritarian in premise",
    "translation": "# 最初的助记媒介在前提上隐含着专制",
    "stage": 3
  },
  {
    "key": "1",
    "original": "[The initial mnemonic medium is implicitly authoritarian in premise (andymatuschak.org)](https://notes.andymatuschak.org/z2SaePptX2K1sudevrMYrjaqP7ZBRLs82iSv)",
    "translation": "原文：[The initial mnemonic medium is implicitly authoritarian in premise (andymatuschak.org)](https://notes.andymatuschak.org/z2SaePptX2K1sudevrMYrjaqP7ZBRLs82iSv)",
    "stage": 3
  },
  {
    "key": "2",
    "original": "The [Mnemonic medium](https://notes.andymatuschak.org/z4rRX3qwSSJRsEkdXKwH2shamgHNeRthrMLiF), as presented in [Quantum Country](https://notes.andymatuschak.org/z2fBHADWa93EZTuNzuww7V3Vi587ZyZ4FHTHm) (and in [Orbit](https://notes.andymatuschak.org/z72ioKyd4X48WndtAsfkhnKwsD8o5PaaT384o)’s initial versions), asks readers to bind themselves tightly to the author, memorizing all their key points in the form they’re presented. This is a significant request, and it’s one which only makes sense when readers are willing to fully defer to the author’s authority, not just on the details of the content, but also on the question of what deserves (recurring) attention.",
    "translation": "在[量子国度](https://notes.andymatuschak.org/z2fBHADWa93EZTuNzuww7V3Vi587ZyZ4FHTHm)（和 [Orbit](https://notes.andymatuschak.org/z72ioKyd4X48WndtAsfkhnKwsD8o5PaaT384o) 的初始版本）中介绍的[助记媒介](https://notes.andymatuschak.org/z4rRX3qwSSJRsEkdXKwH2shamgHNeRthrMLiF)，要求读者将自己与作者紧密联系在一起，以呈现的形式记住他们的所有要点。这是一个重要的要求，只有当读者愿意完全尊重作者的权威时，这一要求才有意义，不仅是在内容的细节上，而且在什么值得（反复）关注的问题上也是如此。",
    "stage": 1
  },
  {
    "key": "3",
    "original": "Mechanically:",
    "translation": "机械地：",
    "stage": 1
  },
  {
    "key": "4",
    "original": "- readers are expected to interact with all questions:",
    "translation": "- 希望读者与所有问题互动：",
    "stage": 3
  },
  {
    "key": "5",
    "original": "  - you can’t skip a question in the middle of a set (only the entire set)",
    "translation": "  - 你不能在集合中间跳过问题（只能跳过整个集合）",
    "stage": 1
  },
  {
    "key": "6",
    "original": "  - you can’t delete or disable a question once it’s “collected”",
    "translation": "  - 问题一旦被「收集」，你将无法删除或取消该问题",
    "stage": 3
  },
  {
    "key": "7",
    "original": "  - the progress mechanics assume you’re trying to collect all the questions and “penalize” you if you don’t",
    "translation": "  - 进度机制假设你试图收集所有的问题，如果你不这样做，就会“惩罚”你",
    "stage": 1
  },
  {
    "key": "8",
    "original": "- questions are not modifiable",
    "translation": "- 问题不可修改",
    "stage": 3
  },
  {
    "key": "9",
    "original": "  - readers can’t add their own questions or situate them relative to their own thinking",
    "translation": "  - 读者不能添加自己的问题，也不能将问题与自己的想法联系起来",
    "stage": 3
  },
  {
    "key": "10",
    "original": "It’s a powerful stance to take when that really is the reader’s stance—perhaps they really do want to sit at the feet of this author and drink deeply of all they know on this subject (a mechanism for strong teacher–student bonds, as suggested by [Gary Wolf](https://notes.andymatuschak.org/z8c94DJuxLozNB416EfNat4aRbppdHF1iGzd6)). But it’s not a stance I usually want to adopt, and I think the same goes for most people.",
    "translation": "这是一个强有力的立场，当这真的是读者的立场时-也许他们真的想坐在作者的脚下，深饮他们在这个主题上所知道的一切（如 [Gary Wolf](https://notes.andymatuschak.org/z8c94DJuxLozNB416EfNat4aRbppdHF1iGzd6) 所暗示的那样，这是一种加强师生联系的机制）。但这不是我通常想要采取的立场，我认为大多数人也是如此。",
    "stage": 1
  },
  {
    "key": "11",
    "original": "As a reader, I *do* want a medium which supports authors in expressing their views as strongly as possible. I want to (have the option of) understanding exactly what they think is important, and how specifically they think about the material. But I don’t (usually) want to be *shackled* to that structure. I want my collection of prompts to feel under my control. For more on this: [The mnemonic medium should give readers control over the prompts they collect](https://notes.andymatuschak.org/z3XqmAYKcD411jZgBik9oyXgcrarXycADWVeh).",
    "translation": "作为一名读者，我「确实」想要一种能够支持作者尽可能强烈地表达观点的媒介。我想（可以选择）确切地了解他们认为什么是重要的，以及他们对材料的看法有多具体。但我（通常）不想被这种结构「束缚」。我希望我收集的卡片感觉在我的控制之下。关于这一点的更多信息：[助记媒介应该让读者对他们收集的卡片进行控制](https://notes.andymatuschak.org/z3XqmAYKcD411jZgBik9oyXgcrarXycADWVeh)。",
    "stage": 1
  },
  {
    "key": "12",
    "original": "Practically speaking, it’s very difficult for authors to write a text which is compatible with this kind of authority: [Mnemonic medium readers sometimes feel impeded by authors’ wording choices](https://notes.andymatuschak.org/zMFKJdtNGpucVUcitRVJiMxfyoNY4A4c2Bd). But I don’t think the right way to deal with this is with a “trap-door” for readers to use when they don’t like a questions wording. I think we should make the medium less authoritarian at a conceptual level.",
    "translation": "实际上，对于作者来说，很难写出一篇与这种权威相兼容的文本：[助记媒介的读者有时会因作者的措辞选择而感到受阻](https://notes.andymatuschak.org/zMFKJdtNGpucVUcitRVJiMxfyoNY4A4c2Bd)。但我认为处理这一问题的正确方法不是让读者在不喜欢问题措辞时使用「活门」。我认为我们应该在概念层面上降低媒介的权威性。",
    "stage": 1
  },
  {
    "key": "13",
    "original": "## References",
    "translation": "## 参考资料",
    "stage": 3
  },
  {
    "key": "14",
    "original": "- Gary Wolf’s 2021-07-10 email to me on serious contexts of use",
    "translation": "- Gary Wolf 在 2021-07-10 发送给我的，有关严肃使用场景的电子邮件",
    "stage": 1
  },
  {
    "key": "15",
    "original": "  - Gary points out that in an era where most people talk about the importance of independence in learning, it’s “nicely counter-cultural” that we’ve built an “instrument of authority.”",
    "translation": "  - Gary 指出，在一个大多数人都在谈论学习独立的重要性的时代，我们建立了一种「权威工具」，这是「很好的反文化」。",
    "stage": 1
  },
  {
    "key": "16",
    "original": "  - He suggests that it might make sense to do this as an “enthusiast and adherent,” to deepen one’s bond with the author, relating to some of the “most important, often unsupported, mechanisms of cultural transmission and innovation.”",
    "translation": "  - 他建议，作为一个「狂热者和追随者」这样做可能是有意义的，以加深与作者的联系，涉及一些「最重要的、往往没有支持的文化传播和创新机制」。",
    "stage": 1
  },
  {
    "key": "17",
    "original": "  - That’s quite striking and creative, but I don’t think it’s what I want to make!",
    "translation": "  - 这相当引人注目且有创意，但我不认为这是我想做的！",
    "stage": 1
  }
]