[
  {
    "key": "0",
    "original": "# The mnemonic medium is particularly valuable for platform knowledge",
    "translation": "# 助记媒介对于平台知识特别有价值",
    "stage": 9
  },
  {
    "key": "1",
    "original": "[The mnemonic medium is particularly valuable for platform knowledge (andymatuschak.org)](https://notes.andymatuschak.org/z2bwNMKjXjzp9tGrK6Hm7PXpoEeNAG9M65JW6)",
    "translation": "原文：[The mnemonic medium is particularly valuable for platform knowledge (andymatuschak.org)](https://notes.andymatuschak.org/z2bwNMKjXjzp9tGrK6Hm7PXpoEeNAG9M65JW6)",
    "stage": 5
  },
  {
    "key": "2",
    "original": "We don’t yet understand how different types of content fare in the [Mnemonic medium](https://notes.andymatuschak.org/z4rRX3qwSSJRsEkdXKwH2shamgHNeRthrMLiF). But one genre which seems to particularly benefit from this medium is “platform knowledge.” That is, foundational material which you can use for lots of subsequent activity, like [Quantum Country](https://notes.andymatuschak.org/z2fBHADWa93EZTuNzuww7V3Vi587ZyZ4FHTHm). The overhead of the memory system is more likely to be worth paying in such contexts.",
    "translation": "我们还不知道不同种类的内容在[助记媒介](https://notes.andymatuschak.org/z4rRX3qwSSJRsEkdXKwH2shamgHNeRthrMLiF)上的表现如何。但是有种类型的知识似乎特别受益于这种媒介，那就是「平台知识」。即那些可以用来支持很多后续活动的基础材料，比如[量子国度](https://notes.andymatuschak.org/z2fBHADWa93EZTuNzuww7V3Vi587ZyZ4FHTHm)。在这种情况下，记忆系统的日常开销更有可能值得支付。",
    "stage": 3
  },
  {
    "key": "3",
    "original": "In some domains, it may actually not be possible to learn more complex ideas without significant fluency with some platform knowledge: [Complex ideas may be hard to learn in part because their components overflow working memory](https://notes.andymatuschak.org/z6eTZz16YRGs2PyWyc3qe1B9oJ7swmnCU54hZ).",
    "translation": "在某些领域，如果不熟练掌握一些平台知识，实际上可能无法学习更复杂的概念：[复杂的概念可能很难学习，部分原因是工作记忆容纳不下其组分](https://notes.andymatuschak.org/z6eTZz16YRGs2PyWyc3qe1B9oJ7swmnCU54hZ)。",
    "stage": 3
  },
  {
    "key": "4",
    "original": "In other domains, like in climate science, a small amount of platform knowledge allows people to think with models instead of intuition.",
    "translation": "在其他领域，比如气候科学，少量的平台知识可以让人们用模型而不是直觉来思考。",
    "stage": 5
  },
  {
    "key": "5",
    "original": "What’s more: [Platform knowledge helps non-practitioners amplify good ideas](https://notes.andymatuschak.org/zUp2QEWS4i1En8vm44WPR3g7ZQzQiNqUXpQN)",
    "translation": "更有意思的是：[平台知识帮助非从业者放大好点子](https://notes.andymatuschak.org/zUp2QEWS4i1En8vm44WPR3g7ZQzQiNqUXpQN)",
    "stage": 3
  },
  {
    "key": "6",
    "original": "------",
    "translation": "------",
    "stage": 5
  },
  {
    "key": "7",
    "original": "Q. Why is Quantum Country an example of high-leverage material to learn with the mnemonic medium?",
    "translation": "问：为什么量子国度是值得用助记媒介学习的高性价比材料？",
    "stage": 3
  },
  {
    "key": "8",
    "original": "A. It’s “platform knowledge”: lots of other material depends on it.",
    "translation": "答：它是「平台知识」：很多其他材料都依赖于它。",
    "stage": 3
  },
  {
    "key": "9",
    "original": "Q. Why is platform knowledge a particularly valuable use for the mnemonic medium?",
    "translation": "问：为什么助记媒介用于平台知识特别有价值？",
    "stage": 3
  },
  {
    "key": "10",
    "original": "A. The added “cost” of studying is more amply repaid.",
    "translation": "答：学习的额外「成本」得到了更充分的回报。",
    "stage": 5
  },
  {
    "key": "11",
    "original": "Q. Why might a typical blog post offer a poor cost/benefit trade when written in the mnemonic medium?",
    "translation": "问：为什么用助记媒介写一篇典型的博客帖子时，成本/收益比可能很差？",
    "stage": 3
  },
  {
    "key": "12",
    "original": "A. Most blog posts aren’t “platform knowledge”: the reader doesn’t meaningfully build on that knowledge.",
    "translation": "答：大多数博客帖子都不是「平台知识」：读者不会有意义地建立在这些知识的基础上。",
    "stage": 5
  }
]