[
  {
    "key": "0",
    "original": "# The mnemonic medium can help readers apply what they’ve learned through simple application prompts",
    "translation": "# 助记媒介可以通过简单的应用卡片帮助读者应用他们所学的知识",
    "stage": 9
  },
  {
    "key": "1",
    "original": "[The mnemonic medium can help readers apply what they’ve learned through simple application prompts (andymatuschak.org)](https://notes.andymatuschak.org/z6Y8xDS2AJyE1d34X99y14Sk1A7YCNas5kFjA)",
    "translation": "原文：[The mnemonic medium can help readers apply what they’ve learned through simple application prompts](https://notes.andymatuschak.org/z6Y8xDS2AJyE1d34X99y14Sk1A7YCNas5kFjA)",
    "stage": 5
  },
  {
    "key": "2",
    "original": "The [Mnemonic medium](https://notes.andymatuschak.org/z4rRX3qwSSJRsEkdXKwH2shamgHNeRthrMLiF) helps readers remember specific details from what they’ve read, but many readers instinctively feel that their recall may be too rigid—limited to parroting memorized answers to familiar questions. They intuit that real understanding is more fluid than that, that it should be deployable in novel situations (i.e. [Transfer learning](https://notes.andymatuschak.org/z2hEyCHQpB6UV8z4mYvto7FJud4zWVqZqfxJZ)). Many readers say they know they begin to feel they understand something when they can *use* that understanding, practically or socially.",
    "translation": "[助记媒介](https://notes.andymatuschak.org/z4rRX3qwSSJRsEkdXKwH2shamgHNeRthrMLiF)帮助读者记住他们所读内容的具体细节，但许多读者本能地感到，他们的记忆可能过于僵化——仅限于鹦鹉学舌地记住熟悉问题的答案。他们有这样的直觉，即真正的理解比这更加灵活，应该可以应用于新的情况 (即[迁移学习](https://notes.andymatuschak.org/z2hEyCHQpB6UV8z4mYvto7FJud4zWVqZqfxJZ))。许多读者说他知道，如果他们能将理解应用起来，他们才真正理解某项知识，无论是实践应用还是社会上应用。",
    "stage": 5
  },
  {
    "key": "3",
    "original": "To *really* make that possible—to create an environment along the lines described in [Enabling environments focus on doing what’s enabled](https://notes.andymatuschak.org/z6tuZZKaNeLM7c9jPZwNVGURGTuXLy8jesv5i)—we’d need to make [The Primer++](https://notes.andymatuschak.org/z2LSeViHDq9uQaPzrQvUgqsotZTKRgBZMm24x). But we’ve already seen that [Spaced repetition memory systems can be used to prompt application, synthesis, and creation](https://notes.andymatuschak.org/zE8PK4UUAAWK6LEcmr8jja8JdxpUxcf1FUCX), so we can take a step in that direction by extending the mnemonic medium to include simple questions which ask readers to **use** what they’ve learned, possibly in **combination**, in a **novel** situation. Such questions should help readers develop flexibility and build confidence in their knowledge. These questions would expand the mnemonic medium’s reach one significant level up the ladder of understanding.",
    "translation": "为了**真正**让理解能运用起来，也就是创造一个类似[赋能环境着重于环境所赋能的事](https://notes.andymatuschak.org/z6tuZZKaNeLM7c9jPZwNVGURGTuXLy8jesv5i)中描述的环境——我们需要创造 [The Primer++](https://notes.andymatuschak.org/z2LSeViHDq9uQaPzrQvUgqsotZTKRgBZMm24x)。但我们已经知道[间隔重复记忆系统可用于促进应用、综合和创造](https://notes.andymatuschak.org/zE8PK4UUAAWK6LEcmr8jja8JdxpUxcf1FUCX)，所以我们可以沿着这个思路，在助记媒介中包含一些简单的问题，要求读者在**陌生**情景中**综合**运用所学。这样的问题有助于读者提高灵活性，增强对其知识的自信心。应用型问题能显著增进助记媒介对理解的积极作用。",
    "stage": 3
  },
  {
    "key": "4",
    "original": "For example, in addition to prompts asking the reader to recall the matrix representation of the quantum `X` gate, we might ask the reader to *apply* that knowledge by finding the output of a circuit with the `X` gate applied to `(|0> - |1>) / sqrt(2)`. And then next time, we might ask the reader `What is X(0.8|0> + 0.6|1>)?`: [Application prompts should vary when repeated](https://notes.andymatuschak.org/z7hqxNNJkeS2eta2eVaUx7cGB27axq2bw3h2y).",
    "translation": "例如，除了要求读者回忆量子 `X` 门的矩阵表示外，我们还可以要求读者**应用**这一知识，如计算 `X` 门应用于 `(|0>-|1>)/sqrt(2)` 时量子线路的输出。然后下一次，我们可能会问读者 `X(0.8|0> + 0.6|1>)是多少?`：[应用卡片在重复时应有所不同](https://notes.andymatuschak.org/z7hqxNNJkeS2eta2eVaUx7cGB27axq2bw3h2y)。",
    "stage": 5
  },
  {
    "key": "5",
    "original": "This kind of question is good in part because it’s a very small step away from your memorized knowledge. You don’t have to strategize. You don’t have to identify the procedure to perform, and the procedure itself is trivial. You don’t have to combine lots of details in a novel way.",
    "translation": "这种问题之所以好，部分原因是它和你所记忆的知识非常接近。不需要制定解题策略，不必判断哪些步骤要执行，而要执行的步骤本身也较为容易；也不必将很多细节用全新的方式组合起来。",
    "stage": 5
  },
  {
    "key": "6",
    "original": "We deployed application prompts in *Quantum mechanics distilled* on [Quantum Country](https://notes.andymatuschak.org/z2fBHADWa93EZTuNzuww7V3Vi587ZyZ4FHTHm). What we’ve found so far:",
    "translation": "我们在[量子国度](https://notes.andymatuschak.org/z2fBHADWa93EZTuNzuww7V3Vi587ZyZ4FHTHm) 中《量子力学提炼》这篇文章里部署了应用卡片。到目前为止，我们发现了：",
    "stage": 5
  },
  {
    "key": "7",
    "original": "- [Simple application prompts can be presented the same way as recall prompts in the mnemonic medium](https://notes.andymatuschak.org/z7G53bg3it1M673EPpYfNfufbzyRqqKBkt3oZ)",
    "translation": "- [助记媒介中简单的应用卡片可以和回忆卡片以一样的方式呈现](https://notes.andymatuschak.org/z7G53bg3it1M673EPpYfNfufbzyRqqKBkt3oZ)",
    "stage": 5
  },
  {
    "key": "8",
    "original": "- [Application prompts are much harder to write than recall prompts](https://notes.andymatuschak.org/z4YSChiU5SF8RmWSGg5J5WB9adFVKskdWpPgd)",
    "translation": "- [应用卡片比回忆卡片更难写](https://notes.andymatuschak.org/z4YSChiU5SF8RmWSGg5J5WB9adFVKskdWpPgd)",
    "stage": 5
  },
  {
    "key": "9",
    "original": "- [User research on application prompts](https://notes.andymatuschak.org/z5C7m88Xd2UJYHRDfAdrt6bKKiqobsUTB17LN)",
    "translation": "- [关于应用卡片的用户研究](https://notes.andymatuschak.org/z5C7m88Xd2UJYHRDfAdrt6bKKiqobsUTB17LN)",
    "stage": 5
  },
  {
    "key": "10",
    "original": "Some more complex variations of this idea:",
    "translation": "一些这个想法更复杂的变化：",
    "stage": 5
  },
  {
    "key": "11",
    "original": "- [Application prompts can systematically test combinations of details in the text](https://notes.andymatuschak.org/z7Q8jLAc1dPR5jvkHTDaw372j4bmmyWnwxmyr)",
    "translation": "- [应用卡片可以系统地将文本中细节组合后测试](https://notes.andymatuschak.org/z7Q8jLAc1dPR5jvkHTDaw372j4bmmyWnwxmyr)",
    "stage": 5
  },
  {
    "key": "12",
    "original": "- [The mnemonic medium could include prompts which support near transfer](https://notes.andymatuschak.org/z6MSrv4m23Z41Gwic6ts3i7Hiy63hdNKH8MbZ)",
    "translation": "- [助记媒介可以包含卡片来支持近迁移](https://notes.andymatuschak.org/z6MSrv4m23Z41Gwic6ts3i7Hiy63hdNKH8MbZ)",
    "stage": 5
  },
  {
    "key": "13",
    "original": "Some questions:",
    "translation": "一些问题：",
    "stage": 5
  },
  {
    "key": "14",
    "original": "- [To what extent can application prompts supplant recall prompts in the mnemonic medium?](https://notes.andymatuschak.org/z3ERHM3aC9jCyTR5KpgxTAyXf7kNSkG57SqrR)",
    "translation": "- [助记媒介中应用卡片在多大程度上可以取代回忆卡片？](https://notes.andymatuschak.org/z3ERHM3aC9jCyTR5KpgxTAyXf7kNSkG57SqrR)",
    "stage": 5
  },
  {
    "key": "15",
    "original": "- [Should application prompts be visually distinguished from recall prompts?](https://notes.andymatuschak.org/z6qUMYjTcAjrxBuESEM248WdiSBWxrc1ocm6z)",
    "translation": "- [应用卡片是否应与回忆卡片有视觉区分？](https://notes.andymatuschak.org/z6qUMYjTcAjrxBuESEM248WdiSBWxrc1ocm6z)",
    "stage": 5
  },
  {
    "key": "16",
    "original": "------",
    "translation": "------",
    "stage": 5
  },
  {
    "key": "17",
    "original": "## References",
    "translation": "## 参考文献",
    "stage": 5
  },
  {
    "key": "18",
    "original": "Conversation with Michael Nielsen, 2019-12-30",
    "translation": "与迈克尔-尼尔森的对话，2019-12-30",
    "stage": 5
  },
  {
    "key": "19",
    "original": "Conversation with Michael Nielsen, 2020-01-01",
    "translation": "与迈克尔-尼尔森的对话，2020-01-01",
    "stage": 5
  }
]