[
  {
    "key": "0",
    "original": "# The mnemonic medium may push readers to read more slowly and attentively",
    "translation": "# 助记媒介可能会促使读者更缓慢、更专心地阅读",
    "stage": 9
  },
  {
    "key": "1",
    "original": "[The mnemonic medium may push readers to read more slowly and attentively (andymatuschak.org)](https://notes.andymatuschak.org/z7W1Zr7wEGptA3bFYwwaPbCFLBo54xXmQLQdK)",
    "translation": "原文：[The mnemonic medium may push readers to read more slowly and attentively (andymatuschak.org)](https://notes.andymatuschak.org/z7W1Zr7wEGptA3bFYwwaPbCFLBo54xXmQLQdK)",
    "stage": 5
  },
  {
    "key": "2",
    "original": "In interviews, [Quantum Country](https://notes.andymatuschak.org/z2fBHADWa93EZTuNzuww7V3Vi587ZyZ4FHTHm) readers have variously told us that the embedded questions ([Mnemonic medium prompts are interleaved into the reading experience](https://notes.andymatuschak.org/zE1sr3TTDoEJut4hgai2w6qFUwBYHSkk7no)) push them to read more carefully, or that the questions help them notice when their focus isn’t sharp. Leaving aside the direct effect of the prompts on memory, the [Mnemonic medium](https://notes.andymatuschak.org/z4rRX3qwSSJRsEkdXKwH2shamgHNeRthrMLiF)’s questions may simply help readers slow down and pay attention when they read. [Understanding requires effortful engagement](https://notes.andymatuschak.org/zX1WtJ4ouE8sjN1NgWHsGVg8ZnVfp5Kz74Vs), so this effect may produce deeper understanding.",
    "translation": "[量子国度](https://notes.andymatuschak.org/z2fBHADWa93EZTuNzuww7V3Vi587ZyZ4FHTHm)的读者在采访中用不同方式告诉我们，嵌入的问题（[助记媒介卡片穿插在阅读过程中](https://notes.andymatuschak.org/zE1sr3TTDoEJut4hgai2w6qFUwBYHSkk7no)）促使他们更仔细地阅读，或帮助他们注意到走神的情况。撇开卡片对记忆的直接影响不谈，[助记媒介](https://notes.andymatuschak.org/z4rRX3qwSSJRsEkdXKwH2shamgHNeRthrMLiF)中添加的问题，可能只是帮助读者在阅读时放慢脚步，并专注于所读内容。[理解概念需与其尽力较量](https://notes.andymatuschak.org/zX1WtJ4ouE8sjN1NgWHsGVg8ZnVfp5Kz74Vs)，所以助记媒介的这种效果可能会让读者理解更深刻。",
    "stage": 5
  },
  {
    "key": "3",
    "original": "The review areas also create natural pauses in the reading experience, somewhat similar to [Eckhart Tolle’s pause symbol](https://notes.andymatuschak.org/zxRE7XavvhxgY3EkFduYB5B4fnMBknizq52u), but perhaps not so reflective. Related: [Mnemonic medium review sets create natural breaks in the reading experience](https://notes.andymatuschak.org/z4sXBJLQQrFYFUKPE9nrW5gDndYWCPP7Kic)",
    "translation": "复习区还让阅读自然地停顿，有点类似于 [Eckhart Tolle 的停顿符号](https://notes.andymatuschak.org/zxRE7XavvhxgY3EkFduYB5B4fnMBknizq52u)，但复习区不比停顿符号具有反思性。相关的：[助记媒介复习集使阅读过程产生了自然的中断](https://notes.andymatuschak.org/z4sXBJLQQrFYFUKPE9nrW5gDndYWCPP7Kic)",
    "stage": 5
  },
  {
    "key": "4",
    "original": "It would be interesting to empirically compare the amount of time readers spend on an essay with and without questions, subtracting off the amount of time mnemonic medium readers spend directly engaged with questions. Eye-tracking data would be interesting tool.",
    "translation": "对于同一篇文章，比较嵌入问题的版本，和没有嵌入问题的版本的阅读时间，估计会很有趣。嵌入问题版本的阅读时间需要排除思考问题的时间。应用上眼球追踪数据也许很有用。",
    "stage": 5
  },
  {
    "key": "5",
    "original": "Related: [Most explanatory media place heavy metacognitive demands on participants](https://notes.andymatuschak.org/z2T1wfESQC8moFh2Er4pHkHxkm3SoSzVvBsEo)",
    "translation": "相关笔记：[大多数解释型媒体对参与者提出了沉重的元认知要求](https://notes.andymatuschak.org/z2T1wfESQC8moFh2Er4pHkHxkm3SoSzVvBsEo)",
    "stage": 5
  }
]