[
  {
    "key": "0",
    "original": "# The mnemonic medium can be extended to one’s personal notes",
    "translation": "# 助记媒介可以扩展到个人笔记上",
    "stage": 9
  },
  {
    "key": "1",
    "original": "[The mnemonic medium can be extended to one’s personal notes (andymatuschak.org)](https://notes.andymatuschak.org/z5ARNXtS5VxteskEW91S1yYTgAcLABNXsZuJE)",
    "translation": "原文：[The mnemonic medium can be extended to one’s personal notes (andymatuschak.org)](https://notes.andymatuschak.org/z5ARNXtS5VxteskEW91S1yYTgAcLABNXsZuJE)",
    "stage": 5
  },
  {
    "key": "2",
    "original": "In using a [Spaced repetition memory system](https://notes.andymatuschak.org/z4eXdSMJFv2qVGXSUEKH4vdcHBrLHcFY1ZGfC), you’ll fill it with notes on what you’re learning, observing, and thinking. Unfortunately, [Existing spaced repetition systems discourage evergreen notes](https://notes.andymatuschak.org/zZuqUv3XNEFsimMmHszLF87Pr5vTraLjL5Y). A memory system will help you retain and continuously engage with what you write, but it won’t much help you build on those ideas over time. An [Evergreen notes](https://notes.andymatuschak.org/z4SDCZQeRo4xFEQ8H4qrSqd68ucpgE6LU155C) system will help you build on your ideas over time, but it won’t help you retain and continuously engage with those notes (outside of [Evergreen note maintenance approximates spaced repetition](https://notes.andymatuschak.org/z6yfTwYekzvBkVjeH7WBUrSAJhyGTMYDAyYW7)). So you’re stuck either duplicating your efforts messily in two separate systems, or giving up one system’s benefits.",
    "translation": "使用[间隔重复记忆系统](https://notes.andymatuschak.org/z4eXdSMJFv2qVGXSUEKH4vdcHBrLHcFY1ZGfC)的过程中，你会写笔记来记录你所学习、观察和思考的内容。不幸的是，[现有的间隔重复系统不鼓励常青笔记](https://notes.andymatuschak.org/zZuqUv3XNEFsimMmHszLF87Pr5vTraLjL5Y)。记忆系统对于记住所写内容并持续琢磨很有帮助，但对于基于想法进一步思考并无太大功效。[常青笔记](https://notes.andymatuschak.org/z4SDCZQeRo4xFEQ8H4qrSqd68ucpgE6LU155C)系统有助于逐步完善想法，但对于记住这些笔记并持续琢磨没有太大用处（除了[常青笔记的维护近似于间隔重复](https://notes.andymatuschak.org/z6yfTwYekzvBkVjeH7WBUrSAJhyGTMYDAyYW7)的效果之外）。因此，你陷入了一个困局，要么在两个不同的系统中混乱地重复劳动，要么放弃其中某一个系统的好处。",
    "stage": 5
  },
  {
    "key": "3",
    "original": "The [Mnemonic medium](https://notes.andymatuschak.org/z4rRX3qwSSJRsEkdXKwH2shamgHNeRthrMLiF) solved a similar problem for published prose: [The mnemonic medium gives structure to normally-atomized spaced repetition memory prompts](https://notes.andymatuschak.org/z5YjgWTaYfhWLrEbysgmDfFRcZ1yxgLeBeZac). One can use the same approach to give structure to one’s personal spaced repetition prompts, within one’s personal notes. We can call this a {**personal mnemonic medium**}.",
    "translation": "[助记媒介](https://notes.andymatuschak.org/z4rRX3qwSSJRsEkdXKwH2shamgHNeRthrMLiF)针对散文解决了这个问题。[间隔重复卡片通常是原子化的，而助记媒介为其赋予结构](https://notes.andymatuschak.org/z5YjgWTaYfhWLrEbysgmDfFRcZ1yxgLeBeZac)。我们可以如法炮制，在个人的笔记系统内部，就地为间隔重复卡片赋予结构。我们可以将其称为{**个人助记媒介**}。",
    "stage": 5
  },
  {
    "key": "4",
    "original": "For example, one could imagine creating a {cloze deletion} prompt within one’s personal notes by {wrapping it in curly braces}.",
    "translation": "例如，想象一下在个人笔记中{用大括号包裹一段内容}，即可创建{挖空}卡片。",
    "stage": 5
  },
  {
    "key": "5",
    "original": "And one might create a traditional two-sided prompt like this:",
    "translation": "或者像这样制作传统的双面卡片：",
    "stage": 5
  },
  {
    "key": "6",
    "original": "Q. If one only took notes in Anki, what key limitations might one experience?",
    "translation": "问：如果一个人只在 Anki 中做笔记，他可能会遇到什么重大限制？",
    "stage": 5
  },
  {
    "key": "7",
    "original": "A. (e.g. no serendipitous note-finding when note-writing, no way to easily evolve notes over time, limited connections between notes, difficult to “read through” one’s notes on a subject, etc)",
    "translation": "答：（例如，在写笔记时难以偶遇惊喜，没有办法轻松地逐步完善笔记，笔记之间的联系有限，难以「通读」某个主题下的笔记，等等）",
    "stage": 5
  },
  {
    "key": "8",
    "original": "- [Anki seems to make it harder to “sketch” and revise prompts](https://notes.andymatuschak.org/z5tAH4GmnBiQ45M9DZSNSwp4tMWa3u5bgyKrY)",
    "translation": "- [Anki 下「草创」卡片和修订卡片比较困难](https://notes.andymatuschak.org/z5tAH4GmnBiQ45M9DZSNSwp4tMWa3u5bgyKrY)",
    "stage": 5
  },
  {
    "key": "9",
    "original": "## Implementations",
    "translation": "## 实现",
    "stage": 5
  },
  {
    "key": "10",
    "original": "There are a few other implementations of something like this idea:",
    "translation": "这个想法的类似版本有以下几个实现：",
    "stage": 5
  },
  {
    "key": "11",
    "original": "- Importers into external SRS",
    "translation": "- 外部 SRS 导入器",
    "stage": 5
  },
  {
    "key": "12",
    "original": "  - [My implementation of a personal mnemonic medium](https://notes.andymatuschak.org/z4mAF1uBV96r72e4NjLcDaujEyTPGiUQJEj8C)",
    "translation": "  - [我的个人助记媒介实现](https://notes.andymatuschak.org/z4mAF1uBV96r72e4NjLcDaujEyTPGiUQJEj8C)",
    "stage": 5
  },
  {
    "key": "13",
    "original": "  - [Obisidan*to*Anki](https://github.com/Pseudonium/Obsidian_to_Anki). Requires some manual steps.",
    "translation": "  - [Obisidan *to* Anki](https://github.com/Pseudonium/Obsidian_to_Anki)。需要手动完成一些步骤。",
    "stage": 5
  },
  {
    "key": "14",
    "original": "  - [Ankify](https://github.com/kangruixiang/Ankify), which requires manual steps—not meant to run automatically in the background.",
    "translation": "  - [Ankify](https://github.com/kangruixiang/Ankify)，需要手动完成一些步骤——不适合后台自动运行。",
    "stage": 5
  },
  {
    "key": "15",
    "original": "- Uses integrated SRS",
    "translation": "- 使用软件集成的 SRS",
    "stage": 5
  },
  {
    "key": "16",
    "original": "  - [RemNote](https://notes.andymatuschak.org/z6jecLFTkHG5MCFDvhwsd2p8YWykaHr6ZkHTi), an increasingly polished webapp implementation",
    "translation": "  - [RemNote](https://notes.andymatuschak.org/z6jecLFTkHG5MCFDvhwsd2p8YWykaHr6ZkHTi)，一个日益完善的网络应用程序",
    "stage": 5
  },
  {
    "key": "17",
    "original": "  - [Mochi](https://notes.andymatuschak.org/zxAXSEQidXeYW2XFBj9ftGxz1kTNtV4fXjhZ), whose interactions de-emphasize writing prose notes",
    "translation": "  - [Mochi](https://notes.andymatuschak.org/zxAXSEQidXeYW2XFBj9ftGxz1kTNtV4fXjhZ)，其互动淡化写散文笔记",
    "stage": 5
  },
  {
    "key": "18",
    "original": "  - [org-fc](https://www.leonrische.me/fc/index.html), a polished implementation for org-mode",
    "translation": "  - [org-fc](https://www.leonrische.me/fc/index.html)， org-mode 的不错实现",
    "stage": 5
  },
  {
    "key": "19",
    "original": "  - [TiddlyRemember](https://github.com/sobjornstad/TiddlyRemember), syncs with TiddlyWiki using some custom markup; requires a manual sync step, by [Soren Bjornstad](https://notes.andymatuschak.org/zzfor7LXCY9JBRjFmMaeLw5zV69GM2dSDQA)",
    "translation": "  - [TiddlyRemember](https://github.com/sobjornstad/TiddlyRemember)，使用一些自定义标记与 TiddlyWiki 同步；需要手动同步，[Soren Bjornstad](https://notes.andymatuschak.org/zzfor7LXCY9JBRjFmMaeLw5zV69GM2dSDQA) 编写",
    "stage": 5
  },
  {
    "key": "20",
    "original": "------",
    "translation": "------",
    "stage": 5
  },
  {
    "key": "21",
    "original": "## References",
    "translation": "## 参考文献",
    "stage": 5
  },
  {
    "key": "22",
    "original": "Nielsen, M. (2018). *Augmenting Long-term Memory*. http://augmentingcognition.com/ltm.html",
    "translation": "Nielsen, M. (2018). *Augmenting Long-term Memory*. http://augmentingcognition.com/ltm.html",
    "stage": 5
  },
  {
    "key": "23",
    "original": "> I start to identify open problems, questions that I’d personally like answered, but which don’t yet seem to have been answered. I identify tricks, observations that seem pregnant with possibility, but whose import I don’t yet know. And, sometimes, I identify what seem to me to be field-wide blind spots. I add questions about all these to Anki as well. In this way, Anki is a medium supporting my creative research. It has some shortcomings as such a medium, since it’s not designed with supporting creative work in mind – it’s not, for instance, equipped for lengthy, free-form exploration inside a scratch space.",
    "translation": "> 我开始识别开放问题，这些问题是我希望得到答案，但似乎尚未被解答的。我发现了一些充满可能性的技巧和观察，但我还不知道其重要性。有时，我还发现我自认为是整个领域的盲点。我也会在 Anki 中对所有这些内容设问。于是 Anki 成为支持我创造性研究的媒介。此时 Anki 暴露出一些缺点，因为 Anki 设计时并没有考虑到支持创造性工作——比如说， 对于草稿空间中长时间的自由探索活动，Anki 先天不足。",
    "stage": 5
  }
]