[
  {
    "key": "0",
    "original": "# The mnemonic medium should give readers control over the prompts they collect",
    "translation": "# 助记媒介应该允许读者对他们收集的卡片进行控制",
    "stage": 9
  },
  {
    "key": "1",
    "original": "[The mnemonic medium should give readers control over the prompts they collect (andymatuschak.org)](https://notes.andymatuschak.org/z3XqmAYKcD411jZgBik9oyXgcrarXycADWVeh)",
    "translation": "原文：[The mnemonic medium should give readers control over the prompts they collect (andymatuschak.org)](https://notes.andymatuschak.org/z3XqmAYKcD411jZgBik9oyXgcrarXycADWVeh)",
    "stage": 5
  },
  {
    "key": "2",
    "original": "[The initial mnemonic medium is implicitly authoritarian in premise](https://notes.andymatuschak.org/z2SaePptX2K1sudevrMYrjaqP7ZBRLs82iSv). These mechanics:",
    "translation": "[最初的助记媒介以威权主义为隐含前提](https://notes.andymatuschak.org/z2SaePptX2K1sudevrMYrjaqP7ZBRLs82iSv)。这些机制：",
    "stage": 5
  },
  {
    "key": "3",
    "original": "- discourage/prevent many valuable active modes of reading, e.g. skimming for gems, reading with a specific purpose in mind motivated by authentic use, reading non-linearly, etc: [The best way to read is highly contextual](https://notes.andymatuschak.org/z6e3AFda6oSsusEmf8vWevMaNLggQ9bCEgFkf)",
    "translation": "- 不鼓励/阻止许多有价值的主动阅读模式，例如获取精华的略读，以实际应用为动机的指向特定目标的阅读，非线性阅读，等等：[最好的阅读方式是高度语境化的](https://notes.andymatuschak.org/z6e3AFda6oSsusEmf8vWevMaNLggQ9bCEgFkf)",
    "stage": 5
  },
  {
    "key": "4",
    "original": "- encourage a passive mental posture—the reader’s along for the ride, contra [Do your own thinking](https://notes.andymatuschak.org/z4enRPbLXdD8X8hCfVjaRkcGkronvhcfrgSQw), the active choice implied by [Spaced repetition memory systems make memory a choice](https://notes.andymatuschak.org/z4bR1HVvDUhMXDm5SJB4Tiw4xGbrm9AfXWgbc)",
    "translation": "- 鼓励一种被动的心理姿态——读者随波逐流，而不需[自主思考](https://notes.andymatuschak.org/z4enRPbLXdD8X8hCfVjaRkcGkronvhcfrgSQw)，而[间隔重复记忆系统使记忆成为一种选择](https://notes.andymatuschak.org/z4bR1HVvDUhMXDm5SJB4Tiw4xGbrm9AfXWgbc)中隐含的正是使用者的主动选择",
    "stage": 5
  },
  {
    "key": "5",
    "original": "- create a school-style learning aesthetic, in practical misalignment with [Orbit - Values](https://notes.andymatuschak.org/z4RKWtfRfrTaSKM8B9QzRjGCTnxZcEU4ZPLGW), e.g. “helps you deepen your relationship with whatever you care about most … it’s for ideas and imagery that you could talk about all night … not for things you think you “should” be engaged with … not “educational” in tone”",
    "translation": "- 创造学校式的学习美学，实际上与 [Orbit  - 价值](https://notes.andymatuschak.org/z4RKWtfRfrTaSKM8B9QzRjGCTnxZcEU4ZPLGW)不符，例如，「帮助你加深与你最关心的东西的关系......服务于引人秉烛夜谈的想法与图景......而不是你认为你『应该』学习的……其风格不应当是『教育式的』」",
    "stage": 5
  },
  {
    "key": "6",
    "original": "- create active frustration when a prompt seems poorly-written or non-meaningful; see e.g. [Mnemonic medium readers sometimes feel impeded by authors’ wording choices](https://notes.andymatuschak.org/zMFKJdtNGpucVUcitRVJiMxfyoNY4A4c2Bd), [Cloze deletions often create frustrations in non-technical mnemonic texts](https://notes.andymatuschak.org/z7vMfxWXDXhyJr3X69Yjwt6FjkSsKC9G3QqZU)",
    "translation": "- 当卡片似乎写得不好或没有意义时，就会产生主动的挫败感；见例如[助记媒介的读者有时会因作者的措辞选择而感到受阻](https://notes.andymatuschak.org/zMFKJdtNGpucVUcitRVJiMxfyoNY4A4c2Bd)，[在非技术性的助记文本中，挖空常常造成挫败感](https://notes.andymatuschak.org/z7vMfxWXDXhyJr3X69Yjwt6FjkSsKC9G3QqZU)",
    "stage": 5
  },
  {
    "key": "7",
    "original": "- impede fluid interaction between the medium and the rest of the reader’s knowledge work, unlike e.g. [The mnemonic medium can be extended to one’s personal notes](https://notes.andymatuschak.org/z5ARNXtS5VxteskEW91S1yYTgAcLABNXsZuJE)",
    "translation": "- 阻碍了媒介与读者知识工作的其他部分之间的流畅互动，与之不同的是，例如[助记媒介可以扩展到个人笔记上](https://notes.andymatuschak.org/z5ARNXtS5VxteskEW91S1yYTgAcLABNXsZuJE)",
    "stage": 5
  },
  {
    "key": "8",
    "original": "- create the (correct but bad) sense that the prompts aren’t “yours”, material to be deployed as you see fit; instead, you’re visiting a museum created by the author, and everything is under glass",
    "translation": "- 创造（正确但不好的）感觉，即卡片不是「你的」，是你认为合适的材料；相反，你是在参观由作者创造的博物馆，一切都隔着一层玻璃",
    "stage": 5
  },
  {
    "key": "9",
    "original": "- make it harder to use the medium as a scaffold to learn to write your own prompts ([The mnemonic medium may help scaffold prompt-writing through author-provided prompts](https://notes.andymatuschak.org/z4j3bcyJfBzGdpEoQje9gaVeECfsZFgMEhBNL))",
    "translation": "- 使得用户很难用助记媒介来辅助学习如何写自己的卡片（[助记媒介可能通过提供作者创作的卡片来辅助卡片编写](https://notes.andymatuschak.org/z4j3bcyJfBzGdpEoQje9gaVeECfsZFgMEhBNL)）",
    "stage": 5
  },
  {
    "key": "10",
    "original": "- discourage [the essential practice of iterative refactoring](https://andymatuschak.org/prompts/#revising) (which spaced repetition systems systematically under-value, in general)",
    "translation": "- 不鼓励[迭代重构的必要做法](https://andymatuschak.org/prompts/#revising)（一般来说，间隔重复系统系统性地低估了这种做法）",
    "stage": 5
  },
  {
    "key": "11",
    "original": "## Forward directions",
    "translation": "## 前进方向",
    "stage": 5
  },
  {
    "key": "12",
    "original": "I’d like to swing the vibe aggressively more in the reader-centric direction. This will be tough to do while maintaining other important properties of the medium. Expert-authored prompts really do contribute a great deal of value ([The mnemonic medium supplies expert-authored prompts to remove the burden of prompt-writing](https://notes.andymatuschak.org/z8ASeF682pSQ3feo8LHpLzk3u3SNpVUgNxMAU)). We want to reap that value (or perhaps even enhance it!) while also providing fluidity, *malleability*.",
    "translation": "我想更激进地调整 Orbit 的氛围，使其更偏向于以读者为中心。很难在不破坏助记媒介的其他重要特性的条件下实现这一点。专家撰写的卡片确实贡献了大量的价值（[助记媒介提供专家编写的卡片来消除编写卡片的负担](https://notes.andymatuschak.org/z8ASeF682pSQ3feo8LHpLzk3u3SNpVUgNxMAU)）。我们希望在提供流畅性、**延展性**的同时，也能保留这种价值（甚至可能增强这种价值！）。",
    "stage": 5
  },
  {
    "key": "13",
    "original": "There are some relatively simple ways we might begin: readers should be able to disable or skip prompts that don’t resonate; readers should be able to make simple edits to authors’ wording; the embedded interface shouldn’t discourage people from reviewing only part of a page. All this will generate interesting signal for authors: [The mnemonic medium can generate interesting author analytics](https://notes.andymatuschak.org/z7ScFsA78anNe6XCpUj76bzLn1GJk7SqQR1ZH)",
    "translation": "我们可以从一些相对简单的方法开始：读者应该能够禁用或跳过那些没有共鸣的卡片；读者应该能够对作者的措辞进行简单的编辑；嵌入式界面不应该阻止人们只复习一个页面的一部分。所有这些都将为作者产生有趣的信号：[助记媒介可以产生有趣的作者分析](https://notes.andymatuschak.org/z7ScFsA78anNe6XCpUj76bzLn1GJk7SqQR1ZH)",
    "stage": 5
  },
  {
    "key": "14",
    "original": "But I think we’ll have to go deeper than this. A few directions I find promising, which of course need to be fleshed out more thoroughly:",
    "translation": "但我认为我们必须更上一层楼。我觉得有几个方向很有前景，不过这些方向都需要进一步完善：",
    "stage": 5
  },
  {
    "key": "15",
    "original": "- You should be able to fluidly move between consuming a prompt, to editing its text, to refactoring it (one-to-many) and its adjacent author-provided prompts (many-to-one), to writing new prompts of your own inspired by those prompts.",
    "translation": "- 不同行为之间应该能切换自如：复习卡片、编辑卡片内容、重构当前卡片（由一张发展为多张）和这张卡片相近的作者制作卡片（多张合并为一张）、受到作者卡片启发而自己撰写新卡片等行为",
    "stage": 5
  },
  {
    "key": "16",
    "original": "  - Ideally, this same interaction model should extend to the review experience: as you’re reviewing, if you think of a way to improve a prompt, or you’re reminded of a new prompt you want to write, that should be just as fluid.",
    "translation": "  - 理想情况下，这种互动模式应该延伸到复习体验：在复习过程中，如果你想到了改进卡片的方法，或者你想起了你想写的新卡片，切换到新的动作应该是同样流畅的。",
    "stage": 5
  },
  {
    "key": "17",
    "original": "- We should explore pick-and-choose modalities for ingesting prompts from the text. Imagine that as you read, some phrases are highlighted in a special way indicating that the author has provided prompts representing that idea. If you find something interesting, you can click on the highlighted text—and boom, now you’ll remember it forever.",
    "translation": "- 对于从文本中获取卡片的方式，从文本挑选的方式值得探索。想象一下，随着阅读，一些短语会以特殊的方式高亮出来，说明作者为文字表达的想法制作了卡片。如果你觉得这些短语有意思，你可以点击这些高亮的文本——然后“轰”，你就能永远记住它。",
    "stage": 5
  },
  {
    "key": "18",
    "original": "  - We’d want the same fluid consuming-to-editing interactions for this type of prompt.",
    "translation": "  - 对于这种类型的卡片，我们希望阅读-编辑的互动是同样流畅的。",
    "stage": 5
  },
  {
    "key": "19",
    "original": "  - This type of interaction points the way to crowdsourced annotations, ML-generated prompts, etc. More generally: imagine if you could point at any idea you found interesting, anywhere, and feel assured that now you’ll remember it (and ideally deeply internalize it) for the long term.",
    "translation": "  - 这种类型的互动为众包注释、机器学习 (ML) 生成卡片等指明了方向。更广泛地说：想象一下，如果你可以在任何地方指出你认为有趣的任何想法，并能放心你现在能持久地记住这个想法（最好是深深地内化）。",
    "stage": 5
  },
  {
    "key": "20",
    "original": "  - [Ozzie Kirkby](https://notes.andymatuschak.org/zn9igQGgecLncBSpKbgv5123mC5YEAP3hnfP) suggests that there may be some interesting middle ground here which would encourage readers to write their own prompts representing the details they find interesting: maybe authors (or ML, or the system) can provide partial/“starter” templates for key text regions, which the user would adapt/complete as they see fit.",
    "translation": "  - [Ozzie Kirkby](https://notes.andymatuschak.org/zn9igQGgecLncBSpKbgv5123mC5YEAP3hnfP) 建议，这里可能有一些有趣的中间地带，可以鼓励读者自己写卡片，代表他们认为有趣的细节：也许作者（或 ML，或系统）可以为关键文本区域提供不完整/“开头”的模板，用户将根据他们认为合适的方式调整/完成。",
    "stage": 3
  },
  {
    "key": "21",
    "original": "- The presentation and interactions should make it very clear that your collection of prompts is *yours*, even if you’re working with author-provided prompts. [Taylor Rogalski](https://notes.andymatuschak.org/zrjLsApqpVzqJyxduDndjh5MUFfuGHhpXoF) points out a helpful analogy to making a copy of a Google Doc to scribble all over it.",
    "translation": "- 助记媒介的展示形式和互动模式应该非常清楚地传达出你得来的卡片是**属于你的**，即使你在使用作者制作的卡片。[Taylor Rogalski](https://notes.andymatuschak.org/zrjLsApqpVzqJyxduDndjh5MUFfuGHhpXoF) 指出了一个有用的比喻，即复制一份谷歌文档，在上面肆意涂画。",
    "stage": 5
  },
  {
    "key": "22",
    "original": "- We can start to experiment with fluid interaction between the medium and the rest of the reader’s knowledge work by fleshing out [My implementation of a personal mnemonic medium](https://notes.andymatuschak.org/z4mAF1uBV96r72e4NjLcDaujEyTPGiUQJEj8C). That direction is really not quite the same as what the rest of this note is talking about: I’m not sure how author-provided prompts interact with this kind of note-taking. So maybe it’s a red herring… but my instinct is that it’ll be instructive, and that all this work is intertwined.",
    "translation": "- 我们可以通过充实[我的个人记忆媒介的实现](https://notes.andymatuschak.org/z4mAF1uBV96r72e4NjLcDaujEyTPGiUQJEj8C)，开始尝试媒介与读者的其他知识工作之间的流动互动。这个方向与本说明的其他部分所谈的内容确实不太一样。我不清楚作者提供的卡片与这种笔记的互动情况。因此，也许这仅仅是转移视线......但我的直觉是，这将是有启发性的，所有这些工作都是相互关联的。",
    "stage": 3
  },
  {
    "key": "23",
    "original": "- I suspect this work will inform and intersect with the design of a “library view” in the Orbit app itself. One related priority for me here is to fuzz the “boundaries” between prompts; see discussion in “How to write good prompts” [here](https://andymatuschak.org/prompts/#revising), grep (“revision is a holistic endeavor”). This also means fuzzing the boundaries between the author’s prompts and the user’s prompts. We should probably avoid paradigms which put those sets in separate conceptual “places”—but I expect we’ll still want some affordances showing provenance.",
    "translation": "- 我猜想这项工作对于 Orbit 的「图书馆视图」是有所裨益且息息相关的。对我来说，一个相关的优先事项是模糊卡片之间的「边界」；见《如何写出好卡片》中的讨论[这里](https://andymatuschak.org/prompts/#revising)，搜索（\"revision is a holistic endeavor\"）。这也意味着对作者的卡片和用户的卡片之间的界限进行模糊处理。我们应当避免一种范式，其中不同来源的卡片被放置在不同的概念「空间」中——不过我认为用一些承担特质（affordance）来表达出处还是可取的。",
    "stage": 5
  },
  {
    "key": "24",
    "original": "::TODO much of this section should be fleshed out in more elaborate separate notes::",
    "translation": "::TODO 本节的大部分内容应在更详细的单独笔记中加以充实::",
    "stage": 5
  },
  {
    "key": "25",
    "original": "## References",
    "translation": "## 参考文献",
    "stage": 5
  },
  {
    "key": "26",
    "original": "See notes from [Yusuf Ahmad](https://notes.andymatuschak.org/z2dChCGKRfQ8xXo4VutyMDxyAsgLD5TyyrRx) on this tension, which he frames as a gulf between “industrial” educational architectures and social constructivist architectures: https://www.notion.so/Placing-Cog-Sci-ideas-within-a-broader-Learning-Architecture-fa69fc15ba9e41b8a2e136f7fbe0362b",
    "translation": "见 [Yusuf Ahmad](https://notes.andymatuschak.org/z2dChCGKRfQ8xXo4VutyMDxyAsgLD5TyyrRx) 关于这种紧张关系的说明，他将其归纳为「工业」教育架构与社会建构主义架构之间的鸿沟：https://www.notion.so/Placing-Cog-Sci-ideas-within-a-broader-Learning-Architecture-fa69fc15ba9e41b8a2e136f7fbe0362b",
    "stage": 5
  }
]