[
  {
    "key": "0",
    "original": "# Turning any web page into the mnemonic medium",
    "translation": "# 把任意网页转化成助记媒介",
    "stage": 1
  },
  {
    "key": "1",
    "original": "[Turning any web page into the mnemonic medium (andymatuschak.org)](https://notes.andymatuschak.org/z2hABbXxq3dz9XQ6bWrqLyModyC5EC2MXxNA)",
    "translation": "原文：[Turning any web page into the mnemonic medium (andymatuschak.org)](https://notes.andymatuschak.org/z2hABbXxq3dz9XQ6bWrqLyModyC5EC2MXxNA)",
    "stage": 3
  },
  {
    "key": "2",
    "original": "[Quantum Country](https://notes.andymatuschak.org/z2fBHADWa93EZTuNzuww7V3Vi587ZyZ4FHTHm) is a purpose-built web site; the mechanics are deeply entangled with the essay presentation. But the core interactions of the [Mnemonic medium](https://notes.andymatuschak.org/z4rRX3qwSSJRsEkdXKwH2shamgHNeRthrMLiF) are separable enough that it should be possible to allow these interactions to be embedded into any web page via simple HTML.",
    "translation": "量子国度是专门制作的网站；文章的呈现与助记媒介的机制紧密结合在一起。然而，助记媒介的主要交互是足够独立的，因此，这些交互应该可以通过简单的 HTML 代码嵌入任意网页。",
    "stage": 1
  },
  {
    "key": "3",
    "original": "This is a core component of my vision for an [OS-level spaced repetition system](https://notes.andymatuschak.org/z36iMKLe4CDAXdtLSJD4Z6qPPFUS8ZXymUk3i).",
    "translation": "我有操作系统层级的间隔重复系统这一愿景，能任意嵌入这点对这个愿景是核心的一环。",
    "stage": 1
  },
  {
    "key": "4",
    "original": "## Web Components",
    "translation": "## Web 组件",
    "stage": 1
  },
  {
    "key": "5",
    "original": "We can define a spec for mnemonic prompts via new HTML tags (e.g. `<card>`). Then we’d provide a (probably open-source) Javascript library which, when added to the page, would “hydrate” those components by replacing them with DOM nodes at runtime. Such [web components](https://www.webcomponents.org/) are now well-supported in all modern browsers except Edge, and it appears a polyfill exists for that.",
    "translation": "通过设定新的 HTML 标签（比如 `<card>`），我们可以定义助记卡片的规格。之后我们会提供 Javascript 库，其功能是对导入这个库的页面，将这些组件「注水」，在运行时把标签替换为 DOM 节点。除了 Edge 的所有现代浏览器都支持这样的 Web 组件，而且似乎有 Web 组件的 polyfill。",
    "stage": 1
  },
  {
    "key": "6",
    "original": "This doesn’t necessarily tie the publisher to a specific server for storing user state: our client-side library could offer various server endpoints as they emerge, including client-managed persistent storage (no accounts!).",
    "translation": "",
    "stage": 0
  },
  {
    "key": "7",
    "original": "This approach is flexible: you could swap our client-side library out for another which supported the same web component spec; it can expand to different backend servers in the future; the scope for that JS library could expand to include other features. Publishers could host the JS themselves or serve it from a CDN we control. If JS is disabled or if the script can’t be fetched, the cards would simply be missing. You can even define print stylings for such tags.",
    "translation": "这个方法非常灵活：你可以替换客户端的库，只要支持同一个 Web 组件规格即可；未来可以增加对不同后端服务器的支持。可以扩充这个 JS 库所支持的功能。出版者可以自己部署 JS，或者利用我们手下的 CDN。如果 JS 被禁用了，或者脚本无法获取，卡片只是会不显示。甚至可以定义标签打印时的样式。",
    "stage": 1
  },
  {
    "key": "8",
    "original": "This approach does involve a fair amount of abstraction. If we wanted to change the protocol, spec, or state format in some significant way, we’d likely have compatibility issues.",
    "translation": "这个方法需要不少抽象。如果需要大改协议、规格、状态格式之类，我们可能会遇到兼容问题。",
    "stage": 1
  },
  {
    "key": "9",
    "original": "Perhaps more importantly, this approach requires that the author/publisher is meaningfully authoring HTML. This may be challenging to integrate into workflows which e.g. export HTML from InDesign source documents. If the HTML document isn’t the “source of truth,” the card tags will get clobbered whenever the author re-exports from their source document.",
    "translation": "更重要的是，这个方法需要作者/出版者撰写 HTML。假如作者的工作流是从 InDesign 源文件导出 HTML，在这样的工作流里加入卡片就比较困难了。如果 HTML 文档不是「source of truth」，只要作者重新从源文件导出，卡片标签会被删除。",
    "stage": 1
  },
  {
    "key": "10",
    "original": "We’ll probably still want to make plugins for platforms like Wordpress with this approach.",
    "translation": "对于这种方法，可能需要为 Wordpress 之类的平台写插件。",
    "stage": 1
  },
  {
    "key": "11",
    "original": "### Significant barriers to user authentication in third-party contexts",
    "translation": "### 第三方的用户验证有很高门槛",
    "stage": 1
  },
  {
    "key": "12",
    "original": "Once a user’s signed in, they should be able to accumulate prompts around the web without having to sign in on every site. This is difficult to achieve!",
    "translation": "只要用户登录了，他们应该不用在每个网站登录就在边上网边积累卡片。这样很难实现啊！",
    "stage": 1
  },
  {
    "key": "13",
    "original": "The hosting site can’t write a cookie that will be readable by any other potential hosting sites: cookies are origin-locked.",
    "translation": "托管网站不能写 cookie 让其他托管网站读取；cookie 是按来源锁定的。",
    "stage": 1
  },
  {
    "key": "14",
    "original": "We can embed the authentication mechanism in an iframe, hosted on a consistent origin, but these will be “third-party cookies.” In the last couple years, browsers—particularly Safari—have begun to aggressively lock down third-party cookies, since they’re pervasively used for privacy-invading tracking and advertising features.",
    "translation": "我们可以把验证机制嵌入在 iframe 里，在同一来源托管，但这样的 cookie 是「第三方 cookie」。最近几年来，浏览器开始激进地锁定第三方 cookie，其中以 Safari 为最。其原因是第三方 cookie 被广泛用于实现侵犯隐私的跟踪和广告功能。",
    "stage": 1
  },
  {
    "key": "15",
    "original": "In general, any mechanism which would allow these embedded prompts to share authentication credentials would also allow us to track that user for privacy-invading purposes. So we’re somewhat permanently in the cross-fire of these browser security features. Chrome and Edge will “just work”, at least for the next couple years, but Safari and Firefox will not. Edge is marked as “implementing” the Storage Access API.",
    "translation": "",
    "stage": 0
  },
  {
    "key": "16",
    "original": "Apple and Mozilla have created a Storage Access API which allows third-party content to request access to its stored credentials in this context. In Safari, it sounds as though this will *always* require displaying an approval prompt. Yuck. And: Safari may *still* only allow setting a cookie in this context if the user has already interacted with the site in a first-party context! Wow, brutal. Will likely need to offer a Safari extension to make Safari a reasonable experience.",
    "translation": "",
    "stage": 0
  },
  {
    "key": "17",
    "original": "It appears that Safari is at least adding an API to allow these contexts to determine if the user is logged in. [Changeset 250944 – WebKit](https://trac.webkit.org/changeset/250944/webkit)",
    "translation": "",
    "stage": 0
  },
  {
    "key": "18",
    "original": "## Parsing and replacing text blocks",
    "translation": "## 解析并替换文本块",
    "stage": 1
  },
  {
    "key": "19",
    "original": "Some workflows won’t allow users to add arbitrary HTML tags. For instance, say they’re making a site via some custom blogging software that only offers WYSIWYG.",
    "translation": "一些工作流中用户不能随意添加 HTML 标签。比如利用只有可视化编辑手段的博客软件制作网站。",
    "stage": 1
  },
  {
    "key": "20",
    "original": "In these cases, assuming script injection is still possible, we could allow authors to add questions in a similar fashion to [My implementation of a personal mnemonic medium](https://notes.andymatuschak.org/z4mAF1uBV96r72e4NjLcDaujEyTPGiUQJEj8C), as plaintext, parsed and extracted at runtime by the script.",
    "translation": "这时候，如果假定我们能注入脚本，作者便可以像[]里一样添加问题，之后在运行时由脚本解析提取。",
    "stage": 1
  }
]