[
  {
    "key": "0",
    "original": "# Undergraduate learning environments rarely make good contexts for developing the mnemonic medium",
    "translation": "",
    "stage": 0
  },
  {
    "key": "1",
    "original": "[Undergraduate learning environments rarely make good contexts for developing the mnemonic medium (andymatuschak.org)](https://notes.andymatuschak.org/zUYPQw6VsmS94Fr8DUfJW5iVWmaHocnYxH9)",
    "translation": "",
    "stage": 0
  },
  {
    "key": "2",
    "original": "I remember what it was like being an undergraduate. I had five classes; I only cared about one or two of them; the others I was taking because I had to. I was interested in learning, yes, but I was also interested in a hundred other things going on. Also, undergraduate courses usually have pretty low expectations of their students’ retention. If a professor told me “use this system for two hours throughout the semester to reliably remember everything from the semester,” I’d probably not use it. What I’m already doing seems to work “well enough,” though of course I’d acknowledge that my memory would be imperfect.",
    "translation": "",
    "stage": 0
  },
  {
    "key": "3",
    "original": "And indeed, this behavior is what I’ve seen in [Project: spring ’21 Matt Clancy microeconomics collaboration](https://notes.andymatuschak.org/z81LwbKfm54gxqXA3nhsnaya9K1aTmownnAVQ). It shouldn’t have surprised me as much as it did! The behavior’s not *wrong*, really. It’s mostly rational on the part of students. It’s just that it’s not putting enough pressure on the medium to be a good context for me: [The mnemonic medium should be developed in a context where people really need fluency](https://notes.andymatuschak.org/zLVJdDJ7jahsFYfTRU7LKbxsMYdpZWUbKB6).",
    "translation": "",
    "stage": 0
  },
  {
    "key": "4",
    "original": "Of course, in any class, there will be a few students who really do want to learn the material thoroughly. And I’m sure that in some classes, the medium would be used much more seriously, whether it’s because the school/instructor is much more demanding or because the topic itself demands a much higher degree of fluency (e.g. organic chemistry).",
    "translation": "",
    "stage": 0
  }
]