[
  {
    "key": "0",
    "original": "# What might constitute canonical uses of the mnemonic medium?",
    "translation": "",
    "stage": 0
  },
  {
    "key": "1",
    "original": "[What might constitute canonical uses of the mnemonic medium? (andymatuschak.org)](https://notes.andymatuschak.org/z57n4zZZ61isUYuLafL9Df4SGErKGNawH9cMj)",
    "translation": "",
    "stage": 0
  },
  {
    "key": "2",
    "original": "One important category is concentrated sources of platform knowledge which many people struggle to acquire ([The mnemonic medium is particularly valuable for platform knowledge](https://notes.andymatuschak.org/z2bwNMKjXjzp9tGrK6Hm7PXpoEeNAG9M65JW6)). For example:",
    "translation": "",
    "stage": 0
  },
  {
    "key": "3",
    "original": "- [Molecular Biology of the Cell](https://notes.andymatuschak.org/zrozQLpvwRRMZxa59FTSk9euXsQeXwEkh3xe)",
    "translation": "",
    "stage": 0
  },
  {
    "key": "4",
    "original": "- Kandel’s *Principles of Neural Science*",
    "translation": "",
    "stage": 0
  },
  {
    "key": "5",
    "original": "- [The Feynman Lectures on Physics](https://notes.andymatuschak.org/zqpCUJRpTrRJf3YjAoG6mbgMT7TUsYKmy8u)",
    "translation": "",
    "stage": 0
  },
  {
    "key": "6",
    "original": "Outside of platform knowledge, our understanding of the applications of the mnemonic medium is much weaker ([How might the mnemonic medium enable readers in genres outside platform knowledge?](https://notes.andymatuschak.org/z57S2Fte6gAnnM1gCS2nHpH7NYAiXD8KeDfvZ)).",
    "translation": "",
    "stage": 0
  },
  {
    "key": "7",
    "original": "A canonical use must also be authored virtuosically, not just in the prose but also in the prompts. See [Important attributes of good spaced repetition memory prompts](https://notes.andymatuschak.org/z42J1vxsMjhkdbrqVfoqjiEesSzfaEqurBtoJ)",
    "translation": "",
    "stage": 0
  }
]