[
  {
    "key": "0",
    "original": "# What if the mnemonic medium were reframed as a means to engage more deeply with a text?",
    "translation": "# 将助记媒介看作更深入理解文本的手段会怎么样？",
    "stage": 9
  },
  {
    "key": "1",
    "original": "[What if the mnemonic medium were reframed as a means to engage more deeply with a text? (andymatuschak.org)](https://notes.andymatuschak.org/z8ByVmn3qYHQmkzLRGN1958M1aYLZ2yzLbvGs)",
    "translation": "原文：[What if the mnemonic medium were reframed as a means to engage more deeply with a text? (andymatuschak.org)](https://notes.andymatuschak.org/z8ByVmn3qYHQmkzLRGN1958M1aYLZ2yzLbvGs)",
    "stage": 5
  },
  {
    "key": "2",
    "original": "The [Mnemonic medium](https://notes.andymatuschak.org/z4rRX3qwSSJRsEkdXKwH2shamgHNeRthrMLiF) encodes—in its name, even—its focus on helping readers build detailed memory of what they read. This is clearly quite helpful for platform knowledge ([The mnemonic medium is particularly valuable for platform knowledge](https://notes.andymatuschak.org/z2bwNMKjXjzp9tGrK6Hm7PXpoEeNAG9M65JW6)), but detailed memory usually isn’t the primary goal for other genres of writing.",
    "translation": "[助记媒介](https://notes.andymatuschak.org/z4rRX3qwSSJRsEkdXKwH2shamgHNeRthrMLiF)将其重点放在帮助读者建立所读内容的详细记忆上。这显然对平台知识非常有帮助（[助记媒介对于平台知识特别有价值](https://notes.andymatuschak.org/z2bwNMKjXjzp9tGrK6Hm7PXpoEeNAG9M65JW6)），但是详细记忆通常不是其他类型写作的主要目标。",
    "stage": 5
  },
  {
    "key": "3",
    "original": "In thinking about [How might the mnemonic medium enable readers in genres outside platform knowledge?](https://notes.andymatuschak.org/z57S2Fte6gAnnM1gCS2nHpH7NYAiXD8KeDfvZ), one approach is to use the prompts less as a means for building detailed memory and more as a means for prompting deeper engagement (a la [The mnemonic medium may push readers to read more slowly and attentively](https://notes.andymatuschak.org/z7W1Zr7wEGptA3bFYwwaPbCFLBo54xXmQLQdK)), not just during the reading experience but stretching through time ([The mnemonic medium keeps readers in contact with material over time](https://notes.andymatuschak.org/z7tjqSxGsJ53tXsGkRpchsECWcMsW3sFUw86U)).",
    "translation": "在思考[助记媒介如何让读者从平台类之外的体裁中获得知识？](https://notes.andymatuschak.org/z57S2Fte6gAnnM1gCS2nHpH7NYAiXD8KeDfvZ)时，一种方法是将卡片更少地用作建立详细记忆的手段，而更多地用作提示更深入理解的手段（[助记媒介可能会促使读者更缓慢、更专心地阅读](https://notes.andymatuschak.org/z7W1Zr7wEGptA3bFYwwaPbCFLBo54xXmQLQdK)），不仅是在阅读体验中，而且在时间上延伸（[助记媒介使读者持续接触材料](https://notes.andymatuschak.org/z7tjqSxGsJ53tXsGkRpchsECWcMsW3sFUw86U)）。",
    "stage": 5
  },
  {
    "key": "4",
    "original": "A related potential mechanism: [Embedded prompt templates may actively scaffold prompt-writing for mnemonic medium readers](https://notes.andymatuschak.org/z2GSNFzS3TRYHW1UGQhay6Y4J16BVRSwsjWZ)",
    "translation": "一种相关的潜在机制：[嵌入卡片模板可以主动辅助助记媒介读者编写卡片](https://notes.andymatuschak.org/z2GSNFzS3TRYHW1UGQhay6Y4J16BVRSwsjWZ)",
    "stage": 5
  },
  {
    "key": "5",
    "original": "*“Bringing ideas into your orbit”*",
    "translation": "**将想法送入你的轨道（Orbit）**",
    "stage": 5
  }
]