[
  {
    "key": "0",
    "original": "# Writing non-technical mnemonic texts requires extra concept handles",
    "translation": "",
    "stage": 0
  },
  {
    "key": "1",
    "original": "[Writing non-technical mnemonic texts requires extra concept handles (andymatuschak.org)](https://notes.andymatuschak.org/z2jD91wK8CiwDwr1qX33tfFBboyD6kcanVx3)",
    "translation": "",
    "stage": 0
  },
  {
    "key": "2",
    "original": "While creating [How to write good prompts](https://andymatuschak.org/prompts), I found that as I wrote the prompts for the text, I often had to return to the prose to give concrete names ([Concept handles, after Alexander](https://notes.andymatuschak.org/z5vA4vw86DKNq22xt6pRWhumeRmSzwV6hxRHE)) to specific ideas. If I’m writing a question about some heuristic or argument, I needed some way to refer to that idea by name, without repeating the whole idea in the prompt. This need is exacerbated in non-technical texts, where formal language on the topic may not exist (or may be inappropriate).",
    "translation": "",
    "stage": 0
  },
  {
    "key": "3",
    "original": "A related comment from David Chapman:",
    "translation": "",
    "stage": 0
  },
  {
    "key": "4",
    "original": "> You may be interested to hear (or anyway, I’m interested to discover!) that writing prompts is forcing me to revise my text, and it’s clearly improving it. I’m having to make key points explicit where sometimes I left them for the reader to infer.",
    "translation": "",
    "stage": 0
  }
]