﻿﻿0,# Beware automatic import into the reading inbox,# 谨防自动导入阅读收件箱
1,[Beware automatic import into the reading inbox (andymatuschak.org)](https://notes.andymatuschak.org/z5QkRggMXj2gMna9wCyVFLoY1EhwtnFQvtJJ5),原文：[Beware automatic import into the reading inbox (andymatuschak.org)](https://notes.andymatuschak.org/z5QkRggMXj2gMna9wCyVFLoY1EhwtnFQvtJJ5)
2,"It’s easy to treat RSS subscriptions, email newsletters, etc as interchangeable with one’s reading inbox, but they should be clearly separated. (see [A reading inbox to capture possibly-useful references](https://notes.andymatuschak.org/z3N113rxPFreW9xUkLkUFomr2LUqfXbdCo3M))",我们很容易把 RSS 订阅、电子邮件简讯等与自己的阅读收件箱混为一谈，但它们应该被明确分开。（见[为有潜在价值的参考引用建立一个阅读收件箱](https://notes.andymatuschak.org/z3N113rxPFreW9xUkLkUFomr2LUqfXbdCo3M)）
3,"[Inboxes only work if you trust how they’re drained](https://notes.andymatuschak.org/z5tiFxnNKMZCnc8G9R1N51L5hknyRGmyCQx18). That is, it’s important that everything added is either read or removed, so that if a reference seems interesting, you can add it to that list with the confidence that you’ll return to it later. One effective way to ensure this property is to *add everything yourself*.",[收件箱需要可靠的清空流程才有效](https://notes.andymatuschak.org/z5tiFxnNKMZCnc8G9R1N51L5hknyRGmyCQx18)。这意味“清空”非常重要——所有添加的内容要么被阅读，要么被删除。因此，如果你觉得一篇参考文献有意思，可以把它添加到列表中，并相信自己以后会回顾。确保该属性的一个有效方法是**自己添加所有东西**。
4,"If you automatically import content, then when you sit down to read, you’ll see lots of content that you have no immediate connection to. That material will be interspersed with content you intentionally added because you had a strong emotional connection, diluting the latter.",自动导入文章时，你会在阅读时看到很多与你不直接相关的内容。这些不相关的材料与那些你因为有强烈的情感联系而特意添加的内容混合在一起，冲淡了后者。
5,"If you automatically import content, the reading inbox may intermittently become intimidatingly long. That discourages you from opening it, which makes it less reliable.",自动导入文章时，阅读收件箱可能间歇地长得令人生畏。这使你不愿意打开它，从而让收件箱不那么可靠。
6,"If you automatically import content, it becomes more expensive to groom your reading inbox. To decide whether to trash or carefully read those items, you have to first get some sense of what they are. By contrast, if you’ve added an item manually, you usually already have some sense of what it is or have some context which indicates something about its value. It’s momentum-sapping to switch back and forth between evaluating items to be read and actually reading them.",自动导入文章时，梳理收件箱的成本就会变得更加高昂。为了决定是删除还是仔细阅读某篇文章，你必须首先了解它们是什么。相比之下，如果你手动添加一篇文章，你通常已经大体上了解文章讲了什么，比如了解表明文章价值的上下文。而在评估要阅读的文章和实际阅读它们之间来回切换会损耗阅读动力。
7,"If you add content yourself, you’ll provide your own backpressure: you’ll have some awareness of how large your reading inbox has gotten, and so you might think twice about adding something of dubious value.",如果你手动添加内容，你会对自己造成反向压力：你会大概意识到你的收件箱变得多大——因此在添加一些价值可疑的东西之前，你会三思而行。
8,------,------
9,## References,## 参考文献
10,[Note-Taking when Reading the Web and RSS • Zettelkasten Method](https://zettelkasten.de/posts/reading-web-rss-note-taking/),[在阅读网页和 RSS 时记笔记 • Zettelkasten 方法](https://zettelkasten.de/posts/reading-web-rss-note-taking/)
11,"> The web is full of *noise*, and so is this fraction of the web I subscribed to. It’s up to me to find some [signal](http://en.wikipedia.org/wiki/Signal-to-noise_ratio) . That means I have to decide what I want to have knowledge about, and what is dismissible.",> 网络上充满了**噪音**，我订阅的这部分网站也是如此。仅能靠自己找到有用的[信号](http://en.wikipedia.org/wiki/Signal-to-noise_ratio)。这意味着我必须决定我想知道什么，以及什么是可以忽略的。
