﻿﻿0,# Inboxes shouldn’t be split into multiple places,# 不应该设置多处收件箱
1,[Inboxes shouldn’t be split into multiple places (andymatuschak.org)](https://notes.andymatuschak.org/z7bj6MiUnFnP3GvM5QqHafy3LTaqQV56e1Mek),原文：[Inboxes shouldn’t be split into multiple places (andymatuschak.org)](https://notes.andymatuschak.org/z7bj6MiUnFnP3GvM5QqHafy3LTaqQV56e1Mek)
2,"[Inboxes only work if you trust how they’re drained](https://notes.andymatuschak.org/z5tiFxnNKMZCnc8G9R1N51L5hknyRGmyCQx18), but it’s hard to keep them that way. It’s even harder to do this if a single conceptual inbox (e.g. “things to read”) is spread across many different places.",[收件箱需要可靠的清空流程才有效](https://notes.andymatuschak.org/z5tiFxnNKMZCnc8G9R1N51L5hknyRGmyCQx18)，但做到这点很难。如果对应单一概念的收件箱（如「要读的东西」），在实体上却分散在许多不同的地方，可靠地清空收件箱更是难上加难。
3,"Reliable inboxes require that departure rates >= arrival rates, but if an inbox is spread across many places, it’s difficult to see and manage those rates (e.g. by dropping or deferring items).",可靠的收件箱要求流出率>=流入率，但如果一个收件箱分布在许多地方，就很难看到和管理这些速率（例如，通过放弃或推迟项目）。
4,One solution may be to create virtual inboxes which present a unified interface to several “places” where that conceptual inbox’s items live; see [My implementation of a reading inbox](https://notes.andymatuschak.org/z61sPhxF8ZiXcDQF36W4HaYKnSxYJfZmLrkb4).,一个解决方案可能是创建虚拟收件箱，为该概念收件箱的项目所在的几个「地方」提供一个统一的界面；见[我的阅读收件箱实现](https://notes.andymatuschak.org/z61sPhxF8ZiXcDQF36W4HaYKnSxYJfZmLrkb4)。
