﻿﻿0,# Inboxes only work if you trust how they’re drained,# 收件箱需要可靠的清空流程才有效
1,[Inboxes only work if you trust how they’re drained (andymatuschak.org)](https://notes.andymatuschak.org/z5tiFxnNKMZCnc8G9R1N51L5hknyRGmyCQx18),原文：[Inboxes only work if you trust how they’re drained (andymatuschak.org)](https://notes.andymatuschak.org/z5tiFxnNKMZCnc8G9R1N51L5hknyRGmyCQx18)
2,"Reliable inboxes are powerful because they let us [Close open loops](https://notes.andymatuschak.org/z8d4eJNaKrVDGTFpqRnQUPRkexB7K6XbcffAV) and focus on the work itself, rather than on meta-work.",可靠的收件箱是强大的，因为它让我们[关闭开环](https://notes.andymatuschak.org/z8d4eJNaKrVDGTFpqRnQUPRkexB7K6XbcffAV)并专注于工作本身，而无须注意元工作。
3,But this story seems to recur constantly:,但有个故事似乎循环往复地出现：
4,1. You set up a new to-do list. Everything seems so promising!,1. 你设立了新的待办事项清单。局势一片大好！
5,2. You add stuff to it and check things off. Time passes.,2. 你添加新的待办事项，把完成的勾掉。一天天过去了。
6,"3. Something comes up, and you hesitate before adding it to your to-do list: it might get lost, and you need to make sure it gets done.",3. 有件事需要处理。把这件事添加到待办事项清单之前，你犹豫了一番：这件事可能会迷失在待办列表中找不到，而你必须把这件事办完。
7,"4. So you make a sticky note for this special to-do, outside of your to-do list.",4. 因此，你为这件特别的待办事项写了张便条，没放在待办事项清单里。
8,5. The sticky notes multiply. Now you have a new to-do list!,5. 便条越来越多。现在你又有了一个待办事项清单！
9,6. Repeat.,6. 重复上述过程。
10,"Inboxes only let us [Close open loops](https://notes.andymatuschak.org/z8d4eJNaKrVDGTFpqRnQUPRkexB7K6XbcffAV) if they’re reliable—that is, if you can add something to it with total confidence that it’ll get “handled” in some reasonable timeframe. “Handled” is fuzzy: you just need to feel that the fate of those items roughly reflects your true preferences. You’ll trust an inbox system which ends up dropping 90% of items if the other 10% were the only ones you really cared about. You won’t trust an inbox system in which 90% of tasks get done, but the 10% which don’t get done are the ones you really cared about.",只有足够可靠的收件箱才能让我们[关闭开环](https://notes.andymatuschak.org/z8d4eJNaKrVDGTFpqRnQUPRkexB7K6XbcffAV)——也就是说，往收件箱里面添加任务后，能够相信这些任务在其中停留合理的一段时间即能得到「处理」。「处理」是模糊的：你只需要觉得这些任务的处置大致反映了你的真实偏好即可。如果收件箱中 90%的任务都放弃了，但那 10%才是你真正关心的，那么这样的收件箱系统是值得信赖的；如果收件箱中 90% 的任务最终完成了，但那没有完成的 10% 却是你真正关心的，那么这样的收件箱系统不值一提。
11,"In efficient inboxes, it may be easy to maintain this kind of confidence: the departure naturally rate exceeds the arrival rate. But most knowledge worker inboxes don’t look like this. The rates are highly variable, which creates bottlenecks. Not every item actually *needs* to get handled, but people are over-optimistic, so items accrue in a backlog.",在高效的收件箱中，保持这种信心可能很容易，因为完成率自然超过收集率。但大多数知识工作者的收件箱并不是这样的。这两个速率时常流变，这就造成了瓶颈。并非每项任务都需要处理，但很容易对处理能力过于乐观，所以任务逐渐积压。
12,"Sometimes we can decrease the arrival rate; see e.g. [Beware automatic import into the reading inbox](https://notes.andymatuschak.org/z5QkRggMXj2gMna9wCyVFLoY1EhwtnFQvtJJ5). Usually we must also increase the departure rate, which is hard; see e.g. [Triage strategies for maintaining inboxes (e.g. Inbox Zero) are often too brittle](https://notes.andymatuschak.org/z8aZybuJJopS5fL7TnPou2JcmCsBUJeqirbBh).",有时我们可以降低收集率；例如[小心自动导入阅读收件箱](https://notes.andymatuschak.org/z5QkRggMXj2gMna9wCyVFLoY1EhwtnFQvtJJ5)。通常完成率还必须提高，但很难；例如，见[维护收件箱的分流策略（如 Inbox Zero）往往太过脆弱](https://notes.andymatuschak.org/z8aZybuJJopS5fL7TnPou2JcmCsBUJeqirbBh)。
13,------,------
14,## References,## 参考文献
15,"Matuschak, A. (2019, December). *Taking knowledge work seriously*. Presented at the Stripe Convergence, San Francisco.","Matuschak, A. (2019, December). *Taking knowledge work seriously*. Presented at the Stripe Convergence, San Francisco."
