﻿﻿0,# My implementation of a reading inbox,# 我的阅读收件箱实践
1,[My implementation of a reading inbox (andymatuschak.org)](https://notes.andymatuschak.org/z61sPhxF8ZiXcDQF36W4HaYKnSxYJfZmLrkb4),原文：[My implementation of a reading inbox (andymatuschak.org)](https://notes.andymatuschak.org/z61sPhxF8ZiXcDQF36W4HaYKnSxYJfZmLrkb4)
2,This note describes the system which implements [A reading inbox to capture possibly-useful references](https://notes.andymatuschak.org/z3N113rxPFreW9xUkLkUFomr2LUqfXbdCo3M).,本笔记描述了我是如何在我的系统里实践[为有潜在价值的参考引用建立一个阅读收件箱](https://notes.andymatuschak.org/z3N113rxPFreW9xUkLkUFomr2LUqfXbdCo3M)的。
3,"Reading comes in many flavors, and different tools are appropriate for capturing and reading different types of media, but I “drain” all items from this inbox at the same time. [Inboxes shouldn’t be split into multiple places](https://notes.andymatuschak.org/z7bj6MiUnFnP3GvM5QqHafy3LTaqQV56e1Mek), so I create a “virtual” inbox which presents a unified layer across these items.",阅读有多种口味，不同的工具适合捕捉和阅读不同类型的媒体，但我会同时「清空」这个收件箱内的所有类型的项目。而由于[不应该设置多处收件箱](https://notes.andymatuschak.org/z7bj6MiUnFnP3GvM5QqHafy3LTaqQV56e1Mek)，所以我创建了一个「虚拟」收件箱，为所有类型的项目构建出一个统一操作的抽象层。
4,## Web pages,## 网页
5,The database is managed by Pocket. I can add pages via browser extensions on desktop and mobile.,数据库是由 Pocket 管理的。我可以通过桌面和手机上的浏览器扩展来添加网页。
6,"I chose Pocket because it is free, has a somewhat decent API, good extensions, and can double as a bookmarks manager.",我选择 Pocket 是因为它是免费的，有像样点的 API、不错的扩展，而且可以用作书签管理器。
7,I file web pages by archiving them; I trash them by trashing them.,我通过归档网页来整理它们；我通过将它们扔入回收站来销毁它们。
8,## PDFs,## PDFs
9,I save them to `~/Documents/Archive/Inbox`. I have an Alfred workflow which copies/moves the PDF currently open in Preview to this folder.,我把它们保存在 `~/Documents/Archive/Inbox`。我有一个 Alfred 工作流程，将当前在预览中打开的 PDF 复制/移动到这个文件夹。
10,I read PDFs in Skim because it supports linking to specific locations and exportable annotations.,我在 Skim 中阅读 PDF，因为它支持链接到特定位置和可导出注释。
11,I file PDFs by moving them to `~/Documents/Archive` and adding them to Zotero. I trash them by deleting them.,我把 PDF 文件移到 `~/Documents/Archive`，然后把它们添加到 Zotero。我想丢弃它们时就将他们移入回收站。
12,## e-books,## 电子书
13,I save them to `~/Documents/Archive/Inbox`.,我把它们保存在 `~/Documents/Archive/Inbox`。
14,"I read e-books in Clearview, but I hate it (c.f. [All desktop EPUB readers are awful](https://notes.andymatuschak.org/z5EgfjG9cqZKWW16JQD7Pd51bXZVeNpiFaYJS)).",我用 Clearview 阅读电子书，但我很讨厌它（参见[所有桌面 EPUB 阅读器都很糟糕](https://notes.andymatuschak.org/z5EgfjG9cqZKWW16JQD7Pd51bXZVeNpiFaYJS)）。
15,I file e-books by moving them to `~/Documents/Archive` and adding them to Zotero. I trash them by deleting them.,电子书也一样，我通过将它们转移到 `~/Documents/Archive` 并将其添加到 Zotero 来存档。我想丢弃它们时就将他们移入回收站。
16,## Physical books,## 实体书
17,I save a .bib representing the book to `~/Documents/Archive/Inbox`. I have a Shortcut to make this quick.,我把代表书的 .bib 保存到 `~/Documents/Archive/Inbox`。我创建了一个快捷方式来使其快速完成。
18,"I file e-books by moving them to `~/Documents/Archive` then running `file_epub.sh`, which renames them according to their metadata. Then I remove their entry from the `.bib` from the `Inbox` folder.",我通过将电子书移到 `~/Documents/Archive` 来归档，然后运行 `file_epub.sh`，根据它们的元数据重命名。然后我从 `Inbox` 文件夹的 `.bib` 中删除它们的条目。
