﻿﻿0,# Pocket memo pad to capture into writing inbox while out,# 外出时方便抓住灵感的口袋便笺
1,[Pocket memo pad to capture into writing inbox while out (andymatuschak.org)](https://notes.andymatuschak.org/z5FKgZAnMhS73t9kenbVUYx23CHSQAE1gKxVf),原文：[Pocket memo pad to capture into writing inbox while out (andymatuschak.org)](https://notes.andymatuschak.org/z5FKgZAnMhS73t9kenbVUYx23CHSQAE1gKxVf)
2,"I use a perforated A7 memo pad (Maruman Mnemosyne N193A) to take transient notes while I’m out. Striking ideas from conversations, ideas while walking, and so on all get captured here. I usually include a bit of context to help orient me later: a date, a place, a person, etc.",我用一个带孔的 A7 便笺（Maruman Mnemosyne N193A）来记录我外出时的临时笔记。谈话中获得的灵感、行走时的想法等等，都会记录于此处。我通常会附上一些背景，以帮助我以后确定方向：一个日期、一个地点、一个人，等等。
3,"These notes don’t stay in the memo pad: it’s effectively an inbox which feeds [A writing inbox for transient and incomplete notes](https://notes.andymatuschak.org/z5aJUJcSbxuQxzHr2YvaY4cX5TuvLQT7r27Dz). Intermittently, during [My morning writing practice](https://notes.andymatuschak.org/zVFGpprS64TzmKGNzGxq9FiCDnAnCPwRU5T), I process memo pad notes by developing them into [Evergreen notes](https://notes.andymatuschak.org/z4SDCZQeRo4xFEQ8H4qrSqd68ucpgE6LU155C), by transferring them into my writing inbox, or by discarding them.",便笺并不是这些笔记的最终归宿：它实际上是一个收件箱，把信息提供给[为临时性而不完整的笔记建立写作收件箱](https://notes.andymatuschak.org/z5aJUJcSbxuQxzHr2YvaY4cX5TuvLQT7r27Dz)。在[我的晨间写作练习](https://notes.andymatuschak.org/zVFGpprS64TzmKGNzGxq9FiCDnAnCPwRU5T)中，我断断续续地处理便笺上的笔记，把它们发展成[常青笔记](https://notes.andymatuschak.org/z4SDCZQeRo4xFEQ8H4qrSqd68ucpgE6LU155C)，把它们转移到我的写作收件箱中，或者把它们丢弃。
4,"I tear off sheets as I process them, so I always know the notebook’s state: any non-blank pages still have to be processed.",我在转移时会一边处理一边撕下纸张，所以我总是知道笔记本的状态：任何还保留在笔记本上的非空白的页面都是需要处理的。
5,"Each idea gets its own tiny page. This helps me process them ([Evergreen notes should be atomic](https://notes.andymatuschak.org/z4Rrmh17vMBbauEGnFPTZSK3UmdsGExLRfZz1)): a good conversation might generate half a dozen memo pad pages, but each might require very different mental contexts to process.",每个想法都有自己的页面。这有助于我处理它们（[常青笔记应该是原子化的](https://notes.andymatuschak.org/z4Rrmh17vMBbauEGnFPTZSK3UmdsGExLRfZz1)）：一个好的谈话可能会产生半打便笺页，但每一个可能都需要非常不同的心理背景来处理。
6,"I use this memo pad to help me [Write about what you read to internalize texts deeply](https://notes.andymatuschak.org/zg3fYweZpbHeBTpcYke5mF4ZfrJutYcQEtFo). While reading a book, I’ll capture notes about what I find interesting in the memo pad. Each idea gets one memo pad page, as before. I also include a page number and date.",我使用这本便笺来帮助我[写你所读，以求内化](https://notes.andymatuschak.org/zg3fYweZpbHeBTpcYke5mF4ZfrJutYcQEtFo)。在阅读一本书时，我会把我发现的有趣的东西记录在便笺上。和以前一样，每个想法都写上一页，我还会标注页码和日期。
7,![img](https://notes.andymatuschak.org/BearImages/7E529679-D8E0-4196-A54F-F16DA1813F35-381-00001E868353475D/09985A95-428D-49C6-B1B9-9A9126FFC900.png),![img](https://notes.andymatuschak.org/BearImages/7E529679-D8E0-4196-A54F-F16DA1813F35-381-00001E868353475D/09985A95-428D-49C6-B1B9-9A9126FFC900.png)
8,"The memo pad fits easily in my pocket, and vinyl cover is quite durable, so I carry one at all times, along with a pen.",便笺很容易放在我的口袋里，塑料封面相当耐用，所以我一直都带着一个，还有一支笔。
9,## Purchasing,## 采购
10,"- https://www.amazon.com/gp/product/B00T9CHYZO/ref=ppx_yo_dt_b_asin_title_o01_s00?ie=UTF8&psc=1 ($22.99 / 10, free shipping with Prime)",- https://www.amazon.com/gp/product/B00T9CHYZO/ref=ppx_yo_dt_b_asin_title_o01_s00?ie=UTF8&psc=1（22.99 美元 / 10 个，使用 Prime 免运费）
11,"- [Maruman Mnemosyne N193A Memo Pad - Twin Ring - Modified A7 - 5 mm Rule | JetPens](https://www.jetpens.com/Maruman-Mnemosyne-N193A-Memo-Pad-Twin-Ring-Modified-A7-5-mm-Rule/pd/11413) ($2.10 / ea, costly shipping)","- [Maruman Mnemosyne N193A Memo Pad - Twin Ring - Modified A7 - 5 mm Rule | JetPens](https://www.jetpens.com/Maruman-Mnemosyne-N193A-Memo-Pad-Twin-Ring-Modified-A7-5-mm-Rule/pd/11413) ($2.10 / ea, costly shipping)"
12,"They have 50 sheets, so each sheet costs 4.5c. Not trivially cheap! A very interesting book might cost $2 to process. I guess that’s fine.",它们有 50 张，所以每张要 4.5 美分，一点也不便宜！一本非常有趣的书可能要花 2 美元来处理。我想这应该还好。
13,"I use the Uni-ball Signo UM-151, which costs about a dollar. The pen feels well-balanced, its cap is reliable, it’s durable, and the inking action is very even.",我使用的是 Uni-ball Signo UM-151，价格约为 1 美元。这支笔感觉性价比很高，它的笔帽很可靠，很耐用，而且着墨的动作很均匀。
14,## References,## 参考文献
15,[Create Zettel from Reading Notes • Zettelkasten Method](https://zettelkasten.de/posts/create-zettel-from-reading-notes/),[从阅读笔记中创建 Zettel 笔记 • Zettelkasten 方法](https://zettelkasten.de/posts/create-zettel-from-reading-notes/)
16,"> So I always carry a small **A7 tear-off notepad** and a **0.5mm mechanical pencil** (soft 2B leads) with me. This is my truly ubiquituous capturing device. I use it to take reading notes when I’m not at home, too.",> 所以我总是随身携带一个小巧的 **A7 可撕式便笺**和一支 **0.5 毫米的自动铅笔**（柔软的 2B）。这是我真正无处不在的记录设备。当我不在家的时候，我也用它来做阅读笔记。
