[
  {
    "key": "0",
    "original": "# A reading inbox to capture possibly-useful references",
    "translation": "# 为有潜在价值的参考引用建立一个阅读收件箱",
    "stage": 9
  },
  {
    "key": "1",
    "original": "[A reading inbox to capture possibly-useful references (andymatuschak.org)](https://notes.andymatuschak.org/z3N113rxPFreW9xUkLkUFomr2LUqfXbdCo3M)",
    "translation": "原文：[A reading inbox to capture possibly-useful references (andymatuschak.org)](https://notes.andymatuschak.org/z3N113rxPFreW9xUkLkUFomr2LUqfXbdCo3M)",
    "stage": 5
  },
  {
    "key": "2",
    "original": "To avoid a proliferation of anxiety-inducing browser tabs and a terrifying folder of PDFs, it’s important to have an automatic procedure for capturing references to readings which might prove useful.",
    "translation": "浏览器标签逐渐堆积的，PDF 文件夹不断激增，这一切真让人焦虑。为了避免这一点，重要的是要有一个程序，来自动化地保存阅读中那些有潜在价值的参考材料。",
    "stage": 5
  },
  {
    "key": "3",
    "original": "Once captured, each item in the inbox either:",
    "translation": "一旦捕获材料，收集箱中每个项目要么：",
    "stage": 5
  },
  {
    "key": "4",
    "original": "1. gets trashed (doesn’t look like it’s worth a detailed read after all)",
    "translation": "1. 删除（最后看起来不值得详细阅读）",
    "stage": 5
  },
  {
    "key": "5",
    "original": "2. gets read in a serious fashion (i.e. [Write about what you read to internalize texts deeply](https://notes.andymatuschak.org/zg3fYweZpbHeBTpcYke5mF4ZfrJutYcQEtFo))",
    "translation": "2. 被认真阅读（即[围绕所读内容写笔记，以求深刻内化文本](https://notes.andymatuschak.org/zg3fYweZpbHeBTpcYke5mF4ZfrJutYcQEtFo))",
    "stage": 3
  },
  {
    "key": "6",
    "original": "3. gets read shallowly and filed in the reference library",
    "translation": "3. 被浅读，并在参考书库中存档",
    "stage": 5
  },
  {
    "key": "7",
    "original": "4. (maybe) gets added to some other list like “recipes to be cooked”",
    "translation": "4. （也许）添加到其他一些清单中，如「待烹调的食谱」",
    "stage": 5
  },
  {
    "key": "8",
    "original": "Importantly, this isn’t a “someday maybe” list. It doesn’t accumulate indefinitely, because then it wouldn’t be a reliable way to [Close open loops](https://notes.andymatuschak.org/z8d4eJNaKrVDGTFpqRnQUPRkexB7K6XbcffAV).",
    "translation": "重点在于，这不是一个「也许有一天会读」的清单。它不会无限期地积累，因为那样的话，它就不是一个可靠的方法来[闭合开环](https://notes.andymatuschak.org/z8d4eJNaKrVDGTFpqRnQUPRkexB7K6XbcffAV)。",
    "stage": 5
  },
  {
    "key": "9",
    "original": "So, when constructing a reading inbox, the important considerations are:",
    "translation": "因此，在构建一个阅读收件箱时，重要的考虑因素是：",
    "stage": 5
  },
  {
    "key": "10",
    "original": "1. zero-friction capture for books, articles, web pages (to easily close that loop)",
    "translation": "1. 书籍、文章、网页的零阻力捕获（以轻松地关闭该循环）",
    "stage": 5
  },
  {
    "key": "11",
    "original": "2. zero-friction to view the reading corresponding to an inbox item",
    "translation": "2. 零阻力地查看收件箱项目对应的阅读量",
    "stage": 5
  },
  {
    "key": "12",
    "original": "3. zero-friction listing across item type",
    "translation": "3. 零阻力地跨类型列举（译注：作为清单或者引用）",
    "stage": 5
  },
  {
    "key": "13",
    "original": "4. the inbox should encourage lingering items to be removed (e.g. it should be obvious when one has been passed over many times)",
    "translation": "4. 收件箱应鼓励删除滞留的项目（例如，当一个项目被多次跳过时，应该很明显。）",
    "stage": 5
  },
  {
    "key": "14",
    "original": "Interestingly, no existing “read later” or reference management system fits these criteria. They’re usually siloed by content type, and none of them encourages lingering items to be removed. See also: [Beware automatic import into the reading inbox](https://notes.andymatuschak.org/z5QkRggMXj2gMna9wCyVFLoY1EhwtnFQvtJJ5).",
    "translation": "有趣的是，现有的「稍后阅读」或参考管理系统都不符合这些标准。它们通常是按内容类型划分的，而且没有一个系统鼓励删除徘徊的项目。另见：[谨防自动导入阅读收件箱](https://notes.andymatuschak.org/z5QkRggMXj2gMna9wCyVFLoY1EhwtnFQvtJJ5)。",
    "stage": 5
  },
  {
    "key": "15",
    "original": "The reading inbox is an important release valve for things I encounter when on my smartphone (see [Use phones to collect and triage, not (usually) to read](https://notes.andymatuschak.org/z3YtsKc76oFwr9fxWkcNwAQdV1JGpUQ46hJ79)).",
    "translation": "阅读收件箱是我在使用智能手机时遇到的事情的一个重要泄压阀（见[用手机收集和分流，而不是（通常）阅读](https://notes.andymatuschak.org/z3YtsKc76oFwr9fxWkcNwAQdV1JGpUQ46hJ79)）。",
    "stage": 5
  },
  {
    "key": "16",
    "original": "Related: [Incremental reading](https://notes.andymatuschak.org/z2gZooHVxB8x6EbDSR97Bz1jFMqAqSWSLPnMs)",
    "translation": "相关：[渐进阅读](https://notes.andymatuschak.org/z2gZooHVxB8x6EbDSR97Bz1jFMqAqSWSLPnMs)",
    "stage": 5
  },
  {
    "key": "17",
    "original": "------",
    "translation": "------",
    "stage": 5
  },
  {
    "key": "18",
    "original": "## References",
    "translation": "## 参考文献",
    "stage": 5
  },
  {
    "key": "19",
    "original": "[Note-Taking when Reading the Web and RSS • Zettelkasten Method](https://zettelkasten.de/posts/reading-web-rss-note-taking/)",
    "translation": "[在阅读网页和 RSS 时记笔记 • Zettelkasten 方法](https://zettelkasten.de/posts/reading-web-rss-note-taking/)",
    "stage": 5
  },
  {
    "key": "20",
    "original": "> The Inbox is the place to hold the items we either *want to* or *need to* pay attention to. A lot of stuff will never reach our inbox; we can shut off the noise outside.",
    "translation": "> 收件箱是保存我们**想要**或**需要**注意的物品的地方。很多东西永远不会进入收件箱；我们可以隔绝外界噪音。",
    "stage": 5
  },
  {
    "key": "21",
    "original": "> Some things that found their way onto the reading lists turn out to be useless. Toss them. Putting items on the reading list is a tiny commitment only: we commit to pay attention to them later, but we don’t need to hold on to them if they don’t withstand a critical look.",
    "translation": "> 发现有些进入阅读清单的东西毫无用处，就把他们扔掉。把文章列入阅读清单上，只是做了小小的承诺：我们承诺以后会去看看，但是如果文章不能经受批判性的审视，我们就不必遵守承诺。",
    "stage": 5
  }
]