[
  {
    "key": "0",
    "original": "# A writing inbox for transient and incomplete notes",
    "translation": "# 为临时性的和不完整的笔记设置写作收件箱",
    "stage": 9
  },
  {
    "key": "1",
    "original": "[A writing inbox for transient and incomplete notes (andymatuschak.org)](https://notes.andymatuschak.org/z5aJUJcSbxuQxzHr2YvaY4cX5TuvLQT7r27Dz)",
    "translation": "原文：[A writing inbox for transient and incomplete notes (andymatuschak.org)](https://notes.andymatuschak.org/z5aJUJcSbxuQxzHr2YvaY4cX5TuvLQT7r27Dz)",
    "stage": 5
  },
  {
    "key": "2",
    "original": "Even if you aspires to write [Evergreen notes](https://notes.andymatuschak.org/z4SDCZQeRo4xFEQ8H4qrSqd68ucpgE6LU155C), most notes begin as transient notes. You should be able to capture thoughts without friction ([Close open loops](https://notes.andymatuschak.org/z8d4eJNaKrVDGTFpqRnQUPRkexB7K6XbcffAV)), then reliably develop them into evergreen notes over time ([Knowledge work should accrete](https://notes.andymatuschak.org/z6UDDkom8Aifg6mLdjT1sPtbMBweCmpyTwmJT)). This implies two important mechanisms:",
    "translation": "即使你想要写出[常青笔记](https://notes.andymatuschak.org/z4SDCZQeRo4xFEQ8H4qrSqd68ucpgE6LU155C)，其中大部分也是从临时的笔记开始的。所以你应该能零阻力地捕获想法（[关闭开环](https://notes.andymatuschak.org/z8d4eJNaKrVDGTFpqRnQUPRkexB7K6XbcffAV)），然后可靠地将它们逐步完善，写成常青笔记（[知识工作应能聚沙成塔](https://notes.andymatuschak.org/z6UDDkom8Aifg6mLdjT1sPtbMBweCmpyTwmJT)）。这意味着两个重要的机制：",
    "stage": 5
  },
  {
    "key": "3",
    "original": "1. a quick way to capture transient notes which clearly isolates them from evergreen notes; and",
    "translation": "1. 一个能快速捕获临时笔记的方法，将它们与常青笔记本身明确隔离；以及",
    "stage": 5
  },
  {
    "key": "4",
    "original": "2. a place to put notes you want to develop further and a practice which reliably drains it ([Inboxes only work if you trust how they’re drained](https://notes.andymatuschak.org/z5tiFxnNKMZCnc8G9R1N51L5hknyRGmyCQx18))",
    "translation": "2. 一个笔记暂存处，存放你想进一步完善笔记。并且应有一套流程实践，能可靠地清空它（[收件箱需要可靠的清空流程才有效](https://notes.andymatuschak.org/z5tiFxnNKMZCnc8G9R1N51L5hknyRGmyCQx18)）",
    "stage": 5
  },
  {
    "key": "5",
    "original": "I use a “writing inbox” for this purpose. Undeveloped ideas, excerpts from my [Daily working log](https://notes.andymatuschak.org/z28QkpK3vRKQTacjFDfGYBhCXHqHuVWJzny9), notes from reading, one-line prompts, etc all begin in that queue. During [My morning writing practice](https://notes.andymatuschak.org/zVFGpprS64TzmKGNzGxq9FiCDnAnCPwRU5T), I’ll look through notes in this inbox and spend time developing any that strike me. On most days, I spend the majority of my writing time in this way.",
    "translation": "为此，我使用了一个「写作收件箱」。好多想法的种子、[工作日志](https://notes.andymatuschak.org/z28QkpK3vRKQTacjFDfGYBhCXHqHuVWJzny9)中的摘录、读书笔记、单行卡片等，都从这个队列开始的。在[我的晨间写作](https://notes.andymatuschak.org/zVFGpprS64TzmKGNzGxq9FiCDnAnCPwRU5T)中，我会查看这个收件箱中的笔记，并花时间深入任何触动我想法的东西。多数日子里，我的写作时间主要会这么使用。",
    "stage": 5
  },
  {
    "key": "6",
    "original": "Many notes in my writing inbox end up as evergreen notes, but that’s not appropriate (or possible) for all of them. If a note doesn’t seem sufficiently interesting after a few looks, it’s best to archive or delete it. (A challenge here: [Triage strategies for maintaining inboxes (e.g. Inbox Zero) are often too brittle](https://notes.andymatuschak.org/z8aZybuJJopS5fL7TnPou2JcmCsBUJeqirbBh))",
    "translation": "我写作收件箱中的许多笔记会写成常青笔记，但不是所有笔记都适合（或可能）这么做。如果某个笔记看到几次，却仍不够有趣，最好是归档或删除它。（这里有一个挑战：[收件箱维护的分流策略（如「收件箱归零」）往往不容易使用](https://notes.andymatuschak.org/z8aZybuJJopS5fL7TnPou2JcmCsBUJeqirbBh)）",
    "stage": 5
  },
  {
    "key": "7",
    "original": "While I’m at my computer, I capture notes directly into my writing inbox. I also feed it with: [Pocket memo pad to capture into writing inbox while out](https://notes.andymatuschak.org/z5FKgZAnMhS73t9kenbVUYx23CHSQAE1gKxVf).",
    "translation": "当我在电脑前时，我把笔记直接捕获到我的写作收件箱中。我同样也会设立[在外出时为写作收件箱捕获的袖珍便笺](https://notes.andymatuschak.org/z5FKgZAnMhS73t9kenbVUYx23CHSQAE1gKxVf)来投喂临时笔记。",
    "stage": 5
  },
  {
    "key": "8",
    "original": "------",
    "translation": "------",
    "stage": 5
  },
  {
    "key": "9",
    "original": "## References",
    "translation": "## 参考文献",
    "stage": 5
  },
  {
    "key": "10",
    "original": "[Building Blocks of a Zettelkasten • Zettelkasten Method](https://zettelkasten.de/posts/zettelkasten-building-blocks/)",
    "translation": "[Zettelkasten 的构建模块 • Zettelkasten 方法](https://zettelkasten.de/posts/zettelkasten-building-blocks/)",
    "stage": 5
  }
]