[
  {
    "key": "0",
    "original": "# My implementation of a reading inbox",
    "translation": "# 我的阅读收件箱实践",
    "stage": 9
  },
  {
    "key": "1",
    "original": "[My implementation of a reading inbox (andymatuschak.org)](https://notes.andymatuschak.org/z61sPhxF8ZiXcDQF36W4HaYKnSxYJfZmLrkb4)",
    "translation": "原文：[My implementation of a reading inbox (andymatuschak.org)](https://notes.andymatuschak.org/z61sPhxF8ZiXcDQF36W4HaYKnSxYJfZmLrkb4)",
    "stage": 5
  },
  {
    "key": "2",
    "original": "This note describes the system which implements [A reading inbox to capture possibly-useful references](https://notes.andymatuschak.org/z3N113rxPFreW9xUkLkUFomr2LUqfXbdCo3M).",
    "translation": "本笔记描述了我是如何在我的系统里实践[为有潜在价值的参考引用建立一个阅读收件箱](https://notes.andymatuschak.org/z3N113rxPFreW9xUkLkUFomr2LUqfXbdCo3M)的。",
    "stage": 5
  },
  {
    "key": "3",
    "original": "Reading comes in many flavors, and different tools are appropriate for capturing and reading different types of media, but I “drain” all items from this inbox at the same time. [Inboxes shouldn’t be split into multiple places](https://notes.andymatuschak.org/z7bj6MiUnFnP3GvM5QqHafy3LTaqQV56e1Mek), so I create a “virtual” inbox which presents a unified layer across these items.",
    "translation": "阅读有多种口味，不同的工具适合捕捉和阅读不同类型的媒体，但我会同时「清空」这个收件箱内的所有类型的项目。而由于[不应该设置多处收件箱](https://notes.andymatuschak.org/z7bj6MiUnFnP3GvM5QqHafy3LTaqQV56e1Mek)，所以我创建了一个「虚拟」收件箱，为所有类型的项目构建出一个统一操作的抽象层。",
    "stage": 5
  },
  {
    "key": "4",
    "original": "## Web pages",
    "translation": "## 网页",
    "stage": 5
  },
  {
    "key": "5",
    "original": "The database is managed by Pocket. I can add pages via browser extensions on desktop and mobile.",
    "translation": "数据库是由 Pocket 管理的。我可以通过桌面和手机上的浏览器扩展来添加网页。",
    "stage": 5
  },
  {
    "key": "6",
    "original": "I chose Pocket because it is free, has a somewhat decent API, good extensions, and can double as a bookmarks manager.",
    "translation": "我选择 Pocket 是因为它是免费的，有像样点的 API、不错的扩展，而且可以用作书签管理器。",
    "stage": 5
  },
  {
    "key": "7",
    "original": "I file web pages by archiving them; I trash them by trashing them.",
    "translation": "我通过归档网页来整理它们；我通过将它们扔入回收站来销毁它们。",
    "stage": 5
  },
  {
    "key": "8",
    "original": "## PDFs",
    "translation": "## PDFs",
    "stage": 5
  },
  {
    "key": "9",
    "original": "I save them to `~/Documents/Archive/Inbox`. I have an Alfred workflow which copies/moves the PDF currently open in Preview to this folder.",
    "translation": "我把它们保存在 `~/Documents/Archive/Inbox`。我有一个 Alfred 工作流程，将当前在预览中打开的 PDF 复制/移动到这个文件夹。",
    "stage": 5
  },
  {
    "key": "10",
    "original": "I read PDFs in Skim because it supports linking to specific locations and exportable annotations.",
    "translation": "我在 Skim 中阅读 PDF，因为它支持链接到特定位置和可导出注释。",
    "stage": 5
  },
  {
    "key": "11",
    "original": "I file PDFs by moving them to `~/Documents/Archive` and adding them to Zotero. I trash them by deleting them.",
    "translation": "我把 PDF 文件移到 `~/Documents/Archive`，然后把它们添加到 Zotero。我想丢弃它们时就将他们移入回收站。",
    "stage": 5
  },
  {
    "key": "12",
    "original": "## e-books",
    "translation": "## 电子书",
    "stage": 5
  },
  {
    "key": "13",
    "original": "I save them to `~/Documents/Archive/Inbox`.",
    "translation": "我把它们保存在 `~/Documents/Archive/Inbox`。",
    "stage": 5
  },
  {
    "key": "14",
    "original": "I read e-books in Clearview, but I hate it (c.f. [All desktop EPUB readers are awful](https://notes.andymatuschak.org/z5EgfjG9cqZKWW16JQD7Pd51bXZVeNpiFaYJS)).",
    "translation": "我用 Clearview 阅读电子书，但我很讨厌它（参见[所有桌面 EPUB 阅读器都很糟糕](https://notes.andymatuschak.org/z5EgfjG9cqZKWW16JQD7Pd51bXZVeNpiFaYJS)）。",
    "stage": 5
  },
  {
    "key": "15",
    "original": "I file e-books by moving them to `~/Documents/Archive` and adding them to Zotero. I trash them by deleting them.",
    "translation": "电子书也一样，我通过将它们转移到 `~/Documents/Archive` 并将其添加到 Zotero 来存档。我想丢弃它们时就将他们移入回收站。",
    "stage": 5
  },
  {
    "key": "16",
    "original": "## Physical books",
    "translation": "## 实体书",
    "stage": 5
  },
  {
    "key": "17",
    "original": "I save a .bib representing the book to `~/Documents/Archive/Inbox`. I have a Shortcut to make this quick.",
    "translation": "我把代表书的 .bib 保存到 `~/Documents/Archive/Inbox`。我创建了一个快捷方式来使其快速完成。",
    "stage": 5
  },
  {
    "key": "18",
    "original": "I file e-books by moving them to `~/Documents/Archive` then running `file_epub.sh`, which renames them according to their metadata. Then I remove their entry from the `.bib` from the `Inbox` folder.",
    "translation": "我通过将电子书移到 `~/Documents/Archive` 来归档，然后运行 `file_epub.sh`，根据它们的元数据重命名。然后我从 `Inbox` 文件夹的 `.bib` 中删除它们的条目。",
    "stage": 5
  }
]