[
  {
    "key": "0",
    "original": "# Triage strategies for maintaining inboxes (e.g. Inbox Zero) are often too brittle",
    "translation": "# 收件箱维护的分流策略（如「收件箱归零」）往往不够稳健",
    "stage": 9
  },
  {
    "key": "1",
    "original": "[Triage strategies for maintaining inboxes (e.g. Inbox Zero) are often too brittle (andymatuschak.org)](https://notes.andymatuschak.org/z8aZybuJJopS5fL7TnPou2JcmCsBUJeqirbBh)",
    "translation": "原文：[Triage strategies for maintaining inboxes (e.g. Inbox Zero) are often too brittle (andymatuschak.org)](https://notes.andymatuschak.org/z8aZybuJJopS5fL7TnPou2JcmCsBUJeqirbBh)",
    "stage": 5
  },
  {
    "key": "2",
    "original": "[Inboxes only work if you trust how they’re drained](https://notes.andymatuschak.org/z5tiFxnNKMZCnc8G9R1N51L5hknyRGmyCQx18), and [Inbox Zero](http://www.43folders.com/izero) is one approach to ensure that they do. It lowers items’ wait times (theoretically to one day) by aggressively increasing the departure rate.",
    "translation": "[收件箱需要可靠的清空流程才有效](https://notes.andymatuschak.org/z5tiFxnNKMZCnc8G9R1N51L5hknyRGmyCQx18)，而[收件箱归零](http://www.43folders.com/izero)是确保流程发挥作用的一种方法。它通过积极提高流出率来，降低项目排队等候处理的时间（理论上为一天）。",
    "stage": 5
  },
  {
    "key": "3",
    "original": "In *Getting Things Done*, David Allen suggests that you can increase your queue's departure rate by strategically deferring, delegating, or dropping tasks. “Inbox Zero” is an elaboration by Merlin Mann. It ensures that you're increasing the departure rate *enough* by processing your entire inbox down to zero items each day. This is a blunt approach, but it does ensure that the departure rate always exceeds the arrival rate.",
    "translation": "在 *Getting Things Done (GTD)* 中，大卫-艾伦建议，你可以通过策略性延后、委托或放弃任务来提高代办队列的流出率。「收件箱归零」是 Merlin Mann 对这个建议的一个实现。它通过每天归零整个收件箱的方式，来确保队列的流出率得到*充分*提高。这个方法简单粗暴，但确实能保证流出率恒大于流入。",
    "stage": 5
  },
  {
    "key": "4",
    "original": "## Challenges",
    "translation": "## 挑战",
    "stage": 5
  },
  {
    "key": "5",
    "original": "You have to make a decision about every item in your inbox. This is a significant cost, and it’ll only make sense to pay when inboxes are relatively small.",
    "translation": "你必须对收件箱中每一个项目做处理，判断去留。成本上既巨大，也没有支付意义（除非收件箱比较小）",
    "stage": 5
  },
  {
    "key": "6",
    "original": "Explicitly deferring a task imposes an emotional cost, possibly unnecessarily: “inbox zero” is only necessary if the arrival rate *always* exceeds the departure rate. If the arrival rate is variable and sometimes sits below the departure rate, you can still handle everything in a reasonable timeframe.",
    "translation": "明确地点「推迟任务」会带来不必要的情绪压力：只有在流入**恒**大于流出的情况下，「收件箱归零」才是必要的。如果流入率是波动的，时常低于流入率，你仍然可以在合理的时间范围内处理所有的事情，而不需要每日都归零。",
    "stage": 5
  },
  {
    "key": "7",
    "original": "Explicitly dropping a task is hard because [Software interfaces often harmfully frame destructive operations as final decisions, not contingent preferences](https://notes.andymatuschak.org/z5vXaKVAPBNKAAi9RXNudduhyGadGXqtMVTEs).",
    "translation": "明确地点「放弃」很难，因为[软件界面经常将破坏性操作作为最终决定，而不是视情况而定的选择](https://notes.andymatuschak.org/z5vXaKVAPBNKAAi9RXNudduhyGadGXqtMVTEs)。",
    "stage": 3
  },
  {
    "key": "8",
    "original": "More practically speaking, Inbox Zero usually leads to deferral numbness: it’s too easy to punt a task over and over again. Allen suggests that one should periodically perform a reflective review to reconsider tasks which are repeatedly deferred, but these reviews require yet more decisions. Adherence seems to be low.",
    "translation": "而考虑方法的落地，「收件箱归零」通常会导致对推迟麻木：我们太容易把一个任务一次又一次地推掉。艾伦建议，人们应该定期进行自我反思性的审查，重新考虑那些被反复推迟的任务，但这些审查需要做更多的决定。长期使用可能很难坚持。",
    "stage": 5
  },
  {
    "key": "9",
    "original": "When processing the inbox in this way, there’s also a lot of pressure to simply *do* more of these tasks, which may not be what you actually want.",
    "translation": "最后，以这种方式处理收件箱时，会有压力鼓励你简单地多**做**这些任务，这可能不是你真正想要的。",
    "stage": 5
  },
  {
    "key": "10",
    "original": "## Opportunities",
    "translation": "## 机会",
    "stage": 3
  },
  {
    "key": "11",
    "original": "A more ideal mechanism would ensure that wait times remain tolerable, but the cycle time doesn’t necessarily have to be one day. We must also consider the number of decisions to be made. I’d rather make fewer decisions but tolerate a longer average wait time.",
    "translation": "一个更理想的机制将确保等待时间保持在可容忍的范围内，但周期不一定非得是 1 天。我们还必须考虑要做的决定的数量。我宁愿做更少的决定，但容忍更长的平均等待时间。",
    "stage": 3
  },
  {
    "key": "12",
    "original": "One possible instantiation: [Spaced repetition can lower the stakes around destructive inbox-maintenance operations](https://notes.andymatuschak.org/z7yRMBXGc81KkUwLxefodzfnnfKXx63vXzP88).",
    "translation": "一个可能的实例：[间隔重复可以降低破坏性收件箱维护操作的风险](https://notes.andymatuschak.org/z7yRMBXGc81KkUwLxefodzfnnfKXx63vXzP88)。",
    "stage": 3
  },
  {
    "key": "13",
    "original": "------",
    "translation": "------",
    "stage": 3
  },
  {
    "key": "14",
    "original": "## References",
    "translation": "## 参考文献",
    "stage": 3
  },
  {
    "key": "15",
    "original": "Allen, D. (2015). Getting Things Done: The Art of Stress-Free Productivity.",
    "translation": "Allen, D. (2015). Getting Things Done: The Art of Stress-Free Productivity.",
    "stage": 3
  },
  {
    "key": "16",
    "original": "[43 Folders Series: Inbox Zero | 43 Folders](http://www.43folders.com/izero)",
    "translation": "[43 Folders Series: Inbox Zero | 43 Folders](http://www.43folders.com/izero)",
    "stage": 3
  },
  {
    "key": "17",
    "original": "Matuschak, A. (2019, December). Taking knowledge work seriously. Presented at the Stripe Convergence, San Francisco.",
    "translation": "Matuschak, A. (2019, December). Taking knowledge work seriously. Presented at the Stripe Convergence, San Francisco.",
    "stage": 3
  }
]