[
  {
    "key": "0",
    "original": "# A rigid fixation on “focus” can harm creative work",
    "translation": "# 太过执迷「专注」反而不利于创造性工作",
    "stage": 9
  },
  {
    "key": "1",
    "original": "[A rigid fixation on “focus” can harm creative work (andymatuschak.org)](https://notes.andymatuschak.org/z8BENejnm5iyqRUodaqyScehdgnuu9b1vn669)",
    "translation": "原文：[A rigid fixation on “focus” can harm creative work (andymatuschak.org)](https://notes.andymatuschak.org/z8BENejnm5iyqRUodaqyScehdgnuu9b1vn669)",
    "stage": 5
  },
  {
    "key": "2",
    "original": "Productivity culture is obsessed with “deep work”, focus, etc. But a certain amount of serendipity and spontaneity is really important to creative work.",
    "translation": "生产力文化着迷于「深度工作」、专注等等。但是对于创造性工作来说，一定程度的偶然性和自发性是非常重要的。",
    "stage": 3
  },
  {
    "key": "3",
    "original": "Sometimes the benefit comes from opening yourself up to unexpected inputs—so you have ideas you wouldn’t otherwise have.",
    "translation": "有时候，向意想不到的输入敞开心扉可以带来好处——你会产生本不会有的想法。",
    "stage": 3
  },
  {
    "key": "4",
    "original": "At other times, it’s helpful to pay attention to those impulses to distract yourself because they may indicate subtle subconscious hunches you have—possibly useful direction to explore. Or they may help you understand that you’re actually not interested in your current project, or some element of it.",
    "translation": "在其他时候，注意那些分散自己注意力的心理冲动是有帮助的，因为它们可能表明你有微妙的潜意识直觉ーー可能是有用的探索方向。或者它们可以帮助你理解，你实际上对当前的项目或其中的一些元素并不感兴趣。",
    "stage": 3
  },
  {
    "key": "5",
    "original": "Also, just empirically, it’s usually not possible to do hard, ultra-focused creative work all day! [It’s hard to do difficult creative work for more than a few hours a day](https://notes.andymatuschak.org/z2CimZy4H6BHkurFNQpqDjKitgpVud4pDTbwm)",
    "translation": "而且，根据经验来说，一整天高度专注于困难的创意性工作，几乎是不可能的！[每天花几个小时以上的时间做一些困难创造性的工作是很困难的]( https://notes.andymatuschak.org/z2cimzy4h6bhkurfnqpqdjkitgpvud4pdtbwm )",
    "stage": 3
  },
  {
    "key": "6",
    "original": "Related: [Momentum as explore-exploit heuristic in creative work](https://notes.andymatuschak.org/z5hfnKt2MAdQgZBguABu4wwsnbRB9Z8zFqkvL)",
    "translation": "相关笔记：[在创造性工作中利用探索启发式的动力](https://notes.andymatuschak.org/z5hfnKt2MAdQgZBguABu4wwsnbRB9Z8zFqkvL)",
    "stage": 3
  },
  {
    "key": "7",
    "original": "## References",
    "translation": "## 参考文献",
    "stage": 5
  },
  {
    "key": "8",
    "original": "https://twitter.com/michael_nielsen/status/1411701234768171010?s=20",
    "translation": "https://twitter.com/michael_nielsen/status/1411701234768171010?s=20",
    "stage": 5
  },
  {
    "key": "9",
    "original": "> There’s something peculiar about being “focused”. I used to think it was bad if I got distracted. For some types of rote, necessary work it really is best just to (try to) power through. But for some associative creative work, there’s a weird half-focus state that’s helpful too",
    "translation": "> 「专注」这种状态有些奇怪。我以前觉得分心会很糟糕。对于某些机械但是必要的工作，一鼓作气干完是最好的。但是对于一些需要丰富联想的创造性工作，半专注状态可能也有好处。",
    "stage": 3
  }
]