[
  {
    "key": "0",
    "original": "# Advantages and disadvantages of using notes to form associations in content",
    "translation": "# 使用笔记在内容中建立联想的优缺点",
    "stage": 9
  },
  {
    "key": "1",
    "original": "[Advantages and disadvantages of using notes to form associations in content (andymatuschak.org)](https://notes.andymatuschak.org/z2D6w86eKLuVdmk5icMJ5L6av1nG62HaF7ref)",
    "translation": "原文：[使用笔记在内容中建立联想的优缺点（andymatuschak.org）](https://notes.andymatuschak.org/z2D6w86eKLuVdmk5icMJ5L6av1nG62HaF7ref)",
    "stage": 5
  },
  {
    "key": "2",
    "original": "If we’re reading a web page and notice that it relates to some PDF on our hard drive, we have no real way to make that association. But we *can* create a note which links to both resources.",
    "translation": "当发现正在阅读网页可能与我们硬盘里某些PDF有联系时，我们没有办法直接为他们建立关联，但可以通过建立笔记来连接这两个资源。",
    "stage": 5
  },
  {
    "key": "3",
    "original": "This is different from the memex solution ( Bush , 1945), which imagined direct linkages between documents of any kind—yours or others’.",
    "translation": "这与memex解决方案（Bush , 1945）不同，后者设想了任何种类的文件--你的或别人的--之间的直接联系。",
    "stage": 5
  },
  {
    "key": "4",
    "original": "Writing a note is good because it forces you to [Do your own thinking](https://notes.andymatuschak.org/z4enRPbLXdD8X8hCfVjaRkcGkronvhcfrgSQw), but it’s a bit heavy because [Evergreen notes should be concept-oriented](https://notes.andymatuschak.org/z6bci25mVUBNFdVWSrQNKr6u7AZ1jFzfTVbMF). So to write the note, we have to extract the conceptual link between the two, name it, and arrange it in some way that might attract future linkages .",
    "translation": "写笔记是好的，因为它迫使你[独立思考](https://notes.andymatuschak.org/z4enRPbLXdD8X8hCfVjaRkcGkronvhcfrgSQw)，然而它有点费心思，因为[常青笔记应该以概念为导向](https://notes.andymatuschak.org/z6bci25mVUBNFdVWSrQNKr6u7AZ1jFzfTVbMF)。因此，为了写笔记，我们必须提取两者之间的概念联系，为其命名，并以某种可能引出未来联系的方式安排它。",
    "stage": 5
  },
  {
    "key": "5",
    "original": "When we [Write about what you read to internalize texts deeply](https://notes.andymatuschak.org/zg3fYweZpbHeBTpcYke5mF4ZfrJutYcQEtFo), we have two layers of notes: there are lightweight notes about the reading itself in our reference library, then there are higher-fidelity [Evergreen notes](https://notes.andymatuschak.org/z4SDCZQeRo4xFEQ8H4qrSqd68ucpgE6LU155C) in our note archive . It may be valuable to support two layers of noting about association fidelity as well: one could make lightweight associations between materials, then encode the valuable observations into durable notes over time.",
    "translation": "当进行[写你所读，以求内化](https://notes.andymatuschak.org/zg3fYweZpbHeBTpcYke5mF4ZfrJutYcQEtFo)时，我们有两层笔记：在我们的参考图书馆里有关于阅读本身的轻量级笔记，然后在我们的笔记档案里有更高保真度的[常青笔记](https://notes.andymatuschak.org/z4SDCZQeRo4xFEQ8H4qrSqd68ucpgE6LU155C)。支持并维护这两层关于联想保真度的笔记也可能会很有价值，方法是：在材料之间进行轻量级的联想，逐渐将有价值的观察“编码”成持久的笔记。",
    "stage": 5
  },
  {
    "key": "6",
    "original": "------",
    "translation": "------",
    "stage": 5
  },
  {
    "key": "7",
    "original": "## References",
    "translation": "## 参考文献",
    "stage": 5
  },
  {
    "key": "8",
    "original": "Bush , Vannevar. “As We May Think.” *Atlantic Monthly*, July 1945.",
    "translation": "Bush, Vannevar. “As We May Think.” *Atlantic Monthly*, July 1945. ",
    "stage": 5
  }
]