[
  {
    "key": "0",
    "original": "# Answers to application prompts shouldn’t be drawn from memory",
    "translation": "# 应用卡的答案不应该从记忆中得出",
    "stage": 9
  },
  {
    "key": "1",
    "original": "The tasks described in [The mnemonic medium can help readers apply what they’ve learned through simple application prompts](https://notes.andymatuschak.org/z6Y8xDS2AJyE1d34X99y14Sk1A7YCNas5kFjA) push readers to *use* what they’ve learned to produce an answer. These prompts won’t do their job if readers can just memorize the answers: then they’ll become recall prompts. Our simple solution is [Application prompts should vary when repeated](https://notes.andymatuschak.org/z7hqxNNJkeS2eta2eVaUx7cGB27axq2bw3h2y).",
    "translation": "[助记媒介可以通过简单的应用卡帮助读者应用他们所学的知识](https://notes.andymatuschak.org/z6Y8xDS2AJyE1d34X99y14Sk1A7YCNas5kFjA)中描述的任务促使读者**使用**他们所学的知识来得出答案。如果读者只是记住答案，这些卡片就没有实现自身的目的：他们变成了回忆卡。对此，我们的简单解法是[应用卡在重复时应发生变化](https://notes.andymatuschak.org/z7hqxNNJkeS2eta2eVaUx7cGB27axq2bw3h2y)。",
    "stage": 3
  },
  {
    "key": "2",
    "original": "------",
    "translation": "------",
    "stage": 3
  },
  {
    "key": "3",
    "original": "Q. Why shouldn’t answers to application prompts in the mnemonic medium be drawn from memory?",
    "translation": "问：为什么助记媒介的应用卡的答案不应该从记忆中提取？",
    "stage": 3
  },
  {
    "key": "4",
    "original": "A. Readers are supposed to be using what they’ve learned to produce an answer, not drawing the answer from memory.",
    "translation": "答：读者应该灵活运用他们所学的知识来产生答案，而不是从记忆中提取答案。",
    "stage": 3
  },
  {
    "key": "5",
    "original": "[Answers to application prompts shouldn’t be drawn from memory (andymatuschak.org)](https://notes.andymatuschak.org/z8kP66eb8mLNQg3tevRg6gN7TETnYFpwyVVNK)",
    "translation": "原文：[Answers to application prompts shouldn’t be drawn from memory (andymatuschak.org)](https://notes.andymatuschak.org/z8kP66eb8mLNQg3tevRg6gN7TETnYFpwyVVNK)",
    "stage": 3
  }
]