[
  {
    "key": "0",
    "original": "# Anti-marketing",
    "translation": "# 反向营销",
    "stage": 9
  },
  {
    "key": "1",
    "original": "[Anti-marketing (andymatuschak.org)](https://notes.andymatuschak.org/z4bK6LaSBRetDzuYkeCs3A8mJ8DufTbK4o6FS)",
    "translation": "原文：[Anti-marketing (andymatuschak.org)](https://notes.andymatuschak.org/z4bK6LaSBRetDzuYkeCs3A8mJ8DufTbK4o6FS)",
    "stage": 3
  },
  {
    "key": "2",
    "original": "When speaking publicly, researchers and entrepreneurs alike tend to present the rosiest possible picture of their work. This often leads to harmful over-claiming ([Pitching out corrupts within](https://notes.andymatuschak.org/zqG92bvaL58AWMeL97jXaRd1Dm6hsfGvhAn)) and a less personal, more transactional relationship with others. An interesting antidote is to actively practice “anti-marketing”: to make a point of focusing publicly on the *least* rosy parts of one’s projects—what’s confusing, what’s frustrating, what’s not working.",
    "translation": "在公开演讲时，研究人员和企业家都倾向于对他们的工作做出最美好的描述。这往往会导致夸大其词（[报喜不报忧](https://notes.andymatuschak.org/zqG92bvaL58AWMeL97jXaRd1Dm6hsfGvhAn)），并导致与他人的关系变得不那么个人化，更像是交易关系。一个有趣的解药是积极实践「反向营销」：公开关注一个人的项目中最不美好的部分——哪里困惑不解，哪里倍感挫败，哪里无法成功。",
    "stage": 3
  },
  {
    "key": "3",
    "original": "If you make anti-marketing the goal, then interesting challenges become a positive thing: fodder for public conversation, not something to be swept under the rug. At least most of the time, you *should* be focused on your project’s biggest challenges, rather than what’s going well. I suspect it also builds a deeper, more authentic relationship with one’s audience (see also [Work with the garage door up](https://notes.andymatuschak.org/z21cgR9K3UcQ5a7yPsj2RUim3oM2TzdBByZu)",
    "translation": "如果你把反向营销作为目标，那么有趣的挑战就会变成一件积极的事情：成为公众谈话的素材，而不是被扫地出门的东西。至少在大多数时候，你**应该**专注于你的项目的最大挑战，而不是什么进展顺利。我猜想这也会与你的观众建立一种更深、更真实的关系（参见[敞开车库门工作](https://notes.andymatuschak.org/z21cgR9K3UcQ5a7yPsj2RUim3oM2TzdBByZu)）",
    "stage": 5
  },
  {
    "key": "4",
    "original": "This term was coined (as far as I know!) by Michael Nielsen in November, 2019.",
    "translation": "这个术语是由 Michael Nielsen 在 2019 年 11 月创造的（据我所知！）。",
    "stage": 5
  },
  {
    "key": "5",
    "original": "------",
    "translation": "------",
    "stage": 5
  },
  {
    "key": "6",
    "original": "Q. What’s Michael’s term for focusing public conversation on the least rosy elements of one’s projects?",
    "translation": "问：把公开对话的重点放在个人项目中最不乐观的因素上，对此 Michael 的术语是什么？",
    "stage": 5
  },
  {
    "key": "7",
    "original": "A. Anti-marketing.",
    "translation": "答：反向营销。",
    "stage": 5
  }
]