[
  {
    "key": "0",
    "original": "# Authored environments are significantly colored by authors’ motivations",
    "translation": "# 创制环境极大程度受作者的动机塑造",
    "stage": 9
  },
  {
    "key": "1",
    "original": "[Authored environments are significantly colored by authors’ motivations (andymatuschak.org)](https://notes.andymatuschak.org/z34mYTEEEQcrywWkoNnz1Fzr8NmwaDsVRNgTK)",
    "translation": "原文：[Authored environments are significantly colored by authors’ motivations (andymatuschak.org)](https://notes.andymatuschak.org/z34mYTEEEQcrywWkoNnz1Fzr8NmwaDsVRNgTK)",
    "stage": 5
  },
  {
    "key": "2",
    "original": "Activities in an authored environment might have their own ostensible goals, but authors’ own motivations will infect and color those purposes. When authors’, participants’, and activities’ objectives are aligned, authors can create powerful environments; when they’re misaligned, the environments won’t cohere.",
    "translation": "创制环境中，活动也许本身具有一些表层目标，但作者的动机会影响这些目标，并赋予其一些特征。当作者、参与者和活动的目标一致，作者能够创造出强效的环境；当他们相互抵触时，环境就无法变得融贯起来。",
    "stage": 5
  },
  {
    "key": "3",
    "original": "In non-fiction, for instance, there might be some examples intended to motivate a topic and build readers’ excitement for its implications. If the book’s author is writing because he’s brimming over with enthusiasm for a subject and feels compelled to share it, that’ll elevate the examples’ prose. By contrast, a disinterested textbook author, writing out of obligation, will subvert the purpose of prose meant to convey enthusiasm.",
    "translation": "例如，有一些非虚拟作品的出发点，是调动读者对某个主题的积极性，使读者有激情去深入学习。如果作者由衷喜爱这一主题，以至于不吐不快，则其作品的行文水平也随之水涨船高。相比之下，若是出于义务而撰写一本教科书，对内容本身并无兴趣，那么写出的文章也无从传达热情，有辱其使命。",
    "stage": 5
  },
  {
    "key": "4",
    "original": "Haskell claims to be a production-ready, enterprise-strength programming language, just like Python. It’s not missing any obvious features for “real world” programming. But the language’s developers are primarily motivated by its theoretical properties, and that purpose shows through subtly in all the seams. Despite efforts to the contrary, Haskell is primarily an [Enabling environment](https://notes.andymatuschak.org/z3DaBP4vN1dutjUgrk3jbEeNxScccvDCxDgXe) for researchers to think more effectively about that branch of programming language theory; it’s not an especially effective enabling environment for people to build software. Smalltalk is a similar story.",
    "translation": "Haskell 据称是和 Python 一样的，可用于生产的企业级编程语言。能想到的「真正」编程时所需的功能，这门语言都有。然而 Haskell 开发者的主要动机是这门语言的理论特性，这一点可以从各种细节中窥见。尽管 Haskell 在其他方面发力良多，它主要还是在辅助研究者更有效地思考 Haskell 所践行的编程语言理论，是这一方面的[赋能环境](https://notes.andymatuschak.org/z3DaBP4vN1dutjUgrk3jbEeNxScccvDCxDgXe)；对于编写软件的人则并不如此。Smalltalk 与其类似。",
    "stage": 5
  },
  {
    "key": "5",
    "original": "*Spore* markets itself as an action/adventure game in which you can create your own lifeforms then conquer the galaxy. But as far as I can tell, its creators were primarily motivated by mechanisms of simulation and procedural generation. Those pieces of the game are fleshed out and are fascinating, but the “main” gameplay feels like an afterthought.",
    "translation": "**孢子**被包装成动作/冒险游戏，在游戏中你可以创造自己的生命体，然后征服银河系。但我感觉，孢子的创造者的主要动机是研究模拟和程序式生成的机制。游戏的这些部分很饱满，很吸引人，但「主要」的游玩环节感觉是后来添上的一笔。",
    "stage": 5
  },
  {
    "key": "6",
    "original": "Michael Nielsen points out that the Apollo program was about *getting to space* above anything else (see also [Powerful enabling environments usually arise as a byproduct of projects pursuing their own intrinsically meaningful purposes](https://notes.andymatuschak.org/z4N6d29XL2PZXCa64HPcxA64RGWDb6Cagc1gs)). It was also an authored environment: its managers designed processes and an atmosphere to bring about that aspiration. Surely there was also bureaucracy: was it made less obstructive through the goal of getting to space?",
    "translation": "Michael Nielsen 指出，阿波罗计划的目的是让**进入太空**优先于其他任何事项（参见[强大的赋能环境通常是作为追求自身内在意义的项目的副产品而产生的](https://notes.andymatuschak.org/z4N6d29XL2PZXCa64HPcxA64RGWDb6Cagc1gs)。这也是一个创制环境：它的管理者通过设计一些流程和营造一种氛围来促成这一愿景。当然还有官僚主义：通过设定进入太空的目标，官僚主义是否变得不那么具有阻碍性？",
    "stage": 5
  },
  {
    "key": "7",
    "original": "------",
    "translation": "------",
    "stage": 5
  },
  {
    "key": "8",
    "original": "## References",
    "translation": "## 参考文献",
    "stage": 5
  },
  {
    "key": "9",
    "original": "Email with Michael Nielsen, 2019/08/23. [Re: Transcending the Primer](javascript:void(0))",
    "translation": "Email with Michael Nielsen, 2019/08/23. [Re: Transcending the Primer](javascript:void(0))",
    "stage": 5
  },
  {
    "key": "10",
    "original": "Email with Michael Nielsen, 2019/09/02. [Re: ❲FYI❳ Some notes on enabling environments / anti-educationalism](javascript:void(0))",
    "translation": "Email with Michael Nielsen, 2019/09/02. [Re: ❲FYI❳ Some notes on enabling environments / anti-educationalism](javascript:void(0))",
    "stage": 5
  },
  {
    "key": "11",
    "original": "Maxis Emeryville. (2008). *Spore*.",
    "translation": "Maxis Emeryville. (2008). *Spore*.",
    "stage": 5
  }
]