[
  {
    "key": "0",
    "original": "# Backlinks can be used to implicitly define nodes in knowledge management systems",
    "translation": "# 反向链接可以用来隐式定义知识管理系统中的节点",
    "stage": 9
  },
  {
    "key": "1",
    "original": "[Backlinks can be used to implicitly define nodes in knowledge management systems (andymatuschak.org)](https://notes.andymatuschak.org/z2newCwFfd6iZFyf9bgspkbyt1G8wbQxJVgTK)",
    "translation": "原文：[Backlinks can be used to implicitly define nodes in knowledge management systems (andymatuschak.org)](https://notes.andymatuschak.org/z2newCwFfd6iZFyf9bgspkbyt1G8wbQxJVgTK)",
    "stage": 5
  },
  {
    "key": "2",
    "original": "Systems which display backlinks to a node permit a new behavior: you can define a new node extensionally (rather than intensionally) by simply linking to it from many other nodes—even before it has any content.",
    "translation": "显示节点反向链接的系统，使得一种新式行为成为可能：为定义新节点，也可以从其外延(extensionally)（而非其内涵(intensionally)）出发，在其他节点建立指向这个节点的链接——这个节点甚至可以没有任何内容。（外延，一个想法或（语言）表达的外延由它所适用于的事物构成；）",
    "stage": 5
  },
  {
    "key": "3",
    "original": "I first noticed this in [Conor White-Sullivan](https://notes.andymatuschak.org/z3hcvhBFAzMhx2yZxK6LQDpVwEszMUxXCwqqM)’s behavior with [Roam Research](https://notes.andymatuschak.org/z8PkzLcXuVG5xYF7sfUFhwF26WK2A2zCp8nAD). He wrote about our conversations in several notes throughout his system (ephemeral daily logs, feature lists, etc). As he was doing that, he wrote certain noun phrases (e.g. my name) as links. Those nodes had no content of their own, but as he did this across several days, they began to develop an implicit definition within his system, expressed through the backlinks.",
    "translation": "在 [Conor White-Sullivan](https://notes.andymatuschak.org/z3hcvhBFAzMhx2yZxK6LQDpVwEszMUxXCwqqM) 使用 [Roam Research](https://notes.andymatuschak.org/z8PkzLcXuVG5xYF7sfUFhwF26WK2A2zCp8nAD) 时的行为中，我第一次注意到这一点。他在整个系统中的几个笔记里都提及了我们的对话（临时性的每日日志、功能列表等）。他每次都把某些名词短语（例如我的名字）写成了链接。这些节点本身没有内容，但随着他在几天内都这样行事，这些节点开始在他的系统中形成了以反向链接为载体的隐式定义。",
    "stage": 5
  },
  {
    "key": "4",
    "original": "This effect requires [Contextual backlinks](https://notes.andymatuschak.org/z3RzQhmjeRxXVAAy81aUSKARwJL8dikdJG4VG): a simple list of backlinks won’t implicitly define a node very effectively. You need to be able to see the context around the backlink to understand what’s being implied.",
    "translation": "实现这种效果需要[上下文反向链接](https://notes.andymatuschak.org/z3RzQhmjeRxXVAAy81aUSKARwJL8dikdJG4VG)：单纯的反向链接列表对于隐式定义节点不够有效。能查看反向链接的上下文是有必要的，因为需要理解暗指的内容。",
    "stage": 5
  },
  {
    "key": "5",
    "original": "I find this particularly useful for terms of art and proper nouns of all sorts.",
    "translation": "我发现这种隐式定义对艺术术语和各种专有名词特别有用。",
    "stage": 5
  },
  {
    "key": "6",
    "original": "I’m also experimenting with this technique in my cooking notes; see e.g. [Cabbage](https://notes.andymatuschak.org/z75Yapt9EtJQ3YMWiYhnw3bzAKh4b68EHw5K9) (but the backlinks will not unfortunately be visible on my public notes, since they’re from my private weekly journals).",
    "translation": "我也在我的烹饪笔记中试验这种技术；例如[卷心菜](https://notes.andymatuschak.org/z75Yapt9EtJQ3YMWiYhnw3bzAKh4b68EHw5K9)这则笔记（但不幸的是，这则笔记在我的公共笔记中不会显示反向链接，因为它们来自我的私人周记）。",
    "stage": 5
  }
]