[
  {
    "key": "0",
    "original": "# “Better note-taking” misses the point; what matters is “better thinking”",
    "translation": "# 「更好地记笔记」这个描述太过流于表面；核心在于「更好地思考」",
    "stage": 9
  },
  {
    "key": "1",
    "original": "[“Better note-taking” misses the point; what matters is “better thinking” (andymatuschak.org)](https://notes.andymatuschak.org/z7kEFe6NfUSgtaDuUjST1oczKKzQQeQWk4Dbc)",
    "translation": "原文：[“Better note-taking” misses the point; what matters is “better thinking” (andymatuschak.org)](https://notes.andymatuschak.org/z7kEFe6NfUSgtaDuUjST1oczKKzQQeQWk4Dbc)",
    "stage": 5
  },
  {
    "key": "2",
    "original": "Lots of people write about solutions to the problem that [Note-writing practices are generally ineffective](https://notes.andymatuschak.org/z8V2q398qu89vdJ73N2BEYCgevMqux3yxQUAC). The vast majority of that writing fixates on a myopic, “lifehacking”-type frame, focused on answering questions like: “how should I organize my notes?”, “what kind of journal should I use?”, “how can I make it easy to capture snippets of things I read?”, etc.",
    "translation": "很多人都在写文章提出方案尝试解决[笔记写作实践通常是无效的](https://notes.andymatuschak.org/z8V2q398qu89vdJ73N2BEYCgevMqux3yxQUAC)这一问题。这些文章中的绝大部分都着眼于一个短视的、「生活黑客」式的框架上，聚焦于这些类似的问题：「我应该如何组织我的笔记？」，「我应该使用什么样的笔记本？」，「我怎样才能更容易提取我所读的片段到笔记？」等等。",
    "stage": 5
  },
  {
    "key": "3",
    "original": "Answers to these questions are unsatisfying because the questions are focused on the wrong thing. The goal is not to take notes—the goal is to think effectively. Better questions are “what practices can help me reliably develop insights over time?”, “how can I shepherd my attention effectively?” etc. This is the frame in which [Evergreen note-writing as fundamental unit of knowledge work](https://notes.andymatuschak.org/z3SjnvsB5aR2ddsycyXofbYR7fCxo7RmKW2be) makes sense: [Evergreen note-writing helps insight accumulate](https://notes.andymatuschak.org/z6cFzJWgj9vZpnrQsjrZ8yCNREzCTgyFeVZTb).",
    "translation": "对这些问题的回答无法令人满意，因为问题的重点不在这里。我们的目标不是做笔记——目标是有效地思考。更好的问题是 「什么做法可以帮助我长期可靠地发展洞察力？」，「我怎样才能有效地引导我的注意力？」等等。这就是[常青笔记作为知识工作的基本单位](https://notes.andymatuschak.org/z3SjnvsB5aR2ddsycyXofbYR7fCxo7RmKW2be)的框架，它是有意义的：[常青笔记有助于洞察力的积累](https://notes.andymatuschak.org/z6cFzJWgj9vZpnrQsjrZ8yCNREzCTgyFeVZTb)。",
    "stage": 5
  },
  {
    "key": "4",
    "original": "In terms of technology, what matters is not “computer-support note-taking” but “computer supported thinking.”",
    "translation": "就技术而言，重要的不是「计算机支持的笔记」，而是「计算机支持的思考」。",
    "stage": 5
  },
  {
    "key": "5",
    "original": "It’s easy to focus on “note-taking” because it’s a visible component of an invisible practice: if you see someone insightful writing in their notebook, you might imagine that if you get the right notebook and organize it well, you’ll be insightful too. And of course, taking notes is tangible. It’s relatively easy, and it *feels* like doing something, even if it’s useless ([Note-writing practices provide weak feedback](https://notes.andymatuschak.org/z66PNF1Wt4AZ4j7TVEenkvPZgvDcHPuSdJC2r)). So it’s an attractive nuisance.",
    "translation": "我们容易把注意力集中在「做笔记」上，因为它是一个虚无缥缈的实践中的可见部分：如果你看到一个有洞察力的人在他们的笔记本上写东西，你可能会想，如果你得到一个合适的笔记本并把它整理好，你也会变得有洞察力。当然，做笔记是有可实操的。它相对容易，而且**感觉**像在做正事，即使它是无用的（[写笔记的做法提供了弱反馈](https://notes.andymatuschak.org/z66PNF1Wt4AZ4j7TVEenkvPZgvDcHPuSdJC2r)）。所以它是一个令人上瘾的麻烦。",
    "stage": 5
  },
  {
    "key": "6",
    "original": "[People who write extensively about note-writing rarely have a serious context of use](https://notes.andymatuschak.org/zUMFE66dxeweppDvgbNAb5hukXzXQu8ErVNv)",
    "translation": "[对笔记写作大谈特谈的人很少有严肃的使用场景](https://notes.andymatuschak.org/zUMFE66dxeweppDvgbNAb5hukXzXQu8ErVNv)",
    "stage": 5
  },
  {
    "key": "7",
    "original": "------",
    "translation": "------",
    "stage": 5
  },
  {
    "key": "8",
    "original": "## References",
    "translation": "## 参考文献",
    "stage": 5
  },
  {
    "key": "9",
    "original": "Matuschak, A. (2019, December). *Taking knowledge work seriously*. Presented at the Stripe Convergence, San Francisco.",
    "translation": "Matuschak, A. (2019, December). *Taking knowledge work seriously*. Presented at the Stripe Convergence, San Francisco.",
    "stage": 5
  },
  {
    "key": "10",
    "original": "Conversation with Michael Nielsen, 2019-12-16",
    "translation": "与迈克尔-尼尔森的对话，2019-12-16",
    "stage": 5
  },
  {
    "key": "11",
    "original": "> computer supported thinking",
    "translation": "> 计算机支持的思考",
    "stage": 5
  }
]