[
  {
    "key": "0",
    "original": "# Bridge notes narrowly relate two adjacent terms",
    "translation": "# 桥注紧密地联系两个相邻的术语",
    "stage": 9
  },
  {
    "key": "1",
    "original": "[Bridge notes narrowly relate two adjacent terms (andymatuschak.org)](https://notes.andymatuschak.org/z6eWsRsp4aWrQ8YbyYqsUNLg2g5ZXGcTy9Dpo)",
    "translation": "原文：[Bridge notes narrowly relate two adjacent terms (andymatuschak.org)](https://notes.andymatuschak.org/z6eWsRsp4aWrQ8YbyYqsUNLg2g5ZXGcTy9Dpo)",
    "stage": 3
  },
  {
    "key": "2",
    "original": "Say that another person has thought deeply about a similar idea to one of your own, and their conclusions seem mostly similar. You each have your own terms of art for various attributes of the theory. It’s tempting to subsume the other’s terms into your own, but there are probably subtle differences between your conceptions and theirs which would be lost in the process. You could just use the other person’s terms, but sometimes it’s hard to go in new directions when anchored to prior terminology which may carries many connotations . And yet you don’t want to be constantly referring to both sets of terms.",
    "translation": "假设另一个人对一个与你自己的想法相似的想法进行了深入思考，他们的结论似乎大多相似。你们对该理论的各种属性都有自己的术语。你很想把对方的术语归入自己的术语，但你的概念和他们的概念之间可能存在着微妙的差异，在这个过程中它会丢失。你可以直接使用对方的术语，但有时当被固定在先前的术语上时，很难进入新的方向，因为这些术语可能带有许多内涵。然而，你也不想不断地参考两套术语。",
    "stage": 3
  },
  {
    "key": "3",
    "original": "One solution is to create a note which relates your term of art to another similar term of art. This establishes a “bridge” between the theories, describing where you overlap and where you differ. The respective terminologies can maintain their “sovereignty” with their own main notes—the bridge note exists just to relate the two. For example: [Similarities and differences between evergreen note-writing and Zettelkasten](https://notes.andymatuschak.org/z4AX7pHAu5uUfmrq4K4zig9x8jmmF62XgaMXm).",
    "translation": "有个解决方案是创建一条笔记，将你的专业术语与类似的联系起来。这在理论之间建立了「桥梁」，描述了你们术语间的异同。用不同的主干笔记维护各自的术语体系——而桥注只是为了联系两者。比如说：[常青笔记和卡片盒笔记法的异同](https://notes.andymatuschak.org/z4AX7pHAu5uUfmrq4K4zig9x8jmmF62XgaMXm)。",
    "stage": 3
  },
  {
    "key": "4",
    "original": "Such notes remind me of entries in a relational database many-to-many join table.",
    "translation": "这样的笔记让我想起了关系型数据库多对多连接表中的记录。",
    "stage": 3
  },
  {
    "key": "5",
    "original": "------",
    "translation": "------",
    "stage": 5
  },
  {
    "key": "6",
    "original": "## References",
    "translation": "## 参考文献",
    "stage": 5
  },
  {
    "key": "7",
    "original": "Conversation with Igor Dvorkin, 2020-05-11",
    "translation": "与伊戈尔-德沃尔金的对话, 2020-05-11",
    "stage": 5
  }
]