[
  {
    "key": "0",
    "original": "# Close open loops",
    "translation": "# 闭合开环",
    "stage": 9
  },
  {
    "key": "1",
    "original": "[Close open loops (andymatuschak.org)](https://notes.andymatuschak.org/z8d4eJNaKrVDGTFpqRnQUPRkexB7K6XbcffAV)",
    "translation": "原文：[Close open loops (andymatuschak.org)](https://notes.andymatuschak.org/z8d4eJNaKrVDGTFpqRnQUPRkexB7K6XbcffAV)",
    "stage": 5
  },
  {
    "key": "2",
    "original": "Tasks left undone, observations left unrecorded, replies yet to be written—these swirl about our minds, as if we’re rehearsing them over and over again to make sure they’re not forgotten. To get rid of this nagging and create a “mind like water” (to use the term in Allen, 2015), build systems to reliably close these open loops.",
    "translation": "未完成的任务、未记录的观察、未写的回复...... —— 这些待办在我们脑海中盘旋，仿佛我们在反复排练，以确保它们不被遗忘。为了摆脱这种唠叨并创造一个「水流般的思维」（使用艾伦的术语，2015 年），需要建立一些系统，以可靠地方式来关闭这些开放的循环。",
    "stage": 5
  },
  {
    "key": "3",
    "original": "For instance: for operational to-dos, this means (Allen, 2015):",
    "translation": "例如：如果一个待办事项具有可操作性，这意味着：（艾伦，2015）：",
    "stage": 5
  },
  {
    "key": "4",
    "original": "1. You should be able to record a task anywhere",
    "translation": "1. 你应该能够在任何地方记录一项任务",
    "stage": 5
  },
  {
    "key": "5",
    "original": "2. You regularly drain tasks from this list",
    "translation": "2. 你定期从这个清单中清空任务",
    "stage": 5
  },
  {
    "key": "6",
    "original": "3. You regularly delegate, refactor, or delete tasks which you can’t prioritize",
    "translation": "3. 你定期委托、重构或删除那些你无法确定优先次序的任务",
    "stage": 5
  },
  {
    "key": "7",
    "original": "Taken together, these properties ensure that when you record a task, *you can stop thinking about it.* Ubiquitous capture isn’t enough, as most to-do systems demonstrate. If you don’t regularly review your task list and decide to delete or re-strategize lingering tasks, you won’t be able to trust that you’ll follow up on tasks you record.",
    "translation": "综合看来，这些特性确保了当你记录一个任务时，**你可以停下一直想它。**光有全面的记录方法是不够的，正如大多数待办系统所证明的那样，如果你不定期检查任务列表，并对徘徊不前的任务做决策（删除或重新规划），那连自己都不相信它们会被继续跟进。",
    "stage": 5
  },
  {
    "key": "8",
    "original": "See also [A reading inbox to capture possibly-useful references](https://notes.andymatuschak.org/z3N113rxPFreW9xUkLkUFomr2LUqfXbdCo3M).",
    "translation": "另见[为有潜在价值的参考引用建立一个阅读收件箱](https://notes.andymatuschak.org/z3N113rxPFreW9xUkLkUFomr2LUqfXbdCo3M)。",
    "stage": 5
  },
  {
    "key": "9",
    "original": "------",
    "translation": "------",
    "stage": 5
  },
  {
    "key": "10",
    "original": "## References",
    "translation": "## 参考文献",
    "stage": 5
  },
  {
    "key": "11",
    "original": "Allen, D. (2015). Getting Things Done: The Art of Stress-Free Productivity.",
    "translation": "Allen, D. (2015). Getting Things Done: The Art of Stress-Free Productivity.",
    "stage": 5
  }
]