[
  {
    "key": "0",
    "original": "# COGS 101B - Lecture 19 - Long-term Memory - Encoding, retrieval, consolidation",
    "translation": "# COGS 101B - 第 19 课 - 长期记忆 - 编码、提取、巩固",
    "stage": 9
  },
  {
    "key": "1",
    "original": "[COGS 101B - Lecture 19 - Long-term Memory - Encoding, retrieval, consolidation (andymatuschak.org)](https://notes.andymatuschak.org/zpMk3nkuwxsF4ddm6FmXN8idvMro5mcGW6x)",
    "translation": "原文：[COGS 101B - Lecture 19 - Long-term Memory - Encoding, retrieval, consolidation (andymatuschak.org)](https://notes.andymatuschak.org/zpMk3nkuwxsF4ddm6FmXN8idvMro5mcGW6x)",
    "stage": 5
  },
  {
    "key": "2",
    "original": "Q. How did Bower and Winzenz (1970) demonstrate that forming visual images enhances retrieval?",
    "translation": "问：Bower 和 Winzenz (1970) 如何证明形成视觉图像后，记忆提取效果更好？",
    "stage": 5
  },
  {
    "key": "3",
    "original": "A. In the study phase of a paired-associate task, they asked some subjects to visualize the words interacting; these people had almost triple the recall rate.",
    "translation": "答：在配对联想任务的学习阶段，他们要求一些受试者想象单词之间相互作用；这些人的回忆率几乎是其他人的三倍。",
    "stage": 5
  },
  {
    "key": "4",
    "original": "Q. How did Slamecka and Graf (1978) demonstrate the generation effect?",
    "translation": "问：Slamecka 和 Graf (1978) 如何证明生成效应的存在？",
    "stage": 5
  },
  {
    "key": "5",
    "original": "A. In the study phase of a paired-associate task, some subjects were asked to complete word stems in the paired association; they had somewhat better recall than students who just read the pairs. [[slam",
    "translation": "答：在配对联想任务的学习阶段，他们要求一些受试者补全配对联想中的词干；他们的回忆能力略好于仅仅阅读了词对的学生。[[slam",
    "stage": 5
  },
  {
    "key": "6",
    "original": "Q. How did Bower et al (1969) demonstrate that presenting organized information enhances retrieval?",
    "translation": "问：Bower 等人 (1969) 如何证明学习有组织的信息，学习者提取能力会增强？",
    "stage": 5
  },
  {
    "key": "7",
    "original": "A. They gave people a list of minerals, some organized into a tree structure reflecting their real ontology, others organized into a random tree structure. The former had 70-100% better recall.",
    "translation": "答：他们给学习者一些按树形结构组织起来的矿物名称清单，一些矿物名称清单的组织形式反映了其真实的命名法则，另一些则随机安排成树的。使用前者组织的学习者，对矿物名称的回忆效果有 70-100% 的提升",
    "stage": 5
  },
  {
    "key": "8",
    "original": "{Self-reference effect}: recall is improved when {information is related to yourself}",
    "translation": "{自我参照效应}：当{信息与自己相关}时，回忆效果增强",
    "stage": 5
  },
  {
    "key": "9",
    "original": "Q. How did Rogers et al (1977) demonstrate the self-reference effect?",
    "translation": "问：Rogers 等人 (1977) 是如何证明自我参照效应的？",
    "stage": 5
  },
  {
    "key": "10",
    "original": "A. Asked people to answer questions about words, including “does it describe you?” Recall rates for the latter were 2-6x higher than for neutral tasks.",
    "translation": "答：他们请人们回答有关词语的问题，其中一个问题是「这个词能描述你吗？」问这个问题后，单词的回忆率是中性任务的 2-6 倍。",
    "stage": 5
  },
  {
    "key": "11",
    "original": "{Encoding specificity principle}: information is better recalled when {retrieval context matches encoding context}. Also known as {context-dependent memory}. (e.g. Godden and Baddeley, 1975)",
    "translation": "{编码特异性原则}：当{提取上下文与编码上下文匹配}时，信息更容易回忆起来。这个原则也称为{上下文相关记忆}。(例如 Godden 和 Baddeley，1975)",
    "stage": 5
  },
  {
    "key": "12",
    "original": "Q. How did Godden and Baddeley (1975) demonstrate context-dependent memory?",
    "translation": "问：Godden 和 Baddeley (1975) 如何说明上下文相关记忆的存在？",
    "stage": 5
  },
  {
    "key": "13",
    "original": "A. Had people study and take a test underwater or on land. Matching conditions performed 35-50% better than non-matching conditions.",
    "translation": "答：让人们在水下或陆地上学习和参加测试。学习和测试条件匹配时，人们表现比不匹配时提升 35-50%",
    "stage": 3
  },
  {
    "key": "14",
    "original": "{State dependent memory}: information associated with a specific {internal state} (e.g. Eich and Metcalfe, 1989)",
    "translation": "{状态相关记忆}：与特定{内部状态}依赖的信息（例如 Eich 和 Metcalfe，1989）",
    "stage": 5
  },
  {
    "key": "15",
    "original": "Q. How did Eich and Metcalfe (1989) demonstrate state dependent memory?",
    "translation": "问：Eich 和 Metcalfe (1989) 如何说明状态依赖记忆的存在？",
    "stage": 5
  },
  {
    "key": "16",
    "original": "A. Had people study and take a test after a manipulation intended to make them happy or sad. Matching conditions performed 50-100% better than non-matching conditions.",
    "translation": "答：对人们进行一些操作，让他们开心或者悲伤，之后让他们学习，接受测试。学习和测试心情匹配时，人们的记忆表现比不匹配时提升 50%-100%. ",
    "stage": 5
  },
  {
    "key": "17",
    "original": "[Transfer-appropriate processing](https://notes.andymatuschak.org/zgNZJ2DNTzbNNriAGHjbKTowViNr6yCuk6D)",
    "translation": "[适合迁移的加工](https://notes.andymatuschak.org/zgNZJ2DNTzbNNriAGHjbKTowViNr6yCuk6D)",
    "stage": 5
  },
  {
    "key": "18",
    "original": "## Consolidation",
    "translation": "## 巩固",
    "stage": 5
  },
  {
    "key": "19",
    "original": "{Memory consolidation}: the process of {transforming fragile new memories} into a state {more resistant to disruption}",
    "translation": "{记忆巩固}：{将脆弱的新记忆转化}为{更具抗干扰性}的状态的过程",
    "stage": 5
  },
  {
    "key": "20",
    "original": "Q. How did Muller and Pilzecker (1900) demonstrate the existence of some kind of memory consolidation process?",
    "translation": "问：Muller 和 Pilzecker (1900) 是如何证明存在记忆巩固过程的？",
    "stage": 5
  },
  {
    "key": "21",
    "original": "A. Presented two lists, either back-to-back, or with 6m spacing, then later tested on the first list. Subjects had ~2x recall when there was spacing.",
    "translation": "答：使用了两个列表测试回忆效果，其中一个列表的内容格子是紧挨着的，另一个有 6 米的间距，之后对第一个列表进行了测试。当有间距时，受试者回忆效果增加到 ~2 倍。",
    "stage": 5
  },
  {
    "key": "22",
    "original": "{Long-term potentiation}: repeated activity causes {strengthened synapses} (Bliss and Lomo, 1973)",
    "translation": "{长时程增强}：重复活动导致{突触强化} (Bliss 和 Lomo，1973)",
    "stage": 5
  },
  {
    "key": "23",
    "original": "{systems consolidation} (in learning): long-term {reorganization of neural circuits} in response to activity",
    "translation": "{系统巩固}(学习上)：应对特定活动而发生长期的{神经回路重组}",
    "stage": 5
  },
  {
    "key": "24",
    "original": "Q. Synaptic consolidation happens on a [shorter/longer](https://notes.andymatuschak.org/zpMk3nkuwxsF4ddm6FmXN8idvMro5mcGW6x) time scale than systems consolidation",
    "translation": "问：与系统巩固相比，突触整合的时间尺度[更短/更长](https://notes.andymatuschak.org/zpMk3nkuwxsF4ddm6FmXN8idvMro5mcGW6x)",
    "stage": 5
  },
  {
    "key": "25",
    "original": "A. shorter",
    "translation": "答：更短",
    "stage": 5
  },
  {
    "key": "26",
    "original": "Q. Two main kinds of memory consolidation?",
    "translation": "问：有哪两种主要的记忆巩固方式？",
    "stage": 5
  },
  {
    "key": "27",
    "original": "A. Synaptic consolidation and systems consolidation",
    "translation": "答：突触巩固和系统巩固",
    "stage": 5
  },
  {
    "key": "28",
    "original": "In the {standard} model of memory consolidation, the {hippocampus} performs {reactivation}: it {replays activity associated with the memory} to {stimulate connections in the cortex}.",
    "translation": "在记忆巩固的{标准}模型中，{海马体}会进行{重新激活}：{重演与一条记忆相关的活动}来{刺激皮层中的连接}。",
    "stage": 5
  },
  {
    "key": "29",
    "original": "Q. What distinguishes the role of the hippocampus in the standard model of memory consolidation vs. the multiple trace model?",
    "translation": "问：在记忆巩固的标准模型和多迹模型中，海马体的作用有什么不同？",
    "stage": 5
  },
  {
    "key": "30",
    "original": "A. In the standard model, the hippocampus is involved initially to stimulate connections, but then it stops being involved. In the multiple trace model, it’s involved in episodic memories even when they’re old.",
    "translation": "答：在标准模型中，海马体一开始会参与来刺激链接的形成，但后来就不参与了。在多迹模型中，即使记忆是陈旧的，海马体也会参与情节记忆。",
    "stage": 5
  },
  {
    "key": "31",
    "original": "Q. In the multiple trace model of consolidation, the hippocampus remains involved in retrieval of memories over time when the memories are of what type?",
    "translation": "问：在记忆巩固的多迹模型中，当记忆是什么类型时，随着时间的推移，海马体仍然参与记忆的提取？",
    "stage": 5
  },
  {
    "key": "32",
    "original": "A. Episodic",
    "translation": "答：情节型",
    "stage": 5
  },
  {
    "key": "33",
    "original": "::to continue: [COGS 101B - Learning, Memory and Attention - LE A00 - Course Podcasts - UC San Diego](https://podcast.ucsd.edu/watch/wi18/cogs101b_a00/19)::",
    "translation": "::to continue: [COGS 101B - 学习、记忆和注意 - LE A00 - 课程播客 - UC SAN Diego](https://podcast.ucsd.edu/watch/wi18/cogs101b_a00/19)：：",
    "stage": 5
  },
  {
    "key": "34",
    "original": "## References",
    "translation": "##参考资料",
    "stage": 5
  },
  {
    "key": "35",
    "original": "Bower, G., Clark, M., Lesgold, A., & Winzenz, D. (1969). Hierarchical Retrieval Schemes in Recall of Categorized Word Lists. Journal of Verbal Learning and Verbal Behavior, 8, 323–343. https://doi.org/10.1016/S0022-5371(69)80124-6",
    "translation": "Bower, G., Clark, M., Lesgold, A., & Winzenz, D. (1969). Hierarchical Retrieval Schemes in Recall of Categorized Word Lists. Journal of Verbal Learning and Verbal Behavior, 8, 323–343. https://doi.org/10.1016/S0022-5371(69)80124-6",
    "stage": 5
  },
  {
    "key": "36",
    "original": "Bower, G. H., & Winzenz, D. (1970). Comparison of associative learning strategies. Psychonomic Science, 20(2), 119–120. https://doi.org/10.3758/BF03335632",
    "translation": "Bower, G. H., & Winzenz, D. (1970). Comparison of associative learning strategies. Psychonomic Science, 20(2), 119–120. https://doi.org/10.3758/BF03335632",
    "stage": 5
  },
  {
    "key": "37",
    "original": "Eich, E., & Metcalfe, J. (1989). Mood dependent memory for internal versus external events. *Journal of Experimental Psychology: Learning, Memory, and Cognition*, *15*(3), 443.",
    "translation": "Eich, E., & Metcalfe, J. (1989). Mood dependent memory for internal versus external events. *Journal of Experimental Psychology: Learning, Memory, and Cognition*, *15*(3), 443.",
    "stage": 5
  },
  {
    "key": "38",
    "original": "Godden, D. R., & Baddeley, A. D. (1975). Context-dependent memory in two natural environments: On land and underwater. British Journal of Psychology, 66(3), 325–331.",
    "translation": "Godden, D. R., & Baddeley, A. D. (1975). Context-dependent memory in two natural environments: On land and underwater. British Journal of Psychology, 66(3), 325–331.",
    "stage": 5
  },
  {
    "key": "39",
    "original": "Morris, C. D., Bransford, J. D., & Franks, J. J. (1977). Levels of processing versus transfer appropriate processing. Journal of Verbal Learning and Verbal Behavior, 16(5), 519–533. https://doi.org/10.1016/S0022-5371(77)80016-9",
    "translation": "Morris, C. D., Bransford, J. D., & Franks, J. J. (1977). Levels of processing versus transfer appropriate processing. Journal of Verbal Learning and Verbal Behavior, 16(5), 519–533. https://doi.org/10.1016/S0022-5371(77)80016-9",
    "stage": 5
  },
  {
    "key": "40",
    "original": "Rogers, T. B., Kuiper, N. A., & Kirker, W. S. (1977). Self-reference and the encoding of personal information. Journal of Personality and Social Psychology, 35(9), 677.",
    "translation": "Rogers, T. B., Kuiper, N. A., & Kirker, W. S. (1977). Self-reference and the encoding of personal information. Journal of Personality and Social Psychology, 35(9), 677.",
    "stage": 5
  },
  {
    "key": "41",
    "original": "Slamecka, N. J., & Graf, P. (1978). The generation effect: Delineation of a phenomenon. Journal of Experimental Psychology: Human Learning & Memory, 4(6), 592–604. https://doi.org/10.1037/0278-7393.4.6.592",
    "translation": "Slamecka, N. J., & Graf, P. (1978). The generation effect: Delineation of a phenomenon. Journal of Experimental Psychology: Human Learning & Memory, 4(6), 592–604. https://doi.org/10.1037/0278-7393.4.6.592",
    "stage": 5
  }
]