[
  {
    "key": "0",
    "original": "# Contextual backlinks",
    "translation": "# 上下文反向链接",
    "stage": 9
  },
  {
    "key": "1",
    "original": "[Contextual backlinks (andymatuschak.org)](https://notes.andymatuschak.org/z3RzQhmjeRxXVAAy81aUSKARwJL8dikdJG4VG)",
    "translation": "原文：[Contextual backlinks (andymatuschak.org)](https://notes.andymatuschak.org/z3RzQhmjeRxXVAAy81aUSKARwJL8dikdJG4VG)",
    "stage": 5
  },
  {
    "key": "2",
    "original": "A contextual backlink displays not only a reference from another location, but the specific context around that reference—for instance, the page of a book or the referencing paragraph.",
    "translation": "上下文的反向链接不仅显示来自另一处的参考资料，而且显示围绕该参考资料的具体上下文——例如，一本书的页面或参考段落。",
    "stage": 5
  },
  {
    "key": "3",
    "original": "Related: [Prefer fine-grained associations](https://notes.andymatuschak.org/z68tVM68dEAuH4acs7HY6K76tTVzBdoBGKMZB)",
    "translation": "相关笔记：[优先使用细粒度的关联](https://notes.andymatuschak.org/z68tVM68dEAuH4acs7HY6K76tTVzBdoBGKMZB)",
    "stage": 5
  }
]