[
  {
    "key": "0",
    "original": "# Creating hyperlinks to my reference archive",
    "translation": "# 创建超链接到我的参考档案",
    "stage": 9
  },
  {
    "key": "1",
    "original": "[Creating hyperlinks to my reference archive (andymatuschak.org)](https://notes.andymatuschak.org/z7xyZLXF3my9t5sPb7Kzdsg4pauz5mtbZqHWa)",
    "translation": "原文：[Creating hyperlinks to my reference archive (andymatuschak.org)](https://notes.andymatuschak.org/z7xyZLXF3my9t5sPb7Kzdsg4pauz5mtbZqHWa)",
    "stage": 5
  },
  {
    "key": "2",
    "original": "It should be easy to make durable, human-readable links to resources in my reference archive.",
    "translation": "在我的参考档案中，应该很容易建立持久的、可供人类阅读的资源链接。",
    "stage": 5
  },
  {
    "key": "3",
    "original": "For instance, when referring to a paper, it’d be nice to link to the PDF—possibly to link to a particular page. I could use a `file://` URL for this, but this poses several problems:",
    "translation": "例如，当提到一篇论文时，最好能链接到 PDF——可能是链接到一个特定的页面。我可以使用一个 `file://` 的 URL，但这带来了几个问题：",
    "stage": 5
  },
  {
    "key": "4",
    "original": "- the file may move around on my system",
    "translation": "- 文件储存位置可能会变化",
    "stage": 5
  },
  {
    "key": "5",
    "original": "- I can’t link to a specific page",
    "translation": "- 我无法链接到一个特定的页码",
    "stage": 5
  },
  {
    "key": "6",
    "original": "- the URL would probably be illegible",
    "translation": "- URL 可能不具有可读性",
    "stage": 5
  },
  {
    "key": "7",
    "original": "- this definitely won’t work on iOS",
    "translation": "- 这在 iOS 上肯定无法运行",
    "stage": 5
  },
  {
    "key": "8",
    "original": "It’d be much nicer to link to a custom scheme (e.g. `ammref://`) which can",
    "translation": "如果能链接到一个自定义的协议（如 `ammref://`），那就更好了，它可以",
    "stage": 5
  },
  {
    "key": "9",
    "original": "- redirect references to concrete files",
    "translation": "- 重定向引用到具体文件",
    "stage": 5
  },
  {
    "key": "10",
    "original": "  - possibly fulfilling them if needed",
    "translation": "  - 如果需要的话，可以直接运行具体文件",
    "stage": 5
  },
  {
    "key": "11",
    "original": "- avoid tying me to any file system structure or reader apps",
    "translation": "- 避免将我捆绑在任何文件系统结构或阅读器应用程序上",
    "stage": 5
  },
  {
    "key": "12",
    "original": "- support legible URLs; e.g.",
    "translation": "- 支持可读的 URLs；例如",
    "stage": 5
  },
  {
    "key": "13",
    "original": "  - `ammref://Hattie/1994/VisibleLearning#p57`",
    "translation": "  - `ammref://Hattie/1994/VisibleLearning#p57`",
    "stage": 5
  },
  {
    "key": "14",
    "original": "This is pretty doable. It would mean:",
    "translation": "这是很可行的。这将意味着：",
    "stage": 5
  },
  {
    "key": "15",
    "original": "- making a simple script which searches for compatible references",
    "translation": "- 制作一个简单的脚本，搜索有关联的参考资料",
    "stage": 5
  },
  {
    "key": "16",
    "original": "- making a script which gets a URL for a reference",
    "translation": "- 制作一个给出一个参考的 URL 的脚本",
    "stage": 5
  },
  {
    "key": "17",
    "original": "- making Alfred workflows to run the latter",
    "translation": "- 使得 Alfred 的工作流能够运行后者",
    "stage": 5
  },
  {
    "key": "18",
    "original": "------",
    "translation": "------",
    "stage": 5
  },
  {
    "key": "19",
    "original": "## References",
    "translation": "## 参考文献",
    "stage": 5
  },
  {
    "key": "20",
    "original": "[Custom Skim URLs](http://www.dansheffler.com/blog/2014-07-02-custom-skim-urls/)",
    "translation": "[Custom Skim URLs](http://www.dansheffler.com/blog/2014-07-02-custom-skim-urls/)",
    "stage": 5
  },
  {
    "key": "21",
    "original": "> I wanted to be able to link to any page of a PDF in my Markdown notes, and I knew that I could do it by appending #35, for example, to the end of a file:// URL in my browser. But I use [Skim](http://skim-app.sourceforge.net/) , and reading PDFs in a browser is no good. Further, the URLs end up being super long with ugly things like %20 for spaces and this seemed unnecessary because all my PDFs are carefully organized with [BibDesk](http://bibdesk.sourceforge.net/) . So I set up a little AppleScript that would parse a custom URL starting with sk:// for a BibDesk citekey and a page index, then figure out which PDF I want from BibDesk and open that PDF in Skim to the right page index.",
    "translation": "> 我希望能够在我的 Markdown 笔记中链接到 PDF 的任何一页，我知道我可以通过在浏览器中的 file://URL 的末尾添加 #35 来做到这一点，例如。但是我使用 [Skim](http://skim-app.sourceforge.net/)，在浏览器中阅读 PDF 是不可取的。此外，URL 最终会变得超长，而且有一些丑陋的转义符，如 %20 代表空格，这似乎没有必要，因为我所有的 PDF 都是用 [BibDesk](http://bibdesk.sourceforge.net/) 精心组织的。所以我设置了一个小的 AppleScript，它将解析一个以 sk:// 开始的自定义 URL，以获取 BibDesk 的引用键和页面索引，然后找出我想从 BibDesk 获取的 PDF，并在 Skim 中打开该 PDF，以获取正确的页面索引。",
    "stage": 5
  },
  {
    "key": "22",
    "original": "URNs may be relevant in the design: [Uniform Resource Name - Wikipedia](https://en.wikipedia.org/wiki/Uniform_Resource_Name)",
    "translation": "URN 在设计这个系统时可能也会有用：[Uniform Resource Name - Wikipedia](https://en.wikipedia.org/wiki/Uniform_Resource_Name)",
    "stage": 5
  }
]