[
  {
    "key": "0",
    "original": "# Culturally default behaviors fill spare time with others’ ideas",
    "translation": "# 用别人的想法填满闲暇时间是一种文化习惯",
    "stage": 9
  },
  {
    "key": "1",
    "original": "[Culturally default behaviors fill spare time with others’ ideas (andymatuschak.org)](https://notes.andymatuschak.org/zDoZS3Wt316napbdaBGU8C8WLVuyPeAu5Bi)",
    "translation": "原文：[Culturally default behaviors fill spare time with others’ ideas (andymatuschak.org)](https://notes.andymatuschak.org/zDoZS3Wt316napbdaBGU8C8WLVuyPeAu5Bi)",
    "stage": 3
  },
  {
    "key": "2",
    "original": "Nature abhors a vacuum; contemporary culture abhors a silence. If I find myself with a spare moment, the culturally “default” thing to do seems to be to fill it—with reading or listening (books, articles, podcasts), with a friendly conversation, with an execution-oriented task. These activities may be restful and enjoyable, of course, but they often combine so that days or weeks may easily pass without a contiguous hour spent in deep thought about one’s own ideas. There’s always plenty more in the (reading, email, browser tab, to-do list) inbox.",
    "translation": "自然界讨厌真空，而当代文化则讨厌寂静。当我有闲暇时间时，文化上的「默认」做法似乎是填满它——通过阅读或聆听（书籍、文章、播客）、与人友好交谈或执行任务。这些活动当然可能令人放松和愉悦，但它们往往会累积起来，以至于我们可能会轻易地度过数天甚至数周的时间，而没有花一个连续的小时去深入思考自己的想法。收件箱里总是有更多的东西（阅读、电子邮件、浏览器标签页、待办事项清单）。",
    "stage": 3
  },
  {
    "key": "3",
    "original": "Some meeting software has meters which display how much each participant is speaking—how much “airtime” each consumes. You can imagine extending that same concept to thoughts and mental speech. Insight requires inputs, of course, so you wouldn’t want to cloister yourself away indefinitely. But how can you step far from well-trodden creative paths if others’ voices consistently consume much more mental “airtime” than your own? [It’s hard to hear yourself think](https://notes.andymatuschak.org/z3ruCqbkUjU7U8MD5gaMjzmJV4GuENJ3ie1LP).",
    "translation": "有些会议软件有显示每个参与者发言时间的计量器，显示每个人消耗了多少「发言时间」。你可以想象将这个概念扩展到思考和心理言语。洞察力当然需要输入，所以你不想永远把自己关在封闭的空间里。但是，如果他人的声音持续占据比自己更多的心理「发言时间」，你怎么能远离那些千篇一律的创意道路呢？[倾听自己的想法很难](https://notes.andymatuschak.org/z3ruCqbkUjU7U8MD5gaMjzmJV4GuENJ3ie1LP)。",
    "stage": 3
  },
  {
    "key": "4",
    "original": "It’s odd that this seems to be the default situation, even in nominally creative knowledge work roles. See also: [Displacement activity](https://notes.andymatuschak.org/zgwn7ZQP99T8LDSjUiyBhGhU29VEUSabYws), [People prefer doing to thinking](https://notes.andymatuschak.org/zMHvnEVNVQyuU8Uhf4Wij7HnsCD3GgKpAds).",
    "translation": "即使在名义上是创意型知识工作岗位，这种情况似乎也成为了默认现象。另请参阅：[排遣行为](https://notes.andymatuschak.org/zgwn7ZQP99T8LDSjUiyBhGhU29VEUSabYws)，[人们更喜欢行动而不是思考](https://notes.andymatuschak.org/zMHvnEVNVQyuU8Uhf4Wij7HnsCD3GgKpAds)。",
    "stage": 3
  },
  {
    "key": "5",
    "original": "One useful antidote: [Get bored](https://notes.andymatuschak.org/zrQz6Eqcnrf3QqEf4A92J5bMSwED9KtMZje).",
    "translation": "一个有用的解药：[变得无聊](https://notes.andymatuschak.org/zrQz6Eqcnrf3QqEf4A92J5bMSwED9KtMZje)。",
    "stage": 3
  },
  {
    "key": "6",
    "original": "------",
    "translation": "------",
    "stage": 3
  },
  {
    "key": "7",
    "original": "I wrote a short blog post about this in 2010, though I didn’t understand it very well then: [Square Signals : An Anesthetic Default](https://blog.andymatuschak.org/post/1042904867/an-anesthetic-default)",
    "translation": "2010 年，我就这一主题写了一篇的短篇博客，尽管当时我对此理解还不太深刻：[Square Signals : An Anesthetic Default](https://blog.andymatuschak.org/post/1042904867/an-anesthetic-default)",
    "stage": 3
  },
  {
    "key": "8",
    "original": "[Deresiewicz, W. (2010, March 1). Solitude and Leadership. The American Scholar.](https://notes.andymatuschak.org/z2Y4z7zQds4otEhLPcoaDY25eVR7PZBoQA5Q):",
    "translation": "[Deresiewicz, W. (2010, March 1). Solitude and Leadership. The American Scholar.](https://notes.andymatuschak.org/z2Y4z7zQds4otEhLPcoaDY25eVR7PZBoQA5Q):",
    "stage": 3
  },
  {
    "key": "9",
    "original": "> Here’s the other problem with Facebook and Twitter and even The New York Times. When you expose yourself to those things, especially in the constant way that people do now—older people as well as younger people—you are continuously bombarding yourself with a stream of other people’s thoughts. You are marinating yourself in the conventional wisdom. In other people’s reality: for others, not for yourself. You are creating a cacophony in which it is impossible to hear your own voice, whether it’s yourself you’re thinking about or anything else. That’s what Emerson meant when he said that “he who should inspire and lead his race must be defended from travelling with the souls of other men, from living, breathing, reading, and writing in the daily, time-worn yoke of their opinions.”",
    "translation": "> 这里是关于 Facebook、Twitter 甚至《纽约时报》的另一个问题。当你让自己接触这些东西，尤其是像现在这样不断地接触——不论老人还是年轻人——你会不断地让自己受到其他人思想的轰炸。你让自己沉浸在传统智慧中。在别人的现实里，而不是为自己。你在制造一种喧嚣，让自己无法听到自己的声音，无论你在思考自己还是其他事物。这就是爱默生所说的「一个想要激发并引领他人的人，必须避免与他人的灵魂同行，在他们平庸且陈腐的观点的桎梏下生活、呼吸、阅读和写作。」",
    "stage": 3
  }
]