[
  {
    "key": "0",
    "original": "# Deep research requires a slower pace than tech industry work",
    "translation": "# 深度研究需要比技术行业具备更慢的节奏",
    "stage": 9
  },
  {
    "key": "1",
    "original": "[Deep research requires a slower pace than tech industry work (andymatuschak.org)](https://notes.andymatuschak.org/zhY2FQgMFwzqH7FKB8bnMvNGng9jmKtYshbu)",
    "translation": "原文：[Deep research requires a slower pace than tech industry work (andymatuschak.org)](https://notes.andymatuschak.org/zhY2FQgMFwzqH7FKB8bnMvNGng9jmKtYshbu)",
    "stage": 3
  },
  {
    "key": "2",
    "original": "Anyone working in an industry for a while will become accustomed to that culture—its processes, its norms, its values, its tacit knowledge. Much of this is incredibly valuable, of course, but these ideas can also represent constraints. There are some important impedances here between tech industry culture and research culture. In particular, tech culture is calibrated to a much faster pace. This can lead to impatience or early abandonment when confronting problems which require a researcher’s pace.",
    "translation": "任何在工业界从业过一段时间的人都会习惯它的文化——流程、规范、价值观和默会知识。当然，其中很多都是非常有价值的，但这些理念也代表着约束。技术文化和研究文化之间会存在一些重要的障碍。特别是，技术文化的校准节奏要快得多。如果研究人员在面对问题时无法掌控自己的节奏，可能会因为缺乏耐心而过早地放弃。",
    "stage": 5
  },
  {
    "key": "3",
    "original": "A “huge project” for a Silicon Valley tech person may be a year or two long; a “huge project” for a researcher may last a decade. Persistence with a difficult problem may require tens of hours for a tech person and hundreds of hours for a researcher. It’s not that the tech people are constitutionally lazy or something like that: in that industry, it’s usually a bad idea to spend many hundreds of hours thinking about a single problem. But foundational insights often do require more patient, focused thought than tech culture would support, so people from tech culture may struggle to sit with a fundamental problem for the time required to make progress.",
    "translation": "硅谷的技术人员面对的「大项目」，可能要投入一到两年的时间；而研究人员面对的「大项目」，可能会持续十年。对于公司从业者来说，跟困难问题死磕的时间落往往在十几小时的范围；而研究人员需要能坚持数百个小时。这并不是因为技术人员普遍懒惰：事实上在工业界里花几百个小时来思考一个问题通常不是个好主意。但是，比起工业界的习惯，在基础问题上取得进展往往需要具备更多的耐心，投入更多的思考时间。所以技术人员可能很难沉住气研究基础问题，直到能够取得进展。",
    "stage": 5
  },
  {
    "key": "4",
    "original": "Personally, coming from the tech industry, I’ve noticed that my expectations around the pace of progress are seriously miscalibrated for many research problems. I’ll feel like I’ve been banging my head against a question forever, but it’s only been a few tens of hours—that’s nothing in this space! If I continue expecting results at the rate I’ve been expecting them, I suspect that I’ll both miss the results I’m looking for and also drive myself nuts. An important aspiration for me is to get much more comfortable slowing down.",
    "translation": "就我个人而言，来自技术行业的我注意到，对于许多研究问题，我常常会严重错估其进展速度。当我觉得我已经对一个问题苦思冥想了很久的时候，其实才花费了几十个小时而已。这算不了什么！这种心态不仅会使我错过我探求的结果，还会顺带把我逼疯。对我来说，一个重要的愿望就是让自己在慢节奏时感到更自在。",
    "stage": 5
  },
  {
    "key": "5",
    "original": "One related special case: [Inappropriate time pressures often harm creative work](https://notes.andymatuschak.org/zv3oHi3CgUz3yjrKceuSznBQXYQeEWVW7KW)",
    "translation": "一项相关的特殊案例：[不合适的时间压力往往会毁掉创造性工作](https://notes.andymatuschak.org/zv3oHi3CgUz3yjrKceuSznBQXYQeEWVW7KW)",
    "stage": 5
  }
]