[
  {
    "key": "0",
    "original": "# Digital note-writing systems fixate on the presentation and manipulation of individual notes, mostly ignoring inter-note sense-making",
    "translation": "# 数字笔记系统专注于笔记个体的展示和操作，常忽略笔记之间内在连接所产生的意义",
    "stage": 9
  },
  {
    "key": "1",
    "original": "[Digital note-writing systems fixate on the presentation and manipulation of individual notes, mostly ignoring inter-note sense-making (andymatuschak.org)](https://notes.andymatuschak.org/z6Pb6rwTDSg7K7LqF2EbtqbnKvpMbiXYkToDi)",
    "translation": "原文：[Digital note-writing systems fixate on the presentation and manipulation of individual notes, mostly ignoring inter-note sense-making (andymatuschak.org)](https://notes.andymatuschak.org/z6Pb6rwTDSg7K7LqF2EbtqbnKvpMbiXYkToDi)",
    "stage": 5
  },
  {
    "key": "2",
    "original": "If I’m writing [Evergreen notes](https://notes.andymatuschak.org/z4SDCZQeRo4xFEQ8H4qrSqd68ucpgE6LU155C) onto physical index cards, I’ll naturally arrange them on my desk as I write them. Several notes that are related will likely end up in a small cluster or pile. Notes which follow from others will probably sit physically to the right of “more fundamental” notes. As I’m writing a new note, I’ll see all the other notes I’ve been writing, physically arranged adjacent to it. This is a kind of [Peripheral vision](https://notes.andymatuschak.org/z7UeGpBpsZFWDmUq6VQgcB4TDfCUgxgXNuMvM).",
    "translation": "如果我用实体卡写[常青笔记](https://notes.andymatuschak.org/z4SDCZQeRo4xFEQ8H4qrSqd68ucpgE6LU155C)，那我会很自然把它们排开在桌上。相关的笔记可以放到同一个小的群组或卡堆里。笔记之间有顺序关系的话，「后继」可以排放「前驱」的右侧。当我在写一个新的笔记时，所有写过的其他笔记也会在视野中一览无余，物理上和新的相邻。这是一种[周边视觉](https://notes.andymatuschak.org/z7UeGpBpsZFWDmUq6VQgcB4TDfCUgxgXNuMvM)。",
    "stage": 5
  },
  {
    "key": "3",
    "original": "In a digital [Note-writing system](https://notes.andymatuschak.org/z8XrKGDz49o6XxEx7tzGewzrXQnw6jSgv3Yyf), by contrast, the environment’s focused on the experience of writing one note. The core operations and representations fixate on “the note you have open,” not on larger structures. In digital note-taking systems, I usually can’t simultaneously see the other note I’ve just finished writing—let alone the last four. Most systems barely support multiple windows, but even if I can open multiple windows, it’s awkward to arrange them into the spatial relationships I might naturally use for physical cards. Rather than peripheral vision, it’s like I’m wearing horse blinders and mittens.",
    "translation": "而数字化的[笔记系统](https://notes.andymatuschak.org/z8XrKGDz49o6XxEx7tzGewzrXQnw6jSgv3Yyf)想打造的写作环境，更针对单笔记的创作体验。核心操作和显示围绕「你打开的笔记」，而不是更高层的笔记结构。在这个系统中，我通常不能同时浏览刚写完的一个笔记，更不用说排看最近四个了。数字笔记系统大多不怎么支持多窗口，即使有名义上的支持，要把它们排出实体卡片上，那种自然的空间关系也很尴尬。与其说这是「周边视觉」，不如说是隔靴搔痒。",
    "stage": 5
  },
  {
    "key": "4",
    "original": "Backlinks are a weak peripheral vision, and they help, but they’re generally a way of changing the one note you have open, not an effective means of sense-making across many notes. [Contextual backlinks](https://notes.andymatuschak.org/z3RzQhmjeRxXVAAy81aUSKARwJL8dikdJG4VG) help: in such a listing, you can at least see snippets of many notes at once. But if you navigate among those backlinks as you make sense of the structure, you lose object permanence. Related: [It’s hard to navigate to unlinked “neighbors” in associative note systems](https://notes.andymatuschak.org/zT6iA52811NuLvbU9W8ixeDc3KUqyCT1wN8)",
    "translation": "反链是一种弱「外围视觉」—— 有用，但一般只让当前页面跳转，而不是一种能在页与页之间，有效进行意义发掘的手段。[带上下文的反链](https://notes.andymatuschak.org/z3RzQhmjeRxXVAAy81aUSKARwJL8dikdJG4VG)会有用：你至少可以在这样的列表中同时看到许多笔记段。但是，即使你理解他们之间的结构，在这些反链中游览时，你会失去对象的「客体永久性\\*」。相关内容：[在关联型笔记系统中，很难导航到未经链接的「邻居」](https://notes.andymatuschak.org/zT6iA52811NuLvbU9W8ixeDc3KUqyCT1wN8)（\\*译注：原文 object permanence，我们明白就算在某些情况下客体无法被看见、触摸或者感知到，它们也依然是存在的。）",
    "stage": 5
  },
  {
    "key": "5",
    "original": "If I read a note some time later, I have the unnerving sense that it’s part of some “whole” that I can’t see at all. Here, the practices described in [Evergreen notes should be atomic](https://notes.andymatuschak.org/z4Rrmh17vMBbauEGnFPTZSK3UmdsGExLRfZz1) work against me. If I was working with physical notes, I’d pull a bunch of notes onto my desk and arrange them. Shuffling the notes around would help me make sense of the structure. There isn’t really a digital equivalent.",
    "translation": "如果我在一段时间后读到一个笔记，我有一种不安的感觉，即它是我看不到的某个「整体」的一部分。[常青笔记应该是原子性的](https://notes.andymatuschak.org/z4Rrmh17vMBbauEGnFPTZSK3UmdsGExLRfZz1)中的做法不利于这种情况。如果我是用实体笔记工作，我会把一堆笔记拉到我的桌子上，然后把它们排列起来。把这些笔记摆来摆去，可以帮助我理清结构。这种方式没有真正等价的数字版。",
    "stage": 5
  },
  {
    "key": "6",
    "original": "------",
    "translation": "------",
    "stage": 5
  },
  {
    "key": "7",
    "original": "This reminds me of the “spatial” Finder in earlier versions of Mac OS, in which each folder would be opened into a new window *and those windows’ positions and sizes would be persisted across sessions.* A given folder would always be in a particular spot once opened, so you could establish ad-hoc arrangements of folders which would persist over time.",
    "translation": "这让我想起了 Mac OS 早期版本中的「空间」版 Finder，它里面的每个文件夹，**都会被打开到一个新窗口中，而且这些窗口的位置和大小会在不同会话中保持不变**。如果文件夹点开在某个地方，那它会总会被放那儿。所以你可以建立一个点对点的排列永远不变。",
    "stage": 5
  }
]