[
  {
    "key": "0",
    "original": "# Digital annotation is too formal",
    "translation": "# 电子批注过于形式化",
    "stage": 9
  },
  {
    "key": "1",
    "original": "[Digital annotation is too formal (andymatuschak.org)](https://notes.andymatuschak.org/z6eF7M2XP2YqefAFS4rTXKqSLZCGXkj9NBWe7)",
    "translation": "原文：[Digital annotation is too formal (andymatuschak.org)](https://notes.andymatuschak.org/z6eF7M2XP2YqefAFS4rTXKqSLZCGXkj9NBWe7)",
    "stage": 5
  },
  {
    "key": "2",
    "original": "Computerized annotations are too literal in their data structure: they represent annotation using precise textual ranges. But when I mark up a book, I’m often gesturing at a general area, not an exact range. Often there *is* no exact range that corresponds to what I’m referencing. To specify an exact range would be misleading (and distracting in presentation).",
    "translation": "电子批注的数据结构太过精确：批注用精准的文本区间来表示。但我在书上写写画画的时候，我往往**是**泛泛指向一片区域，而不是精确的范围。我心里往往甚至完全没有想一个确定范围。偏要确定范围反而容易误导别人（视觉上也会分散注意力）。",
    "stage": 3
  },
  {
    "key": "3",
    "original": "All this is very natural in the physical world, with stickies and scratch marks and dog-eared pages. But digitally, we have the [Tyranny of formality in interfaces](https://notes.andymatuschak.org/z6eNMWnqYmtu6iRLND1yDUSnzW5hjnZq8ywAz).",
    "translation": "所有这些行为在实体世界中都是非常自然的，可以在书页上贴纸、划痕、或者卷起边角。但是在数字世界里，我们被迫承受[界面的形式主义暴政](https://notes.andymatuschak.org/z6eNMWnqYmtu6iRLND1yDUSnzW5hjnZq8ywAz)。",
    "stage": 5
  },
  {
    "key": "4",
    "original": "This kind of strict structure also makes inter-textual commentary much more difficult. When bringing two texts in conversation with one another, it’s relatively rare that you want to make a point by referring to two precise textual ranges. You need to talk about broader strokes of argument, supported by “passages”. You might provide a pull-quote to *illustrate* a passage’s argument, but you’re really referring to the passage, not to the precise quote.",
    "translation": "这样僵硬的结构也不利于不同文本的评述。对话中将两则文本相互对比时，援引两处精确的文本选区来表达观点的情况非常少见。往往需要在广泛的层面上讨论论点，以「整篇文章」作为支撑。你会用一句引言来**描述**文章的观点，但你其实在指代文章，而不是这则引言。",
    "stage": 5
  }
]