[
  {
    "key": "0",
    "original": "# E-reading popularity sharply trails all book-reading",
    "translation": "",
    "stage": 0
  },
  {
    "key": "1",
    "original": "[E-reading popularity sharply trails all book-reading (andymatuschak.org)](https://notes.andymatuschak.org/zzdVtwtw3NScf2xcUZk2agkRhaMKkt47VuL)",
    "translation": "",
    "stage": 0
  },
  {
    "key": "2",
    "original": "In [a 2018 Pew survey](https://www.pewresearch.org/fact-tank/2019/09/25/one-in-five-americans-now-listen-to-audiobooks/), the plurality of respondents read print books only. About 3/4 of respondents read any book in the past year; only 1/4 read an e-book in the past year. The trend is flat-to-downwards. But audiobooks are on the rise.",
    "translation": "",
    "stage": 0
  },
  {
    "key": "3",
    "original": "Possible cause: [Reading texts on computers is unpleasant](https://notes.andymatuschak.org/z7yjjydTNu3bujTeFc7Hey1iFbz513SnN6oss).",
    "translation": "",
    "stage": 0
  },
  {
    "key": "4",
    "original": "------",
    "translation": "",
    "stage": 0
  },
  {
    "key": "5",
    "original": "## References",
    "translation": "",
    "stage": 0
  },
  {
    "key": "6",
    "original": "Pew Research Center. (2019). 2019 survey on book reading formats. Retrieved from [https://www.pewresearch.org/wp-content/uploads/2019/09/FT_19.09.25_BookReadingFormats_Methodology_To](https://www.pewresearch.org/wp-content/uploads/2019/09/FT_19.09.25_BookReadingFormats_Methodology_Topline.pdf)",
    "translation": "",
    "stage": 0
  }
]