[
  {
    "key": "0",
    "original": "# Educational environments usually don’t involve original thought",
    "translation": "# 教育环境通常不涉及原创思想",
    "stage": 9
  },
  {
    "key": "1",
    "original": "[Educational environments usually don’t involve original thought (andymatuschak.org)](https://notes.andymatuschak.org/z2tXxAezdMpted5bRbhtj843QruiRtTvWVPPQ)",
    "translation": "原文：[Educational environments usually don’t involve original thought (andymatuschak.org)](https://notes.andymatuschak.org/z2tXxAezdMpted5bRbhtj843QruiRtTvWVPPQ)",
    "stage": 3
  },
  {
    "key": "2",
    "original": "Educational environments usually consist of activities with known outcomes, involving a known set of concepts or ideas. Students are expected to reconstruct or rederive those concepts for themselves through their studies. But even in “discovery learning” environments and interpretive liberal arts courses, activities generally aren’t designed to facilitate original thought.",
    "translation": "教育环境通常由已知结果的活动组成，涉及一组已知的概念或想法。学生被期望在学习中为他们自己重现或推导出这些概念。但即使是在「探索式学习」环境和解释性文科课程中，活动通常也不是为了促进原创思维而设计的。",
    "stage": 3
  },
  {
    "key": "3",
    "original": "If educational environments’ aspiration is enabling students to pursue independent, personally meaningful intellectual activity, this observation is in conflict. How can one expect to prepare students to think original thoughts through activities which never require them to think an original thought—which, in fact, often discourage original thoughts?",
    "translation": "如果教育环境的抱负是让学生能够追求独立的、对个人有意义的智力活动，那么这种言论是自相矛盾的。我们怎么能期望通过从不要求学生的原创思想的活动来培养学生的原创思想呢? 事实上，这些活动往往会阻碍学生的原创思想。",
    "stage": 3
  },
  {
    "key": "4",
    "original": "This appears to be an important limitation of using [Enacted experience](https://notes.andymatuschak.org/z3KASfpz5AmNmqM2m517Jbs1EvXrLN7NkeYWH) to teach.",
    "translation": "这似乎是使用[情景体验](https://notes.andymatuschak.org/z3KASfpz5AmNmqM2m517Jbs1EvXrLN7NkeYWH)进行教学的一个主要限制。",
    "stage": 3
  },
  {
    "key": "5",
    "original": "See also: [Nell doesn’t do any original thinking inside the Primer](https://notes.andymatuschak.org/z325r7Z7eRaocLjg6ADX4tfzUPWDSaynTCbcQ)",
    "translation": "另见：[Nell 在 Primer 里没有进行任何原创思想](https://notes.andymatuschak.org/z325r7Z7eRaocLjg6ADX4tfzUPWDSaynTCbcQ)",
    "stage": 3
  }
]