[
  {
    "key": "0",
    "original": "# Effective system design requires insights drawn from serious contexts of use",
    "translation": "# 有效的系统设计需要从真刀真枪的使用情境汲取洞见",
    "stage": 9
  },
  {
    "key": "1",
    "original": "[Effective system design requires insights drawn from serious contexts of use (andymatuschak.org)](https://notes.andymatuschak.org/z3H98n8DGZmu8XArqHZVsckyWvbTe8wK4kAt2)",
    "translation": "原文：[Effective system design requires insights drawn from serious contexts of use (andymatuschak.org)](https://notes.andymatuschak.org/z3H98n8DGZmu8XArqHZVsckyWvbTe8wK4kAt2)",
    "stage": 5
  },
  {
    "key": "2",
    "original": "Scrappy prototypes are great: they allow scrappy iteration and quick evaluation. But many critical insights will only emerge in the context of a serious creative problem that’s not about the system itself. This is a key claim of [Insight through making](https://notes.andymatuschak.org/z7YyAp683VNbTmDG4hx9QFpf5urwxZJpsycS6).",
    "translation": "粗制而成的原型很不错：由此能开展粗糙的迭代和快速评估。但是，许多重要的洞见，只有依托于真刀真枪的创造性问题才能够涌现，这些问题与原型系统本身无关。这是[实践出洞见](https://notes.andymatuschak.org/z7YyAp683VNbTmDG4hx9QFpf5urwxZJpsycS6)提出的一个关键主张。",
    "stage": 5
  },
  {
    "key": "3",
    "original": "That sounds like standard practice: of course systems have to be evaluated! But most system designers don’t take “serious” seriously: [Tool-makers usually lack connection to a serious context of use](https://notes.andymatuschak.org/zs5uUEv9iJH7JuAmsCChxBEMP2zW6CRbiAWE).",
    "translation": "听起来像是标准做法：系统当然需要经过评估！但大多数系统设计者并不认真对待「真刀真枪」：[工具制作者通常缺乏与真刀真枪的使用环境的联系](https://notes.andymatuschak.org/zs5uUEv9iJH7JuAmsCChxBEMP2zW6CRbiAWE)。",
    "stage": 5
  },
  {
    "key": "4",
    "original": "Observing how your theories (represented in systems) interact with reality can yield insights which help improve your theories. The character of those insights will depend on the context in which the system was used. If the system isn’t used seriously, the insights will be more like those which a pure theorist could have seen. Those were possible without actually building a system.",
    "translation": "理论寓于系统之中。观察系统与现实相互作用，可以从中获得见解，对后续完善理论有所帮助。这些见解的成色，与系统的使用场景息息相关。如果系统没有经过真刀真枪的使用，得到的见解，也就是单纯坐而论道者能够想到的，不建造系统也可以实现。",
    "stage": 3
  },
  {
    "key": "5",
    "original": "Pixar’s a good example of an organization which creates serious contexts of use, which in turn drive system design: [Pixar’s movies and technology development act as coupled flywheels](https://notes.andymatuschak.org/z45gUHaD2DcqH3zMWhwHaXESZLCWWk6tHLDi6).",
    "translation": "皮克斯是很好的例子。这家动画公司创造了真刀真枪的使用环境，反过来又推动了系统设计：[皮克斯的电影和技术发展是啮合紧密的飞轮](https://notes.andymatuschak.org/z45gUHaD2DcqH3zMWhwHaXESZLCWWk6tHLDi6)。",
    "stage": 5
  },
  {
    "key": "6",
    "original": "Common challenges:",
    "translation": "常见挑战：",
    "stage": 5
  },
  {
    "key": "7",
    "original": "- [Great tool-makers are often not great tool-users, and vice-versa](https://notes.andymatuschak.org/zagVn3aaVDFhU4JhGCntgs88oHMJSpzu7ar)",
    "translation": "- [优秀的工具制造者往往不是优秀的工具使用者，反之亦然](https://notes.andymatuschak.org/zagVn3aaVDFhU4JhGCntgs88oHMJSpzu7ar)",
    "stage": 5
  },
  {
    "key": "8",
    "original": "- [Groups researching tools for thought need enough capacity to build prototypes suitable for serious work](https://notes.andymatuschak.org/z7Rdcpa64TtUx6s5dNtLgZpFR6G3G6YpoD4ks)",
    "translation": "- [研究思想工具的团体需要足够的能力来建立足以用于严肃工作的原型](https://notes.andymatuschak.org/z7Rdcpa64TtUx6s5dNtLgZpFR6G3G6YpoD4ks)",
    "stage": 5
  },
  {
    "key": "9",
    "original": "Related theory:",
    "translation": "相关理论：",
    "stage": 5
  },
  {
    "key": "10",
    "original": "- [Powerful enabling environments usually arise as a byproduct of projects pursuing their own intrinsically meaningful purposes](https://notes.andymatuschak.org/z4N6d29XL2PZXCa64HPcxA64RGWDb6Cagc1gs)",
    "translation": "- [强大的赋能环境通常作为副产品在追求其自身内在意义的项目时产生](https://notes.andymatuschak.org/z4N6d29XL2PZXCa64HPcxA64RGWDb6Cagc1gs)",
    "stage": 5
  },
  {
    "key": "11",
    "original": "- [Authored environments are significantly colored by authors’ motivations](https://notes.andymatuschak.org/z34mYTEEEQcrywWkoNnz1Fzr8NmwaDsVRNgTK)",
    "translation": "- [创制环境极大程度受作者的动机塑造](https://notes.andymatuschak.org/z34mYTEEEQcrywWkoNnz1Fzr8NmwaDsVRNgTK)",
    "stage": 5
  },
  {
    "key": "12",
    "original": "- [Powerful enabling environments focus on expert use](https://notes.andymatuschak.org/z8jg7T3YhvyXiEpy4humYAioLUEjnrdZgwHYs)",
    "translation": "- [强大的赋能环境注重专业级使用](https://notes.andymatuschak.org/z8jg7T3YhvyXiEpy4humYAioLUEjnrdZgwHYs)",
    "stage": 5
  },
  {
    "key": "13",
    "original": "------",
    "translation": "------",
    "stage": 5
  },
  {
    "key": "14",
    "original": "## References",
    "translation": "## 参考文献",
    "stage": 5
  },
  {
    "key": "15",
    "original": "Matuschak, A., & Nielsen, M. (2019). How can we develop transformative tools for thought? Retrieved December 2, 2019, from https://numinous.productions/ttft",
    "translation": "Matuschak, A., & Nielsen, M. (2019). How can we develop transformative tools for thought? Retrieved December 2, 2019, from https://numinous.productions/ttft",
    "stage": 5
  },
  {
    "key": "16",
    "original": "> Concretely: suppose you want to build tools for subject X (say X = differential geometry). Unless you are deeply involved in practicing that subject, it’s going to be extremely difficult to build good tools. It’ll be much like trying to build new tools for carpentry without actually doing any carpentry yourself. This is perhaps part of why tools like *Mathematica* work quite well – the principal designer, Stephen Wolfram, has genuine research interests in mathematics and physics. Of course, not all parts of *Mathematica* work equally well; some parts feel like toys, and it seems likely those are the ones *not* being used seriously internal to the company.",
    "translation": "> 具体来说：假设你想为 X 学科（比如 X=微分几何）建立工具。没有深入研习这门学科，是难以创造优质工具的。这就像没有沾过木头就像创作木工工具一样。**Mathematica** 这样的工具趁手好用的原因也在于此——Stephen Wolfram 这一主要设计者，对数学和物理这两门学科抱有由衷的研究兴趣，具备制作优质工具的先决条件。当然，也有些 Mathematica 部件不如人意：这些部件简直像玩具一样，估计 Wolfram 公司内部也没有怎么认真使用过。",
    "stage": 5
  },
  {
    "key": "17",
    "original": "Brooks, F. P., Jr. (1994). The Computer Scientist as Toolsmith II [ACM Allen Newell Award Lecture](https://notes.andymatuschak.org/z3H98n8DGZmu8XArqHZVsckyWvbTe8wK4kAt2). SIGGRAPH.",
    "translation": "Brooks, F. P., Jr. (1994). The Computer Scientist as Toolsmith II [ACM Allen Newell Award Lecture](https://notes.andymatuschak.org/z3H98n8DGZmu8XArqHZVsckyWvbTe8wK4kAt2). SIGGRAPH.",
    "stage": 5
  },
  {
    "key": "18",
    "original": "> It aims us at relevant problems, not just exercises or toy-scale problems.",
    "translation": "> 我们因而能聚焦于关键问题，而不只是课后练习或者小儿科问题。",
    "stage": 5
  },
  {
    "key": "19",
    "original": "> It keeps us honest about success and failure, so that we don’t fool ourselves so easily.",
    "translation": "> 我们因而能对成败开诚布公，而不轻易愚弄自己。",
    "stage": 5
  },
  {
    "key": "20",
    "original": "> It makes us face the *whole*problem, not just the easy or mathematical parts. In computational geometry, for example, we can’t avoid the cases of collinear point triples or coplanar point quadru- ples. We can’t assume away ill-conditioned cases.",
    "translation": "> 我们因而能直面**完整**问题，而不只是简单的，或数学理论完美解决的地方。例如，计算几何中，我们不能避开三重共线点或者四重共面点的情况，不能掩耳盗铃假装病态条件不存在。",
    "stage": 5
  },
  {
    "key": "21",
    "original": "> Facing the whole problem in turn forces us to learn or develop new computer science, often in areas we otherwise never would have addressed.",
    "translation": "> 直面完整问题，迫使我们学习更多知识，甚至往往要进军至从未踏足过的疆域，发展计算机科学最前沿。",
    "stage": 5
  },
  {
    "key": "22",
    "original": "> Besides all of that, it is just plain fun to look over the shoulders of those discovering how proteins work, or designing submarines, or fabricating on the nanometer scale.",
    "translation": "> 除此之外，你实则已迫近领军者之列，其中有揭秘蛋白质原理、设计出潜水艇，实现纳米制造的先驱。如今，你要与他们挥手作别，向无尽疆界更进一步，实为乐也。",
    "stage": 5
  },
  {
    "key": "23",
    "original": "[Python Tutor’s Design Guidelines for Building Scalable and Sustainable Research Software in Academia. In The 34th Annual ACM Symposium on User Interface Software and Technology (pp. 1235–1251). Association for Computing Machinery](https://notes.andymatuschak.org/Guo%2C_P._(2021)._Ten_Million_Users_and_Ten_Years_Later)",
    "translation": "[Python Tutor’s Design Guidelines for Building Scalable and Sustainable Research Software in Academia. In The 34th Annual ACM Symposium on User Interface Software and Technology (pp. 1235–1251). Association for Computing Machinery](https://notes.andymatuschak.org/Guo%2C_P._(2021)._Ten_Million_Users_and_Ten_Years_Later)",
    "stage": 5
  },
  {
    "key": "24",
    "original": "> Software-based researchers often strive to build systems containing high-level ideas that are likely to generalize, since those make for more compelling academic papers. However, we believe that trying to be too general actually hinders scale and sustainability. To build long-lasting software that can organically grow a large userbase, one must instead start specific.",
    "translation": "> 软件研究者想写出令人肃然起敬的学术论文，便力求想出适于推广的高层次想法，并为此建造系统。但是我们认为，在推广上用力过度，实际上不利于系统扩大规模，运行持久。为了创造生而不息，受众自然聚集的软件，必须从具体处入手。",
    "stage": 3
  },
  {
    "key": "25",
    "original": ">",
    "translation": ">",
    "stage": 5
  },
  {
    "key": "26",
    "original": "> In 2009 we created Python Tutor with a very specific goal in mind: to provide a convenient way for students and instructors (such as ourselves) to walk through Python code step-by-step and see the values of variables.",
    "translation": "> 在 2009 年，我们创造了 Python Tutor 网站，目标非常具体：为学生和导师（比如我们自己）提供一种方便的方式，逐步浏览 Python 代码并查看变量的值。",
    "stage": 5
  }
]