[
  {
    "key": "0",
    "original": "# Efficient review scheduling is in tension with gated course sequences",
    "translation": "# 高效复习安排与过关式课程序列相冲突",
    "stage": 9
  },
  {
    "key": "1",
    "original": "[Efficient review scheduling is in tension with gated course sequences (andymatuschak.org)](https://notes.andymatuschak.org/z7MWDLQ7ni6kp4ziDawQG1xYC9Um741WsUQ4h)",
    "translation": "原文：[Efficient review scheduling is in tension with gated course sequences (andymatuschak.org)](https://notes.andymatuschak.org/z7MWDLQ7ni6kp4ziDawQG1xYC9Um741WsUQ4h)",
    "stage": 5
  },
  {
    "key": "2",
    "original": "One can imagine designing a course or book which only allows access to lessons once students have practiced material from a previous lesson and incorporated it into their long-term memories (e.g. [Execute Program’s lessons don’t unlock until you’ve successfully reviewed their prerequisites](https://notes.andymatuschak.org/z43GdwxNzaXGvNs7Hdd57UD9KauMxRGbH45r8)). But it seems that in many cases, the optimal initial review interval is very long—many weeks or perhaps even months ([Quantum Country users seem to forget most prompts quite slowly](https://notes.andymatuschak.org/zUDMMZd4YLSXx5TSogPg8v96zPUdQ1hGcW1b)). If you schedule reviews efficiently (i.e. by delaying them for very long periods), you’d make people wait a very long time before reading the next section, which readers may find to be quite an imposition.",
    "translation": "想象这样的书或者课程，只有上次课程的内容经过学生练习，并进入其长期记忆了，才能获取接下来的课程。 （比如 [Execute Program 的课程只有等到你成功复习前置内容才解锁](https://notes.andymatuschak.org/z43GdwxNzaXGvNs7Hdd57UD9KauMxRGbH45r8))。然而很多情况下，最佳的首次复习间隔似乎非常长——很多周甚至很多个月（[量子国度的用户遗忘大部分卡片的速度非常缓慢](https://notes.andymatuschak.org/zUDMMZd4YLSXx5TSogPg8v96zPUdQ1hGcW1b))）。若要高效地安排复习（比如要延迟很长时间才复习），用户就要等很久才能读到下一小节，这对读者可能是负担。",
    "stage": 3
  },
  {
    "key": "3",
    "original": "Related: [The mnemonic medium can be adapted to author an experience which unfolds over time](https://notes.andymatuschak.org/zvzwYeFU3Au4Ya2uVh2k3BUu8udZB7NSrAdL)",
    "translation": "相关： [助记媒介可调整为将创制经验逐步展开的形式](https://notes.andymatuschak.org/zvzwYeFU3Au4Ya2uVh2k3BUu8udZB7NSrAdL)",
    "stage": 3
  },
  {
    "key": "4",
    "original": "------",
    "translation": "------",
    "stage": 5
  },
  {
    "key": "5",
    "original": "Q. Why might optimal scheduling of review sessions cause trouble for gated course sequences?",
    "translation": "问：为什么复习课程的最佳安排可能会给过关式课程序列带来麻烦？",
    "stage": 3
  },
  {
    "key": "6",
    "original": "A. In many cases, the optimal initial ISI may be many weeks or more; readers probably don’t want to be gated that long.",
    "translation": "答：在许多情况下，最理想的初始 ISI 可能是几周或更长时间；读者可能不想被关那么长时间。",
    "stage": 3
  }
]