[
  {
    "key": "0",
    "original": "# Executable strategy for writing",
    "translation": "# 可执行的写作策略",
    "stage": 9
  },
  {
    "key": "1",
    "original": "[Executable strategy for writing (andymatuschak.org)](https://notes.andymatuschak.org/z3PBVkZ2SvsAgFXkjHsycBeyS6Cw1QXf7kcD8)",
    "translation": "原文：[Executable strategy for writing (andymatuschak.org)](https://notes.andymatuschak.org/z3PBVkZ2SvsAgFXkjHsycBeyS6Cw1QXf7kcD8)",
    "stage": 5
  },
  {
    "key": "2",
    "original": "A naive writing process begins with a rough inkling about what one wants to write and a blank page. Progress from this point requires an enormous amount of activation energy and cognitive effort: there’s nothing external, so you must juggle all of the piece-to-be in your head.",
    "translation": "年轻的作者，会从全新的白纸开始他们的写作，脑海里只有一个粗略轮廓。这样的开端，需要大量的能量激活大脑，付出大量的努力在认知上：没有任何外在之物可怙可峙，你必须在自己的脑海里摆弄所有文章片段的雏形。",
    "stage": 5
  },
  {
    "key": "3",
    "original": "By contrast, if you’ve already written lots of concept-oriented [Evergreen notes](https://notes.andymatuschak.org/z4SDCZQeRo4xFEQ8H4qrSqd68ucpgE6LU155C) around the topic, your task is more like editing than composition. You can make an outline by shuffling the note titles, write notes on any missing material, and edit them together into a narrative. In fact, because you can [Create speculative outlines while you write](https://notes.andymatuschak.org/z2uXyfV67dnWLUKg1iDbsrHk3DGjtNWTxSTah), you might find that the first of these steps is already accomplished, too. And writing each note isn’t hard: [Evergreen notes permit smooth incremental progress in writing (“incremental writing”)](https://notes.andymatuschak.org/z6C5H4eYH2A4omfNLuUcDiKibQ1hZG2RGNZ97).",
    "translation": "相比之下，如果你已经围绕一个主题写了很多面向概念的[常青笔记](https://notes.andymatuschak.org/z4SDCZQeRo4xFEQ8H4qrSqd68ucpgE6LU155C)，借此创作，过程会更像「编辑」，而不是「写作」。你可以对笔记标题洗牌，得到一个大纲，再为缺失部分找来材料写笔记，并将它们编辑组合为一个完整的叙事。事实上，因为你可以[在写作时创建推测性的大纲](https://notes.andymatuschak.org/z2uXyfV67dnWLUKg1iDbsrHk3DGjtNWTxSTah)，你可能会发现第一步的大纲也已经完成了。而且每篇笔记本身写起来并不难：[常青笔记实现顺畅而渐进的写作（「渐进写作」）](https://notes.andymatuschak.org/z6C5H4eYH2A4omfNLuUcDiKibQ1hZG2RGNZ97)。",
    "stage": 5
  },
  {
    "key": "4",
    "original": "Instead of having a task like “write an outline of the first chapter,” you have a task like “find notes which seem relevant.” Each step feels doable. This is an executable strategy (see [Executable strategy](https://notes.andymatuschak.org/z53fk5XwrsnueNDDCq6WNe2VbPhrDGQmmVgNS)). But beware—don’t let this strategy “poison” the initial note-writing process: [Write notes for yourself by default, disregarding audience](https://notes.andymatuschak.org/z8AfCaQJdp852orumhXPxHb3r278FHA9xZN8J).",
    "translation": "你的任务不再是「给第一章写一份大纲」，而是类似「找到和主题可能相关的笔记」。每一步做起来都容易，这是可执行的策略（见[可执行策略](https://notes.andymatuschak.org/z53fk5XwrsnueNDDCq6WNe2VbPhrDGQmmVgNS)）。但要注意——不要让这个策略「毒害」第一步的笔记写作过程：[默认为自己写笔记，不考虑读者](https://notes.andymatuschak.org/z8AfCaQJdp852orumhXPxHb3r278FHA9xZN8J)。",
    "stage": 5
  },
  {
    "key": "5",
    "original": "I describe two approaches here: an **undirected** version, in which writing projects emerge organically from daily work; and a **directed** version, in which you’re trying to write about something specific.",
    "translation": "我在此描述两种方法：一种是**非定向**版本 —— 你写作的项目从日常工作中有机地涌现；另一种是**定向**版本，即你有具体的写作目标。",
    "stage": 5
  },
  {
    "key": "6",
    "original": "## Undirected version:",
    "translation": "## 非定向版本：",
    "stage": 5
  },
  {
    "key": "7",
    "original": "1. Write durable notes continuously while reading and thinking. ([Evergreen note-writing as fundamental unit of knowledge work](https://notes.andymatuschak.org/z3SjnvsB5aR2ddsycyXofbYR7fCxo7RmKW2be))",
    "translation": "1. 阅读思考时，持续地写下经久可用的笔记。([常青笔记写作是知识工作的基本单位](https://notes.andymatuschak.org/z3SjnvsB5aR2ddsycyXofbYR7fCxo7RmKW2be))",
    "stage": 5
  },
  {
    "key": "8",
    "original": "2. Each time you add a note, add a link to it to an outline, creating one if necessary ([Create speculative outlines while you write](https://notes.andymatuschak.org/z2uXyfV67dnWLUKg1iDbsrHk3DGjtNWTxSTah)).",
    "translation": "2. 每次你添加笔记时，将其链接到一个大纲中，必要时创建一个大纲（[在写作时创建推测性大纲](https://notes.andymatuschak.org/z2uXyfV67dnWLUKg1iDbsrHk3DGjtNWTxSTah)）。",
    "stage": 5
  },
  {
    "key": "9",
    "original": "3. Eventually, you’ll feel excited about fleshing out one of those outlines. ([Let ideas and beliefs emerge organically](https://notes.andymatuschak.org/z5uSCvx3W2GdzBVhWAAXrrCcykJ8SHimdJzg7))",
    "translation": "3. 最终，你会对其中某个大纲感兴趣，兴奋地想要充实它（[让思想和信念有机地涌现](https://notes.andymatuschak.org/z5uSCvx3W2GdzBVhWAAXrrCcykJ8SHimdJzg7)）",
    "stage": 5
  },
  {
    "key": "10",
    "original": "4. Write new notes to fill in missing pieces of the outline.",
    "translation": "4. 写下新的笔记，以填补大纲中缺失的部分。",
    "stage": 5
  },
  {
    "key": "11",
    "original": "5. Concatenate all the note texts together to get an initial manuscript",
    "translation": "5. 将所有的笔记文本拼接起来，得到初始手稿",
    "stage": 5
  },
  {
    "key": "12",
    "original": "6. Rewrite it.",
    "translation": "6. 重写这篇手稿。",
    "stage": 5
  },
  {
    "key": "13",
    "original": "## Directed version:",
    "translation": "## 定向版本：",
    "stage": 5
  },
  {
    "key": "14",
    "original": "1. Review notes related to your topic (and a step or two beyond those—[Notes should surprise you](https://notes.andymatuschak.org/z4KZ9973AoHhvM9Pj5Qrds48JXNbMEwVJmVRw))",
    "translation": "1. 回顾与你的主题有关的笔记（并多做一两步——[笔记应该让你吃惊](https://notes.andymatuschak.org/z4KZ9973AoHhvM9Pj5Qrds48JXNbMEwVJmVRw)）",
    "stage": 3
  },
  {
    "key": "15",
    "original": "2. Write an outline",
    "translation": "2. 写大纲",
    "stage": 5
  },
  {
    "key": "16",
    "original": "3. Attach existing notes to each point in the outline; write new notes as needed.",
    "translation": "3. 将现有的笔记附在大纲的每一点上；根据需要写新的笔记。",
    "stage": 5
  },
  {
    "key": "17",
    "original": "4. Concatenate all the note texts together to get an initial manuscript",
    "translation": "4. 将所有的笔记文本串联起来，得到一份最初的手稿。",
    "stage": 5
  },
  {
    "key": "18",
    "original": "5. Rewrite it.",
    "translation": "5. 重写它。",
    "stage": 5
  },
  {
    "key": "19",
    "original": "One other nice benefit of this approach: [Evergreen notes lower the emotional stakes in editing manuscripts](https://notes.andymatuschak.org/z26G5QDZgkk3mLTJoWHfzM6kjRzHpTAWHeZWN).",
    "translation": "这种方法还有一个好处：[常青笔记降低了编辑手稿的情绪痛处](https://notes.andymatuschak.org/z26G5QDZgkk3mLTJoWHfzM6kjRzHpTAWHeZWN)。",
    "stage": 5
  },
  {
    "key": "20",
    "original": "------",
    "translation": "------",
    "stage": 5
  },
  {
    "key": "21",
    "original": "## References",
    "translation": "## 参考文献",
    "stage": 5
  },
  {
    "key": "22",
    "original": "Ahrens, S. (2017). *How to Take Smart Notes: One Simple Technique to Boost Writing, Learning and Thinking – for Students, Academics and Nonfiction Book Writers*.",
    "translation": "Ahrens, S. (2017). *How to Take Smart Notes: One Simple Technique to Boost Writing, Learning and Thinking – for Students, Academics and Nonfiction Book Writers*.",
    "stage": 5
  },
  {
    "key": "23",
    "original": "[Preparing Fragments Helps You to Ease Into Writing • Zettelkasten Method](https://zettelkasten.de/posts/ease-into-writing/)",
    "translation": "[准备片段帮助你轻松进入写作 • Zettelkasten 方法](https://zettelkasten.de/posts/ease-into-writing/)",
    "stage": 5
  },
  {
    "key": "24",
    "original": "> To see with clarity if your research backs up your text’s structure sufficiently, the next step is to assign notes from your *Zettelkasten* to the items of your outline. When an item of your outline seems to be neglected because you don’t have enough notes that fit, you can continue your research, focusing on the missing pieces. As soon as you’re confident you got enough coverage for a start, you string the notes’s contents together according to the outline. Thus you create the very first draft. That’s all it takes to move from a plan to outline to manuscript. Then you begin to re-write, organize the material and start to make the text coherent.",
    "translation": "> 为了清楚地了解你的研究是否足以支持你的文本结构，下一步是将你的 *Zettelkasten* 中的笔记分配给你大纲中的各点。当大纲中某个点，似乎因为缺乏足够的笔记支持，而显得无足轻重时，你可以继续你的研究，把重点放在缺少的部分上。一旦你确信你已经准备充分，可以开始了，你就按照大纲把笔记的内容串起来。这样你就完成了第一稿。以上就是从计划到大纲再到手稿的全部过程。然后，你开始重写，组织材料，并开始使文本连贯。",
    "stage": 5
  },
  {
    "key": "25",
    "original": "> There’s no magic involved in writing texts with the help of a well-fed *Zettelkasten*. To compile a first draft you put the contents of selected notes at the appropriate places in the outline, putting meat on the bones of your text’s skeleton. That’s how a *Zettelkasten* helps you complete your first draft.",
    "translation": "> 如果 *Zettelkasten* 足够充沛，撰写便没有什么神奇之处。为了编写初稿，你要把选定的笔记内容放在大纲的适当位置，把肉放在你的文本骨架的骨头上。这就是 *Zettelkasten* 如何帮助你完成你的初稿。",
    "stage": 5
  }
]