[
  {
    "key": "0",
    "original": "# Few digital reading environments support marginal notes",
    "translation": "# 很少有电子阅读环境支持旁注",
    "stage": 9
  },
  {
    "key": "1",
    "original": "[Few digital reading environments support marginal notes (andymatuschak.org)](https://notes.andymatuschak.org/z4Hk27FK5Q9QiwKZGktJ7uMjkYj7SMs8RJGVR)",
    "translation": "原文：[Few digital reading environments support marginal notes (andymatuschak.org)](https://notes.andymatuschak.org/z4Hk27FK5Q9QiwKZGktJ7uMjkYj7SMs8RJGVR)",
    "stage": 5
  },
  {
    "key": "2",
    "original": "When reading a physical book, the natural thing to do is to scribble in the margins, next to the relevant passages. Or maybe to attach a sticky note at the relevant spot. But for whatever reason, digital reading environments almost never support this kind of interaction. Annotations are hidden away under some icon of a sticky note, or in a “notebook” which displays them in a flat list, de-spatialized and disconnected from the content.",
    "translation": "在阅读实体书时，自然会在空白处，在相关段落旁边涂鸦。或者在相关位置贴上一张便条。但处于各种原因，电子阅读环境几乎从不支持这种互动。注释被隐藏在一些便条的图标下，或者在一个 「笔记本」中，以平面列表的形式显示，被折叠，与内容脱节。",
    "stage": 5
  },
  {
    "key": "3",
    "original": "[LiquidText](https://notes.andymatuschak.org/z2fGXCnKwFV1jDmKsp15wkbV5WHSnLpy52Mq) and MarginNote are the only exceptions which come to mind. Note that neither supports EPUB! [All desktop EPUB readers are awful](https://notes.andymatuschak.org/z5EgfjG9cqZKWW16JQD7Pd51bXZVeNpiFaYJS) Google Docs has already pinned down a more-or-less fine UX here; I do wish others would simply copy it.",
    "translation": "[LiquidText](https://notes.andymatuschak.org/z2fGXCnKwFV1jDmKsp15wkbV5WHSnLpy52Mq) 和MarginNote是我想到的唯二例外。请注意，它们都不支持EPUB！[所有的桌面 EPUB 阅读器都很糟糕](https://notes.andymatuschak.org/z5EgfjG9cqZKWW16JQD7Pd51bXZVeNpiFaYJS) Google Docs 已经建立了一个还不错的用户体验；我很希望其他人哪怕向它靠拢一下也好。",
    "stage": 5
  },
  {
    "key": "4",
    "original": "[Hypothes.is](https://notes.andymatuschak.org/z24wddcuZTB2YvHTA4LkZ759DhydyufhrzCh) offers a halfway solution, providing some spatialized indexes by way of edge marks in the gutter of its sidebar. But the annotations themselves are presented in a flat list; the edge marks just apply a filter. You still can’t scroll through a document and read the annotations alongside it, as [Ted Nelson](https://notes.andymatuschak.org/z5WTkCrHDYrEQbqE6wa2zwv2tABXZt6gfNm7E) had depicted in 1972 (!).",
    "translation": "[Hypothes.is](https://notes.andymatuschak.org/z24wddcuZTB2YvHTA4LkZ759DhydyufhrzCh)提供了一个聊胜于无的解决方案，通过其侧边栏的边缘标记的方式提供了一些空间化的索引。但是注释本身是以一个平面列表的形式呈现的；边缘标记只是相当于一个快捷方式。你仍然不能像[Ted Nelson](https://notes.andymatuschak.org/z5WTkCrHDYrEQbqE6wa2zwv2tABXZt6gfNm7E)在1972年描述的那样，滚动浏览一个文件并在阅读旁注（！）。",
    "stage": 5
  },
  {
    "key": "5",
    "original": "Note that the location doesn’t need to be that physically precise. It’s just in the general vicinity. [Digital annotation is too formal](https://notes.andymatuschak.org/z6eF7M2XP2YqefAFS4rTXKqSLZCGXkj9NBWe7).",
    "translation": "请注意，位置不需要那么精确。它只是在大体的附近。[电子批注过于形式化](https://notes.andymatuschak.org/z6eF7M2XP2YqefAFS4rTXKqSLZCGXkj9NBWe7)。",
    "stage": 5
  }
]