[
  {
    "key": "0",
    "original": "# Fixation on outcome in creative work is often self-defeating",
    "translation": "# 在创造性工作中执着于产出往往适得其反",
    "stage": 1
  },
  {
    "key": "1",
    "original": "[Fixation on outcome in creative work is often self-defeating (andymatuschak.org)](https://notes.andymatuschak.org/zWhZZuWVtFXsPNL8Ph3po7R8BEDztTSsN1X)",
    "translation": "原文：[Fixation on outcome in creative work is often self-defeating (andymatuschak.org)](https://notes.andymatuschak.org/zWhZZuWVtFXsPNL8Ph3po7R8BEDztTSsN1X)",
    "stage": 5
  },
  {
    "key": "2",
    "original": "Creative work requires openness, interplay, slack, [Sense of abundance](https://notes.andymatuschak.org/zRCKm3mveX2C2LVCSZEGuSphQNmW5zGd2Rc). Fixation on output often creates [Scarcity mindset](https://notes.andymatuschak.org/znutNAv4ejW7nWwtzCnXQfAbbK8jS8DeAC3).",
    "translation": "创造性工作需要开放、互动、松弛、[富足感](https://notes.andymatuschak.org/zRCKm3mveX2C2LVCSZEGuSphQNmW5zGd2Rc)。执着于产出往往会制造[稀缺心态](https://notes.andymatuschak.org/znutNAv4ejW7nWwtzCnXQfAbbK8jS8DeAC3)。",
    "stage": 1
  },
  {
    "key": "3",
    "original": "Related:",
    "translation": "相关笔记：",
    "stage": 5
  },
  {
    "key": "4",
    "original": "- [Inappropriate time pressures often harm creative work](https://notes.andymatuschak.org/zv3oHi3CgUz3yjrKceuSznBQXYQeEWVW7KW)",
    "translation": "- [不合理的时间压力往往会毁掉创造性工作](https://notes.andymatuschak.org/zv3oHi3CgUz3yjrKceuSznBQXYQeEWVW7KW)",
    "stage": 3
  },
  {
    "key": "5",
    "original": "## References",
    "translation": "## 参考文献",
    "stage": 5
  },
  {
    "key": "6",
    "original": "Collecting some related material:",
    "translation": "正在收集的一些相关资料：",
    "stage": 3
  },
  {
    "key": "7",
    "original": "- [Research as Understanding - Kanjun Qiu](https://notes.andymatuschak.org/zWJKM8bUDs74L6neciZJUFtYtcxehW37CXc) (fixation on “producing novel insights” misleads from how research really happens—chasing questions you want to answer)",
    "translation": "- [面向理解的研究 - Kanjun Qiu](https://notes.andymatuschak.org/zWJKM8bUDs74L6neciZJUFtYtcxehW37CXc)（真正的研究是专注于你想要回答的问题，对「产出新颖洞见」的执着则让人偏离真正的研究）",
    "stage": 1
  },
  {
    "key": "8",
    "original": "- [Get curious](https://notes.andymatuschak.org/zKvtqpdyujNByokN4fSahKrgNgXxCAWD5gRv), [Get playful](https://notes.andymatuschak.org/ziHJKnDvMUWnBBpTEsVg3iVNxKrCieEUaEr)",
    "translation": "- [变得好奇](https://notes.andymatuschak.org/zKvtqpdyujNByokN4fSahKrgNgXxCAWD5gRv)，[变得爱玩](https://notes.andymatuschak.org/ziHJKnDvMUWnBBpTEsVg3iVNxKrCieEUaEr)",
    "stage": 1
  },
  {
    "key": "9",
    "original": "- [Stop trying to try and try, after Soares](https://notes.andymatuschak.org/zxp2EBWkGcL5BqTHz8KuGtyEmZVsGvQ9ovk) (fixation on outcome makes failure much more salient)",
    "translation": "",
    "stage": 0
  },
  {
    "key": "10",
    "original": "- [Quit Your Job - Wolf Tivy](https://notes.andymatuschak.org/z27o3RwVnXvmYjnWmYLWkAX6UqD4Shxo8c4D) (“you won’t find interesting novelty by chasing along known value gradients”)",
    "translation": "- [Quit Your Job - Wolf Tivy](https://notes.andymatuschak.org/z27o3RwVnXvmYjnWmYLWkAX6UqD4Shxo8c4D)（「通过追逐已知的价值梯度，你将找不到任何有趣的新奇之物」）",
    "stage": 1
  },
  {
    "key": "11",
    "original": "[Jess Miller](https://notes.andymatuschak.org/zhDB1grmv8BWEFXLUFPEuJJqU7SGJ3kgkwS)’s [Becoming a magician – Autotranslucence](https://autotranslucence.wordpress.com/2018/03/30/becoming-a-magician/)",
    "translation": "[Jess Miller](https://notes.andymatuschak.org/zhDB1grmv8BWEFXLUFPEuJJqU7SGJ3kgkwS)’s [成为一名魔术师 – Autotranslucence](https://autotranslucence.wordpress.com/2018/03/30/becoming-a-magician/)",
    "stage": 1
  },
  {
    "key": "12",
    "original": "> You can’t keep your gaze tightly fixed on the outcome you want because it will lock your mind onto the strategies you currently have for meeting them, which by definition probably don’t work (otherwise you would have succeeded already and you wouldn’t need to use the strategy).",
    "translation": "",
    "stage": 0
  },
  {
    "key": "13",
    "original": "[Wanting - Luke Burgis](https://notes.andymatuschak.org/z4EX4vWeTcxgfaTEpB2cMqD6kW7Mp1cKJNfKt)",
    "translation": "[Wanting - Luke Burgis](https://notes.andymatuschak.org/z4EX4vWeTcxgfaTEpB2cMqD6kW7Mp1cKJNfKt)",
    "stage": 1
  },
  {
    "key": "14",
    "original": "> Have you noticed that goals have an irreproachable and unimpeachable status? You want to run an ultramarathon? People will applaud your determination. Run for city office? You have their support. Sell your home and move into the back of a van? Cool, essentialism is in. Nobody will question your goals.",
    "translation": "",
    "stage": 0
  },
  {
    "key": "15",
    "original": "David Whyte, Consolations, “Ambition”",
    "translation": "",
    "stage": 0
  },
  {
    "key": "16",
    "original": "> Ambition abstracts us from the underlying elemental nature of the creative conversation while providing us the cover of a target that has become false through over-description, overfamiliarity or too much understanding. …Everything true to itself has its own secret language and an internal intentionality with a secret surprising flow, even to the person who supposedly puts it all in motion. … We may direct the beam of ambition to illuminate a certain corner of the future world but ultimately it can reveal to us only those dreams with which we have already become familiar. …",
    "translation": "",
    "stage": 0
  },
  {
    "key": "17",
    "original": ">",
    "translation": ">",
    "stage": 3
  },
  {
    "key": "18",
    "original": "> No matter the self-conceited importance of our labors we are all {compost for worlds we cannot yet imagine}. Ambition takes us toward that horizon, but not over it - that line will always recede before our controlling hands. But a calling is a conversation between our physical bodies, our work, our intellects and imaginations, and {a new world that *is itself* the territory we seek}. A vocation always includes {the specific, heartrending way we will fail at our attempt to live fully}. A true vocation always {metamorphoses both ambition and failure into compassion and understanding for others}.",
    "translation": "",
    "stage": 0
  },
  {
    "key": "19",
    "original": "> Ambition takes willpower and constant applications of energy to stay on a perceived bearing; but a serious vocational calling demands a constant attention to {the unknown gravitational field that surrounds us and from which we recharge ourselves}, as if breathing from the atmosphere of possibility itself. A life’s work is not a series of stepping-stones, onto which we calmly place our feet, but more like an ocean crossing where there is no path, only a heading, a direction, in {conversation with the elements}. Looking back we see the wake we have left as only a brief glimmering trace on the waters.",
    "translation": "",
    "stage": 0
  },
  {
    "key": "20",
    "original": ">",
    "translation": ">",
    "stage": 5
  },
  {
    "key": "21",
    "original": "> Ambition is natural to the first steps of youth who must experience its essential falsity to know the larger reality that stands behind it, but held onto too long, and especially in eldership, it always comes to lack surprise, turns the last years of the ambitious into a second childhood, and makes the once successful into an object of pity.",
    "translation": "",
    "stage": 0
  },
  {
    "key": "22",
    "original": "Lovely paean to process orientation in Frederick, M. (2007). *101 things I learned in architecture school*. MIT Press.",
    "translation": "Lovely paean to process orientation in Frederick, M. (2007). *101 things I learned in architecture school*. MIT Press.",
    "stage": 1
  },
  {
    "key": "23",
    "original": "![img](https://notes.andymatuschak.org/BearImages/3C710472-D962-4103-BC2A-BF2CD846A372-592-0000069D7BFAC461/4242603C-E0FF-4890-8DE8-23983502AE61.png)",
    "translation": "![img](https://notes.andymatuschak.org/BearImages/3C710472-D962-4103-BC2A-BF2CD846A372-592-0000069D7BFAC461/4242603C-E0FF-4890-8DE8-23983502AE61.png)",
    "stage": 3
  },
  {
    "key": "24",
    "original": "[Extremely intense Twitter thread on this topic from Navin Kabra](https://twitter.com/NGKabra/status/671969067528425472?s=20).",
    "translation": "",
    "stage": 0
  }
]