[
  {
    "key": "0",
    "original": "# Games help players evaluate their developing skills",
    "translation": "# 游戏帮助玩家评估他们养成的技能",
    "stage": 9
  },
  {
    "key": "1",
    "original": "[Games help players evaluate their developing skills (andymatuschak.org)](https://notes.andymatuschak.org/z2tZBJUtAasH3bGxHaEpFdP5zjjiWwqDsFxEM)",
    "translation": "原文：[Games help players evaluate their developing skills (andymatuschak.org)](https://notes.andymatuschak.org/z2tZBJUtAasH3bGxHaEpFdP5zjjiWwqDsFxEM)",
    "stage": 5
  },
  {
    "key": "2",
    "original": "You don’t have to guess about whether you solved a puzzle in the Witness: the game will tell you. You don’t have to guess about whether you aimed correctly in a shooter: the visual and aural feedback will tell you.",
    "translation": "你不必猜测你是否在《见证者（Witness）》中解开了一个谜题，游戏会告诉你。你不必猜测你的射击是否瞄准了，视觉和听觉反馈会告诉你。",
    "stage": 5
  },
  {
    "key": "3",
    "original": "Sometimes, the environment will communicate this feedback more implicitly. For instance, you might think that your running and jumping skills are strong, but a carefully-placed gap between two ledges might quickly demonstrate that you don’t have the timing quite right yet.",
    "translation": "有时候，环境会以更隐蔽的方式传达这种反馈。例如，你可能觉得你的跑步和跳跃能力很强，但两个跳台之间精心布置的间隙可能很快就会证明你还没有完全掌握好时机。",
    "stage": 5
  },
  {
    "key": "4",
    "original": "Explicit challenges like the previous example might be specifically placed by game designers, but more generally, the entire game environment is designed to reveal gaps in players’ mental models. Players take some action, expecting some outcome. Then the game presents the true outcome, giving players the opportunity to notice the delta. Good games ensure that players *can’t* accidentally believe that their model is correct.",
    "translation": "前一个例子中那些显式的调整是由游戏设计师精心布置的，也可以说，整个游戏环境的设计就是为了在玩家心理模型中揭示差距。玩家做出行动，有一些心理预期，游戏呈现真正的结果，给玩家机会发现自己的认知错误。好游戏会确保玩家**不会**偶然地误以为他们的模型是正确的。",
    "stage": 5
  },
  {
    "key": "5",
    "original": "Contra [Most explanatory media make participants run their own feedback loops](https://notes.andymatuschak.org/z6MLXiJ7vmVAxRxhanUJzDcBE6hhhV9oy6Ukc).",
    "translation": "相反，[大多数解释型媒体让参与者运作自己的反馈回路](https://notes.andymatuschak.org/z6MLXiJ7vmVAxRxhanUJzDcBE6hhhV9oy6Ukc)。",
    "stage": 5
  }
]