[
  {
    "key": "0",
    "original": "# Games effectively develop players’ skills",
    "translation": "# 游戏能有效地培养玩家的技能",
    "stage": 9
  },
  {
    "key": "1",
    "original": "[Games effectively develop players’ skills (andymatuschak.org)](https://notes.andymatuschak.org/z2J6v5xtfJaeW5KFF6fNwkHxLWQonxuUA5ndg)",
    "translation": "原文：[Games effectively develop players’ skills (andymatuschak.org)](https://notes.andymatuschak.org/z2J6v5xtfJaeW5KFF6fNwkHxLWQonxuUA5ndg)",
    "stage": 3
  },
  {
    "key": "2",
    "original": "Game designers are some of the best teachers in the world. They create environments which reliably teach complex skills—often without words. And people love the experience, unlike most educational experiences.",
    "translation": "游戏设计师是世界上最好的老师之一。他们创造了可靠地教授复杂技能的环境——通常不需要语言。与大多数教育体验不同，人们喜欢这种体验。",
    "stage": 3
  },
  {
    "key": "3",
    "original": "But beware, “educational game” designers: [Skill development in games is subservient to other intrinsically meaningful purposes](https://notes.andymatuschak.org/zeb2g4GbLPhXGKZavqQ7v7iuqe5B8jGhnFKw)",
    "translation": "但是，「教育游戏」设计者们要注意：[游戏中的技能发展服从于其他有内在意义的目的](https://notes.andymatuschak.org/zeb2g4GbLPhXGKZavqQ7v7iuqe5B8jGhnFKw)",
    "stage": 3
  },
  {
    "key": "4",
    "original": "## Games are participatory",
    "translation": "## 游戏是参与式的",
    "stage": 3
  },
  {
    "key": "5",
    "original": "A game is a [Participatory environment](https://notes.andymatuschak.org/z63gaUtZqb9mMUKRf85UhtEFPMgBBJbqvT2r8); that’s what distinguishes it from television and movies played on the same TV. And [Participatory environments support learning](https://notes.andymatuschak.org/z56HX9kF6fRMoRQfT6VhZN9ehnrrLDAq8FEFP).",
    "translation": "游戏是一种[参与式环境](https://notes.andymatuschak.org/z63gaUtZqb9mMUKRf85UhtEFPMgBBJbqvT2r8)；这就是它区别于在同一台电视机上播放的电视和电影之处。以及[支持学习的参与式环境](https://notes.andymatuschak.org/z56HX9kF6fRMoRQfT6VhZN9ehnrrLDAq8FEFP)。",
    "stage": 3
  },
  {
    "key": "6",
    "original": "## Games are scaffolded",
    "translation": "## 游戏是脚手架",
    "stage": 3
  },
  {
    "key": "7",
    "original": "Game designers carefully deploy [Cognitive scaffolding](https://notes.andymatuschak.org/z8ZWYXFwXV38qiCgRx7zf2ySy9WCxWvcizNVr) to ensure players are building the skills they need to enjoy and master the game.",
    "translation": "游戏设计者精心部署[认知脚手架](https://notes.andymatuschak.org/z8ZWYXFwXV38qiCgRx7zf2ySy9WCxWvcizNVr)，以确保玩家获得享受和掌握游戏所需的技能。",
    "stage": 3
  },
  {
    "key": "8",
    "original": "[Fine-grained task progressions as cognitive scaffolding](https://notes.andymatuschak.org/z2qBbdZidZNjbpdggRbmgeUeVf2H7aCevSYvE): In [Braid](https://notes.andymatuschak.org/z2VMiTLJCUhbtxyWXwBxevCtdzJyoHpptHoH), levels are carefully sequenced and structured to (wordlessly) introduce concepts incrementally. Completing a level often requires a player to demonstrate that he understands something, so making progress in the game *is the same as* coming to understand new things.",
    "translation": "[细粒度的任务进展作为认知脚手架](https://notes.andymatuschak.org/z2qBbdZidZNjbpdggRbmgeUeVf2H7aCevSYvE)：在 [时空幻境（Braid）](https://notes.andymatuschak.org/z2VMiTLJCUhbtxyWXwBxevCtdzJyoHpptHoH) 中，各层次被仔细排序和组织，以（无言地）逐步介绍概念。完成一个级别通常需要玩家证明他理解了一些东西，所以在游戏中取得进步**就等于**开始理解新事物。",
    "stage": 3
  },
  {
    "key": "9",
    "original": "[Constraints as cognitive scaffolding](https://notes.andymatuschak.org/z8DyCwRiC8HT89mMvtBjwcGVs5ucHPHcrScch): In the Witness, it rapidly becomes clear that the only interactive elements are ones which look like a circle connected to a line, and the only possible interaction is tracing a line.",
    "translation": "[约束作为认知脚手架](https://notes.andymatuschak.org/z8DyCwRiC8HT89mMvtBjwcGVs5ucHPHcrScch)：在见证者（Witness）中，很快就清楚了，唯一的互动元素是那些看起来像连接到一条线的圆圈，而唯一可能的互动是画出一条线。",
    "stage": 3
  },
  {
    "key": "10",
    "original": "[Metacognitive supports as cognitive scaffolding](https://notes.andymatuschak.org/z4qFtxPZi21DKoLruHcmsocee1YnZy9JMArb6): Because they’re dynamic media, games are also able to provide dynamic supports for metacognition. In particular, [Games help players evaluate their developing skills](https://notes.andymatuschak.org/z2tZBJUtAasH3bGxHaEpFdP5zjjiWwqDsFxEM) and [Games help players make and adapt plans](https://notes.andymatuschak.org/z7mU6RxxzJ9FZBCcgbYQsv9nExuK3xVm635Ks).",
    "translation": "[元认知支持作为认知脚手架](https://notes.andymatuschak.org/z4qFtxPZi21DKoLruHcmsocee1YnZy9JMArb6)：因为游戏是动态媒介，所以它们也能够为元认知提供动态支持。特别是，[游戏帮助玩家评估他们正在发展的技能](https://notes.andymatuschak.org/z2tZBJUtAasH3bGxHaEpFdP5zjjiWwqDsFxEM)和[游戏帮助玩家制定和调整计划](https://notes.andymatuschak.org/z7mU6RxxzJ9FZBCcgbYQsv9nExuK3xVm635Ks)。",
    "stage": 3
  },
  {
    "key": "11",
    "original": "## Games are full of enacted experiences",
    "translation": "## 游戏充满了情景体验",
    "stage": 3
  },
  {
    "key": "12",
    "original": "A game is an [Enacted experience](https://notes.andymatuschak.org/z3KASfpz5AmNmqM2m517Jbs1EvXrLN7NkeYWH), so in games like [Braid](https://notes.andymatuschak.org/z2VMiTLJCUhbtxyWXwBxevCtdzJyoHpptHoH) (unlike in a naive [Educational game](https://notes.andymatuschak.org/z5YBATDEy9pSqzTgNhH6MhGqgkG8mAF7QTLK5)), players don’t feel that they are being “taught.” Emotionally, their experience is that they’re constructing their own understanding, which can be intensely satisfying; see also [Enacted experiences can create intense personal connection to authored targets](https://notes.andymatuschak.org/z6rE2jCvARneUxogtFCTMafzJvYEKWFgb51c2).",
    "translation": "游戏是一种[情景体验](https://notes.andymatuschak.org/z3KASfpz5AmNmqM2m517Jbs1EvXrLN7NkeYWH)，所以在 [Braid](https://notes.andymatuschak.org/z2VMiTLJCUhbtxyWXwBxevCtdzJyoHpptHoH) 这样的游戏中（不像在幼稚的[教育游戏](https://notes.andymatuschak.org/z5YBATDEy9pSqzTgNhH6MhGqgkG8mAF7QTLK5)中），玩家感觉不到他们正在被「教导」。在情感上，他们的体验是他们正在构建自己的理解，这可能是非常令人满意的。另请参阅[情景体验可以创造出与作者目标的强烈个人联系](https://notes.andymatuschak.org/z6rE2jCvARneUxogtFCTMafzJvYEKWFgb51c2)。",
    "stage": 3
  },
  {
    "key": "13",
    "original": "See also [Educational games try to teach through enacted experiences](https://notes.andymatuschak.org/z5xCoFBNqoFjNHsWcsP4GbSPKqAG3dNzR6SXC).",
    "translation": "另见[教育游戏试图通过情景体验进行教学](https://notes.andymatuschak.org/z5xCoFBNqoFjNHsWcsP4GbSPKqAG3dNzR6SXC)。",
    "stage": 3
  }
]