[
  {
    "key": "0",
    "original": "# Get curious",
    "translation": "# 变得好奇",
    "stage": 9
  },
  {
    "key": "1",
    "original": "[Get curious (andymatuschak.org)](https://notes.andymatuschak.org/zKvtqpdyujNByokN4fSahKrgNgXxCAWD5gRv)",
    "translation": "原文：[Get curious (andymatuschak.org)](https://notes.andymatuschak.org/zKvtqpdyujNByokN4fSahKrgNgXxCAWD5gRv)",
    "stage": 5
  },
  {
    "key": "2",
    "original": "An exhortation. When I find myself lost in tiny details, focused on execution over wondering and big-picture questions, I try to remind myself to *get curious.* My default mode, having spent so many years as a technologist, is to focus on *tasks,* on *doing,* on *accomplishing.* That’s often necessary to meaningful intellectual creative work, but it’s certainly not sufficient. Too much doing-focus will crowd out the expansive mindset which generates new insights. [It’s hard to hear yourself think](https://notes.andymatuschak.org/z3ruCqbkUjU7U8MD5gaMjzmJV4GuENJ3ie1LP).",
    "translation": "一个忠告。当我发现我迷失于微小的细节，专注于执行而不是思考迷人且宏观的问题，我会试着提醒自己「变得好奇」。在做了这么多年的技术专家之后，我的默认模式是专注于「任务」、「做事」、「实现」。这当然对有意义的智力创造工作是必须的，但这也无疑是不足的。对行为过于专注会挤占诞生洞见的开放心态。[听见自己的想法很难](https://notes.andymatuschak.org/z3ruCqbkUjU7U8MD5gaMjzmJV4GuENJ3ie1LP)。",
    "stage": 5
  },
  {
    "key": "3",
    "original": "For example, when writing about how to formulate spaced repetition prompts to represent list-like knowledge, I noticed that I was working in a fairly dull-minded, execution-oriented fashion. The work felt lifeless. I realized that there are lots of open questions in what I was writing about, and reframed my work from “write down what I know fluently about this topic” to “try to answer: how is list-like knowledge learned, cognitively speaking? how *should* that type of knowledge be developed via spaced repetition systems?” I experienced a “flip” like the classic vase/face swap, and suddenly the work felt vital again: I was curious about the answers to those questions, and I pushed my understanding of the topic forward.",
    "translation": "例如，当我在写如何表述清单类知识的间隔重复卡片时，我注意到我的思维相当迟钝，为了做而做。这项工作毫无生气。我意识到我正在写的内容中有大量开放问题，所以我将工作从原先的「流利地写下我对这个主题的了解」模式切换到「尝试回答：从认知角度来说，如何学习清单类知识？这种类型的知识应该 **如何** 在间隔重复中呈现？」我经历了一次抛硬币式的切换，并瞬间感到这项工作变得充满活力：我十分好奇这些问题的答案，并且加深了我对这个主题的理解。",
    "stage": 3
  },
  {
    "key": "4",
    "original": "Related:",
    "translation": "相关笔记：",
    "stage": 5
  },
  {
    "key": "5",
    "original": "- [Fixation on outcome in creative work is often self-defeating](https://notes.andymatuschak.org/zWhZZuWVtFXsPNL8Ph3po7R8BEDztTSsN1X)",
    "translation": "- [在创造性工作中执着于产出往往弄巧成拙](https://notes.andymatuschak.org/zWhZZuWVtFXsPNL8Ph3po7R8BEDztTSsN1X)",
    "stage": 5
  },
  {
    "key": "6",
    "original": "- [Research as Understanding - Kanjun Qiu](https://notes.andymatuschak.org/zWJKM8bUDs74L6neciZJUFtYtcxehW37CXc)",
    "translation": "- [Research as Understanding - Kanjun Qiu](https://notes.andymatuschak.org/zWJKM8bUDs74L6neciZJUFtYtcxehW37CXc)",
    "stage": 5
  },
  {
    "key": "7",
    "original": "  > That rote process of science we’re taught in school—to start with a question, generate hypotheses, test with experiments, draw conclusions—it’s a good tool, but it doesn’t capture the most important element: {actually wanting to know the answer to the question}!",
    "translation": "> 学校教给我们的那种死记硬背的科学过程——从一个问题开始，产生假设，用实验测试，得出结论——是一个很好的工具，但它没有抓住最重要的元素：{真的想知道问题的答案}！",
    "stage": 3
  },
  {
    "key": "8",
    "original": "- [Focused software development work is self-abnegating](https://notes.andymatuschak.org/z5XqtTcnfBVUBRVFjxY2S1MqAAJDpE2ffyuZZ)",
    "translation": "- [专注的软件开发工作是自我否定的](https://notes.andymatuschak.org/z5XqtTcnfBVUBRVFjxY2S1MqAAJDpE2ffyuZZ)",
    "stage": 5
  }
]