[
  {
    "key": "0",
    "original": "# Get bored",
    "translation": "# 变得无聊",
    "stage": 9
  },
  {
    "key": "1",
    "original": "[Get bored (andymatuschak.org)](https://notes.andymatuschak.org/zrQz6Eqcnrf3QqEf4A92J5bMSwED9KtMZje)",
    "translation": "原文：[Get bored (andymatuschak.org)](https://notes.andymatuschak.org/zrQz6Eqcnrf3QqEf4A92J5bMSwED9KtMZje)",
    "stage": 5
  },
  {
    "key": "2",
    "original": "It’s extremely tempting to fill spare moments with activity: books, tasks, web browsing, chat. [Culturally default behaviors fill spare time with others’ ideas](https://notes.andymatuschak.org/zDoZS3Wt316napbdaBGU8C8WLVuyPeAu5Bi); to make space for my own, I have to get comfortable with “empty” time. I find I often have to get bored before I can [Get curious](https://notes.andymatuschak.org/zKvtqpdyujNByokN4fSahKrgNgXxCAWD5gRv).",
    "translation": "用活动填补空闲时间诱人至极：阅读书籍，执行任务，网络冲浪，即时聊天。[用别人的想法填补空闲时间是文化上默认的行为](https://notes.andymatuschak.org/zDoZS3Wt316napbdaBGU8C8WLVuyPeAu5Bi)；为了给自己腾出空间，我必须适应“空虚”的时间。我发现我经常在能[变得好奇](https://notes.andymatuschak.org/zKvtqpdyujNByokN4fSahKrgNgXxCAWD5gRv)之前不得不先变得无聊。",
    "stage": 3
  },
  {
    "key": "3",
    "original": "So the exhortation is: when you find yourself bored, stay with that feeling instead of immediately reaching for a book or other activity.",
    "translation": "所以我的忠告是：当你觉得无聊时，保持这种感觉，而不是立即伸手去看书或做其他活动。",
    "stage": 5
  },
  {
    "key": "4",
    "original": "Related: [A rigid fixation on “focus” can harm creative work](https://notes.andymatuschak.org/z8BENejnm5iyqRUodaqyScehdgnuu9b1vn669)",
    "translation": "相关笔记：[拘泥于「专注」会损害创造性工作](https://notes.andymatuschak.org/z8BENejnm5iyqRUodaqyScehdgnuu9b1vn669)",
    "stage": 5
  }
]