[
  {
    "key": "0",
    "original": "# Inappropriate time pressures often harm creative work",
    "translation": "# 不适的时间压力往往会毁掉创造性工作",
    "stage": 1
  },
  {
    "key": "1",
    "original": "[Inappropriate time pressures often harm creative work (andymatuschak.org)](https://notes.andymatuschak.org/zv3oHi3CgUz3yjrKceuSznBQXYQeEWVW7KW)",
    "translation": "原文：[Inappropriate time pressures often harm creative work (andymatuschak.org)](https://notes.andymatuschak.org/zv3oHi3CgUz3yjrKceuSznBQXYQeEWVW7KW)",
    "stage": 3
  },
  {
    "key": "2",
    "original": "[Constraints often breed creativity](https://notes.andymatuschak.org/zfsf2tFq4u5TuCgCMyWgFhwrTSMofHby1ae), but not when the nature of the constraint is simply incompatible with the work at hand. For instance, when you’re not what direction to head next in a design, “Crazy Eights” can help: fold a piece of paper into eight parts, then spend one minute sketching an idea into each part. Great! If you’ve got momentum on a project, setting a timeline can help you make better trade-offs, satisfice into “done”, and sometimes even focus. But if you’re trying to finish up a major creative project before some deadline, and you find yourself in a state that’s incompatible with the deadline, then that time pressure isn’t going to provide helpful focus: it’s going to make you feel like a failure ([Scarcity mindset](https://notes.andymatuschak.org/znutNAv4ejW7nWwtzCnXQfAbbK8jS8DeAC3)) and make the work even worse.",
    "translation": "[约束往往会带来创造力](https://notes.andymatuschak.org/zfsf2tFq4u5TuCgCMyWgFhwrTSMofHby1ae)，但是，当约束的性质与手头的工作完全不兼容时，就另当别论了。例如, when you’re not what direction to head next in a design, “Crazy Eights” can help: fold a piece of paper into eight parts, then spend one minute sketching an idea into each part. Great! If you’ve got momentum on a project, setting a timeline can help you make better trade-offs, satisfice into “done”, and sometimes even focus. But if you’re trying to finish up a major creative project before some deadline, and you find yourself in a state that’s incompatible with the deadline, then that time pressure isn’t going to provide helpful focus: it’s going to make you feel like a failure ([Scarcity mindset](https://notes.andymatuschak.org/znutNAv4ejW7nWwtzCnXQfAbbK8jS8DeAC3)) and make the work even worse.",
    "stage": 1
  },
  {
    "key": "3",
    "original": "This is a special case of [Fixation on outcome in creative work is often self-defeating](https://notes.andymatuschak.org/zWhZZuWVtFXsPNL8Ph3po7R8BEDztTSsN1X). Also related: [Deep research requires a slower pace than tech industry work](https://notes.andymatuschak.org/zhY2FQgMFwzqH7FKB8bnMvNGng9jmKtYshbu).",
    "translation": "这是[在创造性工作中执着于产出往往弄巧成拙](https://notes.andymatuschak.org/zWhZZuWVtFXsPNL8Ph3po7R8BEDztTSsN1X)的特例。另一个也相关的笔记：[深度研究需要比科技行业更慢的节奏](https://notes.andymatuschak.org/zhY2FQgMFwzqH7FKB8bnMvNGng9jmKtYshbu)",
    "stage": 1
  },
  {
    "key": "4",
    "original": "## Stats book story",
    "translation": "## 统计书的故事",
    "stage": 1
  },
  {
    "key": "5",
    "original": "Here’s a concrete story from my experience. I was in the middle of producing a big demo video of a new design. I’d previously set myself the goal of finishing the video by the end of the month. At the start of the week, I sketched out what I’d need to do to make that happen. It looked just barely possible, but everything needed to go perfectly all week to make it happen.",
    "translation": "这里有一个有关我的经历的实打实的呃故事。我正在制造一个有关新设计的大型演示视频的途中。 I’d previously set myself the goal of finishing the video by the end of the month. At the start of the week, I sketched out what I’d need to do to make that happen. It looked just barely possible, but everything needed to go perfectly all week to make it happen.",
    "stage": 1
  },
  {
    "key": "6",
    "original": "On Tuesday morning of that final week, I ran aground on a stats textbook I was trying to adapt for the video. The sections I’d previously prepared wouldn’t work with the script after all; I needed to use a later chapter. So I flipped to the later chapter and started looking for a passage I could adapt. This is where the trouble started. Because I was in a hurry, I wasn’t really *reading* the textbook; I was just pattern matching for something that would solve my problem. I didn’t give myself enough time to really understand what was being said, so nothing seemed to match. I’d get harried and flip to the next section, which I’d understand even less well. But I didn’t really understand that this was what was happening—I thought I just needed to keep searching for the right spot. After somehow burning 90 minutes of flailing without any real progress, I finally realized that I needed to stop and actually read the textbook. I did that, and after 30 minutes I had what I needed.",
    "translation": "在最后一周的周二晚上，我逐渐熟练读完了该统计读本，我试图去适应该视频。The sections I’d previously prepared wouldn’t work with the script after all; I needed to use a later chapter. So I flipped to the later chapter and started looking for a passage I could adapt. This is where the trouble started. Because I was in a hurry, I wasn’t really *reading* the textbook; I was just pattern matching for something that would solve my problem. I didn’t give myself enough time to really understand what was being said, so nothing seemed to match. I’d get harried and flip to the next section, which I’d understand even less well. But I didn’t really understand that this was what was happening—I thought I just needed to keep searching for the right spot. After somehow burning 90 minutes of flailing without any real progress, I finally realized that I needed to stop and actually read the textbook. I did that, and after 30 minutes I had what I needed.",
    "stage": 1
  },
  {
    "key": "7",
    "original": "So the initial moral of the story is something like: OK, slow down, use the correct approach, or else you’ll waste even more time flailing. But the more important moral, I think, is that I was stressed and unhappy during that whole period—including when I finally did stop to read carefully! That’s because I was still operating under the mindset of trying to finish everything before a super tight deadline. My [Timekeeper](https://notes.andymatuschak.org/z23CNTLfky3W29Za785v2tnASVogtczGW77x) ruled my emotional world. In this mindset, every setback becomes a threat—a problem to be solved, not an impetus to [Get curious](https://notes.andymatuschak.org/zKvtqpdyujNByokN4fSahKrgNgXxCAWD5gRv). And it’s very hard to [Get playful](https://notes.andymatuschak.org/ziHJKnDvMUWnBBpTEsVg3iVNxKrCieEUaEr). Not only is this unpleasant, but it’s not a regime where I’ll do the kind of work I want to.",
    "translation": "所以，这个故事直接看来大概传递了这个道理：好吧，慢下来，要用正确的方法做事，乱打乱撞会浪费更多的时间。但我认为更重要的是，我在那整个时期都感到压力重重，不快乐——即使我最后真的停下来且仔细阅读！这是因为，我那时仍想着要在逼近的截止日期前完成所有事情。我脑袋中的[守时者](https://notes.andymatuschak.org/z23CNTLfky3W29Za785v2tnASVogtczGW77x)主导着我的情绪。在这种心态下，每个挫折都变成了一种威胁——一个需要解决的问题，而非[激发好奇心](https://notes.andymatuschak.org/zKvtqpdyujNByokN4fSahKrgNgXxCAWD5gRv)的动力，而且很难[变得轻松愉快](https://notes.andymatuschak.org/ziHJKnDvMUWnBBpTEsVg3iVNxKrCieEUaEr)。这不仅令人不悦，而且也不能成为我做我喜爱的事的方式。",
    "stage": 1
  },
  {
    "key": "8",
    "original": "At mid-day I took a walk, and I was still feeling tense about the morning work block. Then I laughed at myself as I suddenly realized that my unhappy experience was utterly self-inflicted, and utterly unnecessary. I said to myself “you know, it’s okay to publish this demo *next* week—that’s clearly what’s going to happen anyway, whether you like it or not”, and all the tension immediately dropped away. [Sense of abundance](https://notes.andymatuschak.org/zRCKm3mveX2C2LVCSZEGuSphQNmW5zGd2Rc). Funnier yet: objectively speaking, if I look at my output on days when I’m not holding myself to strong time pressure, I still get roughly as much done! A little less, yes; and sometimes I fall into rabbit holes I’d have avoided with a clear deadline. But I’m much more likely to trip on important insights on those days without time pressure. And insight density, not output density, is the most important metric for my work.",
    "translation": "中午的时候，我出去散了步，但仍然对早上的那段工作感到紧张。突然之间，我意识到我不快乐的经历完全是自己造成的，根本没有必要，我笑了起来。我对自己说：“你知道的，*下周*发布这个演示没什么关系——无论你是否喜欢，这显然就是将要发生的事情”，于是，所有的紧张感立刻消失了。取而代之的是[丰盈感](https://notes.andymatuschak.org/zRCKm3mveX2C2LVCSZEGuSphQNmW5zGd2Rc)。更有趣的是：客观地看，在我没有给自己施加强烈的时间压力的那段时间，我完成的工作量和现在差不多！是，也许会稍微少一点；而且有时我会陷入困境，这种困境在有明确的截止日期时便可以避免。但没有时间压力时，我更可能偶然产生重要的深刻见解。对于我的工作而言，深刻见解而非工作量的产出密度是最重要的衡量标准。",
    "stage": 1
  },
  {
    "key": "9",
    "original": "Q. Recall the parable of trying to adapt the stats textbook under a tight deadline. What did you realize on your afternoon walk?",
    "translation": "",
    "stage": 0
  },
  {
    "key": "10",
    "original": "A. … (see note if necessary)",
    "translation": "",
    "stage": 0
  }
]