[
  {
    "key": "0",
    "original": "# Indexed references vs. tags",
    "translation": "# 索引参考 vs. 标签",
    "stage": 9
  },
  {
    "key": "1",
    "original": "[Indexed references vs. tags (andymatuschak.org)](https://notes.andymatuschak.org/z6ztEgzqZichYTJgabhYQLn4UY4FbC1JMH394)",
    "translation": "原文：[Indexed references vs. tags (andymatuschak.org)](https://notes.andymatuschak.org/z6ztEgzqZichYTJgabhYQLn4UY4FbC1JMH394)",
    "stage": 5
  },
  {
    "key": "2",
    "original": "Tagging is common in contemporary information systems, but [Tags are an ineffective association structure](https://notes.andymatuschak.org/z3MzhvmesiD2htMaEFQJif7gJgyaHAQvKH49Z). One more effective historical antecedent is the *index* in publishing.",
    "translation": "标签在当代信息系统中很常见，但[标签是一种无效的关联结构](https://notes.andymatuschak.org/z3MzhvmesiD2htMaEFQJif7gJgyaHAQvKH49Z)。一个更有效的历史先例是出版业中的*索引*。",
    "stage": 3
  },
  {
    "key": "3",
    "original": "Indexes don’t strive to include *every* relevant page number for a given term; instead, it includes a handful of top references. By contrast, the listing of items with a particular tag often becomes quite unwieldy.",
    "translation": "索引并不力求记录包含某一特定术语的**所有**相关页面；相反，它只记录少数几个最重要的页面在第几页。相比之下，带有特定标签的页面列表往往变得相当臃肿。",
    "stage": 5
  },
  {
    "key": "4",
    "original": "Indexes can also include other editorial content. For instance, an entry might note “See also: …”",
    "translation": "索引也可以包括其他编辑备注。例如，一个条目可能会注明「另见：......」",
    "stage": 5
  },
  {
    "key": "5",
    "original": "Both index entries and sophisticated tagging systems can be hierarchical.",
    "translation": "索引条目和复杂的标签系统都可以是分层的。",
    "stage": 5
  },
  {
    "key": "6",
    "original": "## In Zettelkasten",
    "translation": "## 在卡片盒笔记系统中",
    "stage": 5
  },
  {
    "key": "7",
    "original": "Luhmann kept his index cards tightly curated. They were meant mostly as a jumping-off point: the inter-note associations are more important.",
    "translation": "卢曼把他的索引卡严密地整理起来。这里索引主要是作为跳板使用：笔记间的关联更为重要。",
    "stage": 5
  },
  {
    "key": "8",
    "original": "[How should note tagging practices change with ranked link visualization?](https://notes.andymatuschak.org/z6sneASDP9aEWzMRyreUk8ZDL1doujXWJerS3)",
    "translation": "[随着链接排名的可视化，注释标签的做法应如何改变？](https://notes.andymatuschak.org/z6sneASDP9aEWzMRyreUk8ZDL1doujXWJerS3)",
    "stage": 5
  },
  {
    "key": "9",
    "original": "------",
    "translation": "------",
    "stage": 5
  },
  {
    "key": "10",
    "original": "## References",
    "translation": "## 参考文献",
    "stage": 5
  },
  {
    "key": "11",
    "original": "Ahrens, S. (2017). *How to Take Smart Notes: One Simple Technique to Boost Writing, Learning and Thinking – for Students, Academics and Nonfiction Book Writers*.",
    "translation": "Ahrens, S. (2017). *How to Take Smart Notes: One Simple Technique to Boost Writing, Learning and Thinking – for Students, Academics and Nonfiction Book Writers*.",
    "stage": 5
  },
  {
    "key": "12",
    "original": "> In the Zettelkasten, keywords can easily be added to a note like tags and will then show up in the index. They should be chosen carefully and sparsely. Luhmann would add the number of one or two (rarely more) notes next to a keyword in the index (Schmidt 2013, 171).",
    "translation": "> 在卡片盒笔记系统中，关键词可以像标签一样很容易地被添加到笔记中，然后显示在索引中。它们应该被小心翼翼地选择，而且要稀少。卢曼会在索引中的关键词旁边添加一个或两个（很少添加更多）笔记的编号（Schmidt 2013, 171）。",
    "stage": 5
  },
  {
    "key": "13",
    "original": "> Because it should not be used as an archive, where we just take out what we put in, but as a system to think with, the references between the notes are much more important than the references from the index to a single note.",
    "translation": "> 因为它不应该被用作归档——归档的话我们只是把我们放进去的东西拿出来——而是作为一个系统来思考，笔记之间的引用比从索引到单个笔记的引用重要得多。",
    "stage": 5
  },
  {
    "key": "14",
    "original": "[The Difference Between Good and Bad Tags • Zettelkasten Method](https://zettelkasten.de/posts/object-tags-vs-topic-tags/)",
    "translation": "[好标签和坏标签的区别 • 卡片盒笔记系统](https://zettelkasten.de/posts/object-tags-vs-topic-tags/)",
    "stage": 5
  },
  {
    "key": "15",
    "original": "> Only tags that are specific to the objects I use and mention in a note are worthy: To take precise actions over a long distance I need a sniper rifle and not a shotgun.",
    "translation": "> 只有针对于我所使用的对象和在笔记中提到的标签才是有价值的：为了在远距离上采取精确的行动，我需要一把狙击步枪而不是霰弹枪。",
    "stage": 5
  },
  {
    "key": "16",
    "original": ">",
    "translation": ">",
    "stage": 5
  },
  {
    "key": "17",
    "original": "> Searching on a topic in your archive is like firing a shotgun into the woods and hoping that there will be food on the table somehow. I need a sniper rifle, night vision goggles, and infrared satellite pictures as if I have cheated the hell out of Counter-Strike. (I never did by the way.) There is some sneaky, precious game out there.",
    "translation": "> 当你在你的档案库中搜索一个主题（topic）就像猎枪把子弹射进树林，于是开始希望能收获过会放在餐桌上的食物。我需要一把狙击步枪，夜视镜，和红外线卫星图片，就像我在反恐精英中作弊一样。（顺便说一下，我从来没有做过。）那里有一些偷偷摸摸的、珍贵的游戏。",
    "stage": 5
  }
]