[
  {
    "key": "0",
    "original": "# It’s hard to hear yourself think",
    "translation": "# 倾听自己的想法很难",
    "stage": 9
  },
  {
    "key": "1",
    "original": "[It’s hard to hear yourself think (andymatuschak.org)](https://notes.andymatuschak.org/z3ruCqbkUjU7U8MD5gaMjzmJV4GuENJ3ie1LP)",
    "translation": "原文：[It’s hard to hear yourself think (andymatuschak.org)](https://notes.andymatuschak.org/z3ruCqbkUjU7U8MD5gaMjzmJV4GuENJ3ie1LP)",
    "stage": 5
  },
  {
    "key": "2",
    "original": "Some related notes:",
    "translation": "一些相关的笔记：",
    "stage": 5
  },
  {
    "key": "3",
    "original": "- [Original thought requires solitude](https://notes.andymatuschak.org/zx7FC6fx77bMkBj26dRPy7BRbYFrj8Lehed)",
    "translation": "- [原创思想需要独自沉思](https://notes.andymatuschak.org/zx7FC6fx77bMkBj26dRPy7BRbYFrj8Lehed)",
    "stage": 5
  },
  {
    "key": "4",
    "original": "- [Culturally default behaviors fill spare time with others’ ideas](https://notes.andymatuschak.org/zDoZS3Wt316napbdaBGU8C8WLVuyPeAu5Bi)",
    "translation": "- [用别人的想法填满闲暇时间是一种文化习惯](https://notes.andymatuschak.org/zDoZS3Wt316napbdaBGU8C8WLVuyPeAu5Bi)",
    "stage": 3
  },
  {
    "key": "5",
    "original": "  - [People prefer doing to thinking](https://notes.andymatuschak.org/zMHvnEVNVQyuU8Uhf4Wij7HnsCD3GgKpAds)",
    "translation": "  - [人们更喜欢行动而不是思考](https://notes.andymatuschak.org/zMHvnEVNVQyuU8Uhf4Wij7HnsCD3GgKpAds)",
    "stage": 3
  },
  {
    "key": "6",
    "original": "  - [Many people find difficult creative work mostly unpleasant in the moment](https://notes.andymatuschak.org/z2M8gwu3M7qT49TG48bMxH1Ww1yoFmtEYMvt)",
    "translation": "  - [许多人觉得困难的创造性工作在当下大多是不愉快的](https://notes.andymatuschak.org/z2M8gwu3M7qT49TG48bMxH1Ww1yoFmtEYMvt)",
    "stage": 5
  },
  {
    "key": "7",
    "original": "- [Conversation with others often emphasizes the most well-understood elements of an idea](https://notes.andymatuschak.org/z2XJiXXqRZX7vvTwTDi6x5c1umxancqrCg4y)",
    "translation": "- [与他人交流时，我们往往只强调对某个想法最为了解的部分](https://notes.andymatuschak.org/z2XJiXXqRZX7vvTwTDi6x5c1umxancqrCg4y)",
    "stage": 5
  },
  {
    "key": "8",
    "original": "- [Writing forces sharper understanding](https://notes.andymatuschak.org/z8q1K5a8i95qARkpFwS45qqtQzM8th82TkeUg)",
    "translation": "- [写作促使人们更加深入地理解](https://notes.andymatuschak.org/z8q1K5a8i95qARkpFwS45qqtQzM8th82TkeUg)",
    "stage": 5
  },
  {
    "key": "9",
    "original": "  - [Do your own thinking](https://notes.andymatuschak.org/z4enRPbLXdD8X8hCfVjaRkcGkronvhcfrgSQw)",
    "translation": "  - [自主思考](https://notes.andymatuschak.org/z4enRPbLXdD8X8hCfVjaRkcGkronvhcfrgSQw)",
    "stage": 5
  },
  {
    "key": "10",
    "original": "  - [Literature notes are secondary and separate](https://notes.andymatuschak.org/z2Eg5jPPg8nBJWLGqJwNo5d15TAoEAXamYV7n)",
    "translation": "  - [文献笔记是次要的和分离的](https://notes.andymatuschak.org/z2Eg5jPPg8nBJWLGqJwNo5d15TAoEAXamYV7n)",
    "stage": 5
  },
  {
    "key": "11",
    "original": "- [Deep research requires a slower pace than tech industry work](https://notes.andymatuschak.org/zhY2FQgMFwzqH7FKB8bnMvNGng9jmKtYshbu)",
    "translation": "- [深度研究需要比技术行业具备更慢的节奏](https://notes.andymatuschak.org/zhY2FQgMFwzqH7FKB8bnMvNGng9jmKtYshbu)",
    "stage": 5
  },
  {
    "key": "12",
    "original": "Exhortations which help: [Get curious](https://notes.andymatuschak.org/zKvtqpdyujNByokN4fSahKrgNgXxCAWD5gRv); [Get bored](https://notes.andymatuschak.org/zrQz6Eqcnrf3QqEf4A92J5bMSwED9KtMZje); [Get playful](https://notes.andymatuschak.org/ziHJKnDvMUWnBBpTEsVg3iVNxKrCieEUaEr)",
    "translation": "有用的忠告：[变得好奇](https://notes.andymatuschak.org/zKvtqpdyujNByokN4fSahKrgNgXxCAWD5gRv)；[变得无聊](https://notes.andymatuschak.org/zrQz6Eqcnrf3QqEf4A92J5bMSwED9KtMZje)；[变得爱玩](https://notes.andymatuschak.org/ziHJKnDvMUWnBBpTEsVg3iVNxKrCieEUaEr)",
    "stage": 5
  },
  {
    "key": "13",
    "original": "## Partial list of practices meant to produce deliberateness, receptivity",
    "translation": "## 助益审慎思考与开放思维的不完全清单",
    "stage": 5
  },
  {
    "key": "14",
    "original": "- Wi-Fi defaults to off in the morning",
    "translation": "- 在早晨默认关闭 Wi-Fi",
    "stage": 5
  },
  {
    "key": "15",
    "original": "- Consistency in [My daily routine](https://notes.andymatuschak.org/z3x7AvJgYzmgEY4kcKdSY2aYxdqWYpTyPqRs8)",
    "translation": "- 在[我的日程安排](https://notes.andymatuschak.org/z3x7AvJgYzmgEY4kcKdSY2aYxdqWYpTyPqRs8)中保持一致性",
    "stage": 5
  },
  {
    "key": "16",
    "original": "- Reminding myself that [The high-order bit for my productivity is whether I complete a deeply-focused morning creative block](https://notes.andymatuschak.org/zR9LxW1N893EXwQ3Fma1Gz4xPa1tF2Zd6zZ), recording/tracking whether that happens",
    "translation": "- 提醒自己[我的生产力的关键是，我需要在早上完成高度专注的创造活动](https://notes.andymatuschak.org/zR9LxW1N893EXwQ3Fma1Gz4xPa1tF2Zd6zZ)，记录/跟踪是否发生这种情况。",
    "stage": 5
  },
  {
    "key": "17",
    "original": "- Meditation first thing in the morning",
    "translation": "- 清晨第一件事是冥想",
    "stage": 5
  },
  {
    "key": "18",
    "original": "- Simple, familiar background music",
    "translation": "- 简单、熟悉的背景音乐",
    "stage": 5
  },
  {
    "key": "19",
    "original": "- Lots of long walks, usually without audiobooks or podcasts",
    "translation": "- 大量长距离散步，一般不听有声读物或播客",
    "stage": 5
  },
  {
    "key": "20",
    "original": "- My notes contain mostly my own words ([Literature notes are secondary and separate](https://notes.andymatuschak.org/z2Eg5jPPg8nBJWLGqJwNo5d15TAoEAXamYV7n))",
    "translation": "- 我的笔记主要包含我自己的文字（[文献笔记是次要并分离的](https://notes.andymatuschak.org/z2Eg5jPPg8nBJWLGqJwNo5d15TAoEAXamYV7n)）",
    "stage": 5
  },
  {
    "key": "21",
    "original": "- Weekly, monthly, quarterly, annual reflection and planning exercises",
    "translation": "- 每周、每月、每季、每年的反思和规划工作",
    "stage": 5
  },
  {
    "key": "22",
    "original": "- Forest.app running on my phone while I work",
    "translation": "- 当我工作时，Forest.app（专注森林）在我的手机上运行。",
    "stage": 5
  },
  {
    "key": "23",
    "original": "- Twitter, Mail, etc are not installed on my phone",
    "translation": "- 我的手机上没有安装推特、邮箱等软件",
    "stage": 5
  },
  {
    "key": "24",
    "original": "- Focus.app runs from 7AM to 5PM, blocking Mail, the Twitter timeline, distracting web sites, etc",
    "translation": "- Focus.app 从早上 7 点到下午 5 点运行，阻止邮件、Twitter 时间线、分散注意力的网站，等等。",
    "stage": 5
  },
  {
    "key": "25",
    "original": "  - I’m not sure this is a great practice: [A rigid fixation on “focus” can harm creative work](https://notes.andymatuschak.org/z8BENejnm5iyqRUodaqyScehdgnuu9b1vn669). The block ends in the evenings, so I tend to do my meandering then, but I don’t know if that’s too rigid.",
    "translation": "  - 我不确定这是不是一个好的做法：[拘泥于「专注」会损害创造性工作](https://notes.andymatuschak.org/z8BENejnm5iyqRUodaqyScehdgnuu9b1vn669)。工作时间块在晚上结束，所以我倾向于在那时做我的漫游，但我不知道这是否太僵硬。",
    "stage": 5
  },
  {
    "key": "26",
    "original": "- Answer email in batches, usually in the evening or when feeling low-energy",
    "translation": "- 通常在晚上或感觉精力不足时分批回复邮件",
    "stage": 5
  },
  {
    "key": "27",
    "original": "- Usually accept at most one meeting per day, at 5PM, to keep daytime calendar totally open",
    "translation": "- 通常每天最多在下午五点接受一次会议，以保持白天日程完全开放",
    "stage": 5
  },
  {
    "key": "28",
    "original": "------",
    "translation": "------",
    "stage": 5
  },
  {
    "key": "29",
    "original": "[Deresiewicz, W. (2010, March 1). Solitude and Leadership. The American Scholar.](https://notes.andymatuschak.org/z2Y4z7zQds4otEhLPcoaDY25eVR7PZBoQA5Q)",
    "translation": "[Deresiewicz, W. (2010, March 1). Solitude and Leadership. The American Scholar.](https://notes.andymatuschak.org/z2Y4z7zQds4otEhLPcoaDY25eVR7PZBoQA5Q)",
    "stage": 5
  },
  {
    "key": "30",
    "original": "> I find for myself that my first thought is never my best thought. My first thought is always someone else’s; it’s always what I’ve already heard about the subject, always the conventional wisdom. It’s only by concentrating, sticking to the question, being patient, letting all the parts of my mind come into play, that I arrive at an original idea. By giving my brain a chance to make associations, draw connections, take me by surprise. And often even that idea doesn’t turn out to be very good. I need time to think about it, too, to make mistakes and recognize them, to make false starts and correct them, to outlast my impulses, to defeat my desire to declare the job done and move on to the next thing.",
    "translation": "> 我自己发现，我的第一个想法从来不是我最好的想法。我的第一个想法总是别人的；它一般是我已经听说过的关于这个主题的某些东西，往往是些传统的智慧。只有通过集中精力，坚持挖掘疑问，耐心等待，调动我全部的头脑，我才能得出一个原创的想法。通过给我的大脑一个机会来进行联想，它才会建立联系并给我一个惊喜。而且，即使这个想法结果并没有变得特别好，我也需要时间去思考，去犯错误并认识到它们，去产生错误的开始并纠正它们，去超越我的冲动，去打败我「宣布工作完成」并转到做下一件事的欲望。",
    "stage": 5
  },
  {
    "key": "31",
    "original": "[Wanting - Luke Burgis](https://notes.andymatuschak.org/z4EX4vWeTcxgfaTEpB2cMqD6kW7Mp1cKJNfKt)",
    "translation": "[Wanting - Luke Burgis](https://notes.andymatuschak.org/z4EX4vWeTcxgfaTEpB2cMqD6kW7Mp1cKJNfKt)",
    "stage": 5
  },
  {
    "key": "32",
    "original": "> The prolific letter-writer and Trappist monk Thomas Merton noticed this was happening to him during his college years at Columbia University. Later in life, he wrote: “The true inner self must be drawn up like a jewel from the bottom of the sea, rescued from confusion, from indistinction, from immersion in the common, the nondescript, the trivial, the sordid, the evanescent.”",
    "translation": "> 多产的信笔者和特拉普派僧侣 Thomas Merton 在哥伦比亚大学的大学时代注意到这种情况发生在他身上。在生命的后期，他写道：「真正的内在自我必须像宝石一样从海底被拉上来，从混乱中被拯救出来，从不被区分出来，从浸泡在普通的、不显眼的、琐碎的、肮脏的、虚无缥缈的事物中被拯救出来。」",
    "stage": 3
  },
  {
    "key": "33",
    "original": "> Thick desires are like diamonds that have been formed deep beneath the surface, nearer to the core of the Earth. Thick desires are protected from the volatility of changing circumstances in our lives. Thin desires, on the other hand, are highly mimetic, contagious, and often shallow.",
    "translation": "> 厚重的欲望就像在地表下深处形成的钻石，更接近于地心。厚重的欲望受到保护，不受我们生活中不断变化的环境的波动影响。另一方面，稀薄的欲望是高度模仿性的，具有传染性，而且往往是浅薄的。",
    "stage": 5
  }
]