[
  {
    "key": "0",
    "original": "# Leaps of insight emerge from prior thought",
    "translation": "# 卓越洞见从既往的所思所想中涌现",
    "stage": 9
  },
  {
    "key": "1",
    "original": "[Leaps of insight emerge from prior thought (andymatuschak.org)](https://notes.andymatuschak.org/zSn7SX7yMtnh1ZCQEG44TJoxrH7Udpm9oeEm)",
    "translation": "原文：[Leaps of insight emerge from prior thought (andymatuschak.org)](https://notes.andymatuschak.org/zSn7SX7yMtnh1ZCQEG44TJoxrH7Udpm9oeEm)",
    "stage": 5
  },
  {
    "key": "2",
    "original": "When looking at someone else’s stroke of genius, you see only the end product. You don’t see how much kindling was burnt before that sudden realization was possible. In part, that’s because even our own epiphanies don’t feel like they emerge as a natural consequence of prior efforts—but they do!",
    "translation": "他人的神来之笔，你看到的只是最终成果，却看不到多少想法在灵光闪现之前被弃之不用。这某种程度上，是因为我们感觉自己的顿悟从来不是靠努力去顺其自然得到的 —— 然而他们的这些灵感却是这样的！",
    "stage": 5
  },
  {
    "key": "3",
    "original": "Leaps of insight depend on having accumulated lots of prior thought on those topics. Sometimes that accumulation happens entirely within our subconscious (our “subconscious back burners,” as May-Li would say), but it’s helpful to design our external cognitive systems such that our day-to-day noodling can accrete (see [Knowledge work should accrete](https://notes.andymatuschak.org/z6UDDkom8Aifg6mLdjT1sPtbMBweCmpyTwmJT)).",
    "translation": "卓越洞见的诞生，有赖于在相应主题上，你积累了足够思考。有时候，这种积累完全发生在我们的潜意识中（就像 May-Li 所说的，我们的「潜意识中的燃烧室」），认识到这点，有助于我们设计外部认知系统，将日常胡思乱想聚沙成塔（见[知识工作应该聚沙成塔](https://notes.andymatuschak.org/z6UDDkom8Aifg6mLdjT1sPtbMBweCmpyTwmJT)）。",
    "stage": 5
  },
  {
    "key": "4",
    "original": "One practical implication of this notion: [Evergreen note-writing as fundamental unit of knowledge work](https://notes.andymatuschak.org/z3SjnvsB5aR2ddsycyXofbYR7fCxo7RmKW2be).",
    "translation": "这个概念的一个实际含义：[常青笔记作为知识工作的基本单位](https://notes.andymatuschak.org/z3SjnvsB5aR2ddsycyXofbYR7fCxo7RmKW2be)。",
    "stage": 3
  },
  {
    "key": "5",
    "original": "------",
    "translation": "------",
    "stage": 5
  },
  {
    "key": "6",
    "original": "## References",
    "translation": "## 参考文献",
    "stage": 5
  },
  {
    "key": "7",
    "original": "Ahrens, S. (2017). *How to Take Smart Notes: One Simple Technique to Boost Writing, Learning and Thinking – for Students, Academics and Nonfiction Book Writers*.",
    "translation": "Ahrens, S. (2017). *How to Take Smart Notes: One Simple Technique to Boost Writing, Learning and Thinking – for Students, Academics and Nonfiction Book Writers*.",
    "stage": 5
  },
  {
    "key": "8",
    "original": "> focus lies almost always on the few exceptional moments where we write a lengthy piece, a book, an article or, as students, the essays and theses we have to hand in.",
    "translation": ">通常是在在少数特殊的境况需要写作，比如写一部长篇小说、一本专著、一篇文章，或者是对于学生，论文和需要交的内容。",
    "stage": 5
  },
  {
    "key": "9",
    "original": "> Every intellectual endeavour starts from an already existing preconception, which then can be transformed during further inquires and can serve as a starting point for following endeavours. Basically, that is what Hans-Georg Gadamer called the hermeneutic circle (Gadamer 2004).",
    "translation": "> 每一项知识性的努力都是从已有的预想的，然后在进一步的探究过程中转化，以此作为后续努力的起点。这基本上就是汉斯·乔治·加达默尔（Hans-Georg Gadamer）所说的解释学循环（Gadamer,2004）。",
    "stage": 5
  },
  {
    "key": "10",
    "original": "> But most importantly, without a permanent reservoir of ideas, you will not be able to develop any major ideas over a longer period of time because you are restricting yourself either to the length of a single project or the capacity of your memory. Exceptional ideas need much more than that.",
    "translation": "> 但最重要的是，如果没有一个永久性的想法库，你将无法发展任何主要甚至长期的想法，因为你把自己禁锢在了某一项目周期内，或者把自己禁锢在了有限的记忆容量里——卓越的想法需要的远不止这些。",
    "stage": 5
  },
  {
    "key": "11",
    "original": "> The things you are supposed to find in your head by brainstorming usually don’t have their origins in there. Rather, they come from the outside: through reading, having discussions and listening to others, through all the things that could have been accompanied and often even would have been improved by writing.",
    "translation": "> 你脑海中能用于头脑风暴的东西通常并非发源于此，相反，它们来自外部，来自于阅读、讨论和他人的意见，来自于与写作相关并通过写作得到提升的一切。",
    "stage": 5
  }
]