[
  {
    "key": "0",
    "original": "# Learn before you memorize",
    "translation": "# 先学再记",
    "stage": 9
  },
  {
    "key": "1",
    "original": "[Learn before you memorize (andymatuschak.org)](https://notes.andymatuschak.org/z2gsbsviCdBJbefxvenDcvYbYDgssBZHdgd9)",
    "translation": "原文：[Learn before you memorize (andymatuschak.org)](https://notes.andymatuschak.org/z2gsbsviCdBJbefxvenDcvYbYDgssBZHdgd9)",
    "stage": 5
  },
  {
    "key": "2",
    "original": "One classic piece of advice from [Piotr Wozniak - Effective learning - Twenty rules of formulating knowledge](https://notes.andymatuschak.org/zPvyUkYTbT2oiWEdSDha9ZC7okZDvTFf8eM) is that spaced repetition is best used to help you reinforce something you have *already* understood. Think of it as a way to “save state”—you have to be in a sufficiently good state before you apply the practice technique.",
    "translation": "[Piotr Wozniak - 有效学习 - 表述知识的二十条规则](https://notes.andymatuschak.org/zPvyUkYTbT2oiWEdSDha9ZC7okZDvTFf8eM)有条经典建议：间隔重复最好用来帮助你强化你**已经**理解的东西。把它看作是一种「维持状态」的方法——在你运用练习技巧之前，你必须处于足够好的状态。",
    "stage": 5
  },
  {
    "key": "3",
    "original": "Mechanistically, I think this is true because [Mnemonic medium prompts rely on invoking external experiences (from narrative, from real-world experience)](https://notes.andymatuschak.org/zBnpJjh6V7yrWbNBJ39Gx2TXiyXVQ4jByPc). The prompts you review don’t fully “cover” the topic—not enough to learn from them anew—but when you review each prompt, you also reinforce (less strongly) other “nearby” information, which collectively covers much more of the topic. But this is only possible if you understood the topic well enough before reviewing to form well-connected knowledge. Without that, you’re just reinforcing the details you’re reviewing, in isolation.",
    "translation": "从机制上讲，我认为这是真的，因为[助记媒介的卡片依赖于调用外部经验（从叙述中，从现实世界的经验中）](https://notes.andymatuschak.org/zBnpJjh6V7yrWbNBJ39Gx2TXiyXVQ4jByPc)。你所复习的卡片并没有完全「覆盖」主题——不足以从它们中重新学习——但是当你复习每张卡片时，你也强化了（不太强烈的）其他 「附近」的信息，这些信息共同覆盖了更多的主题。但是，只有当你在复习前对该主题有足够的了解，形成良好的知识联系时，才有可能做到这一点。如果没有这些前提，你只是在孤立地强化你正在复习的细节。",
    "stage": 5
  },
  {
    "key": "4",
    "original": "Generally speaking, memory prompts don’t communicate well on their own, anyway: [Spaced repetition memory prompts alone are a poor communications medium](https://notes.andymatuschak.org/z1YhDPWyvzzkC79LFcF4DSTanKpEGpic8bAe).",
    "translation": "一般来说，单独的记忆卡片无论如何都不能很好地交流：[单独的间隔重复记忆卡片都是一种糟糕的交流媒介](https://notes.andymatuschak.org/z1YhDPWyvzzkC79LFcF4DSTanKpEGpic8bAe)。",
    "stage": 5
  }
]