[
  {
    "key": "0",
    "original": "# Learning requires metacognition",
    "translation": "# 学习需要元认知技能",
    "stage": 9
  },
  {
    "key": "1",
    "original": "To successfully learn something new, people must evaluate their understanding, monitor for confusion or inconsistency, plan what to do next based on those observations, and coordinate that plan’s execution. This often falls under the category of “metacognition,” though [prefer to unbundle its phenomena](https://notes.andymatuschak.org/Metacognition_is_too_imprecise_a_category).",
    "translation": "要去成功的学习某些新东西，必须评估自身的理解，监测可能出现的困惑和前后矛盾，由此计划下一步行动，并协调地执行。一般这种过程被称为「元认知」，不过我[更倾向于将其细分](https://notes.andymatuschak.org/Metacognition_is_too_imprecise_a_category)。",
    "stage": 5
  },
  {
    "key": "2",
    "original": "In a classroom or professional setting, an expert might perform some of these tasks for a learner ([Metacognitive supports as cognitive scaffolding](https://notes.andymatuschak.org/z4qFtxPZi21DKoLruHcmsocee1YnZy9JMArb6)), but when a learner’s on their own, these metacognitive activities may be taxing or beyond reach. Unfortunately, [Most explanatory media make participants run their own feedback loops](https://notes.andymatuschak.org/z6MLXiJ7vmVAxRxhanUJzDcBE6hhhV9oy6Ukc).",
    "translation": "教室或者专业环境中，会有名专家将该类任务演示给学习者（[元认知支持充当认知脚手架](https://notes.andymatuschak.org/z4qFtxPZi21DKoLruHcmsocee1YnZy9JMArb6)），但是当学习者独自学习的时候，他们可能会感到这些元认知活动很费力或者难以实现。不幸的是，[大多数解释型媒体使参与者运行他们自己的反馈循环](https://notes.andymatuschak.org/z6MLXiJ7vmVAxRxhanUJzDcBE6hhhV9oy6Ukc)。",
    "stage": 5
  }
]