[
  {
    "key": "0",
    "original": "# Maintaining multiple reading positions is difficult when reading digitally",
    "translation": "# 电子阅读很难维持多个阅读位置",
    "stage": 9
  },
  {
    "key": "1",
    "original": "[Maintaining multiple reading positions is difficult when reading digitally (andymatuschak.org)](https://notes.andymatuschak.org/z7ZNevNutwN3wT5hTRLUipssHBNbxUWSyDHrr)",
    "translation": "原文：[Maintaining multiple reading positions is difficult when reading digitally (andymatuschak.org)](https://notes.andymatuschak.org/z7ZNevNutwN3wT5hTRLUipssHBNbxUWSyDHrr)",
    "stage": 5
  },
  {
    "key": "2",
    "original": "When reading physical books (particularly during [Inspectional reading](https://notes.andymatuschak.org/z7nGeuP4x5jheM35njJFkr1Ss5CAu1S5WmwPg)), a skilled reader naturally maintains their reading position in multiple sections of the book simultaneously. For example, this might be a “stack” operation (keeping their place while referencing another), a “dog-earing” operation (accumulating a set of places to focus on; see Askwall), or a parallel reading operation (comparing several passages). Digital readers make this kind of operation very difficult.",
    "translation": "阅读实体书时（特别是在[检视阅读](https://notes.andymatuschak.org/z7nGeuP4x5jheM35njJFkr1Ss5CAu1S5WmwPg)过程中），熟练读者能自然地在书的多个章节同时维持多个阅读位置。例如，「堆叠」操作（保持当前位置的同时参考其他段落），「狗耳」操作（积累一组要关注的地方；见 Askwall），或平行阅读操作（比较几个段落）。在电子阅读器上，这些操作很难做到丝滑流畅。",
    "stage": 5
  },
  {
    "key": "3",
    "original": "Because screens are often bigger than physical books, one might use multiple windows to manage this, but [Parallel reading is mostly impossible in digital reading](https://notes.andymatuschak.org/z8KaXwxWaMdUbhKa3RC2zN8ZB36gfvWcoWmwR). Even on desktop operating systems, most digital reading applications won’t even let you open a second window viewing the same document. This limitation is exacerbated by the problems described in [Poor performance disrupts nonlinear reading in digital reading](https://notes.andymatuschak.org/z239u1Bav77BRcx7xyD49wF62wdvPY81S51Qv).",
    "translation": "由于屏幕通常比实体书大，人们可能会通过打开多个窗口以实现上述操作，但[平行阅读在电子阅读中大多是不可能的](https://notes.andymatuschak.org/z8KaXwxWaMdUbhKa3RC2zN8ZB36gfvWcoWmwR)。即使在桌面操作系统上，大多数电子阅读应用程序甚至不允许你打开第二个窗口查看同一个文件。这种限制因[在电子阅读中，糟糕的性能会破坏非线性阅读](https://notes.andymatuschak.org/z239u1Bav77BRcx7xyD49wF62wdvPY81S51Qv)中描述的问题而加剧。",
    "stage": 5
  },
  {
    "key": "4",
    "original": "As an alternative, one might use bookmarks or an explicit in-system structure to manage reading locations. But digital readers’ bookmarks—when they have them—are always too heavy.",
    "translation": "作为替代，人们可能会使用书签或其他系统内置结构来管理阅读位置。但电子阅读器的书签——如果有的话——总是太笨重。",
    "stage": 5
  },
  {
    "key": "5",
    "original": "[LiquidText](https://notes.andymatuschak.org/z2fGXCnKwFV1jDmKsp15wkbV5WHSnLpy52Mq) is the one exception here: it uses multitouch to create ad-hoc bookmarking and provides a canvas where one can accumulate increasingly durable references.",
    "translation": "[LiquidText](https://notes.andymatuschak.org/z2fGXCnKwFV1jDmKsp15wkbV5WHSnLpy52Mq) 是一个例外：它使用多点触控来创建特定阅读位置的书签，还提供了一个画布，以供用户积累越来越持久的引用。",
    "stage": 5
  },
  {
    "key": "6",
    "original": "The Amazon Kindle has a simple one-direction navigation stack for a limited set of operations, like jumping to a footnote or to a place in the table of contents. This helps, but only in a small subset of cases.",
    "translation": "亚马逊 Kindle 支持简单的单向导航堆栈，可用于有限的几种跳转操作：如跳转到脚注或目录中的某个地方。这很有帮助，但只适用于一小部分情况。",
    "stage": 5
  },
  {
    "key": "7",
    "original": "------",
    "translation": "------",
    "stage": 5
  },
  {
    "key": "8",
    "original": "## References",
    "translation": "## 参考文献",
    "stage": 5
  },
  {
    "key": "9",
    "original": "Askwall, S. (1985). Computer supported reading vs reading text on paper: A comparison of two reading situations. *International Journal of Man-Machine Studies*, *22*(4), 425–439. ~https://doi.org/10.1016/S0020-7373(85)80048-1~",
    "translation": "Askwall, S. (1985). Computer supported reading vs reading text on paper: A comparison of two reading situations. *International Journal of Man-Machine Studies*, *22*(4), 425–439. ~https://doi.org/10.1016/S0020-7373(85)80048-1~",
    "stage": 5
  }
]