[
  {
    "key": "0",
    "original": "# Mental states of deep software development and deep research thinking are mutually exclusive",
    "translation": "# 专注的软件开发和专注的学术研究互相排斥",
    "stage": 9
  },
  {
    "key": "1",
    "original": "[Mental states of deep software development and deep research thinking are mutually exclusive (andymatuschak.org)](https://notes.andymatuschak.org/zQCSSBGrBJazfq3tuJehkf81MsYj6du38Dof)",
    "translation": "原文：[Mental states of deep software development and deep research thinking are mutually exclusive (andymatuschak.org)](https://notes.andymatuschak.org/zQCSSBGrBJazfq3tuJehkf81MsYj6du38Dof)",
    "stage": 5
  },
  {
    "key": "2",
    "original": "[Insight through making](https://notes.andymatuschak.org/z7YyAp683VNbTmDG4hx9QFpf5urwxZJpsycS6) in [Tools for thought](https://notes.andymatuschak.org/z5YhNc8HVKxjg9a3h3SeCyKqnNDFgiY6WGrM) requires developing new software interfaces which express domain theories, then studying those interfaces and their usage to improve your theories. In practice, it’s quite difficult to think deeply about theories while in the midst of a significant software development project. And it’s hard to build momentum on software development when spending much of one’s day in reflection and writing. Worse: [Switching costs are high between software development and research thinking](https://notes.andymatuschak.org/z78pmtn8LMt6npZyHciSjVZJdp3u7sin61PzG).",
    "translation": "[思想工具](https://notes.andymatuschak.org/z5YhNc8HVKxjg9a3h3SeCyKqnNDFgiY6WGrM)中的[实践出洞见](https://notes.andymatuschak.org/z7YyAp683VNbTmDG4hx9QFpf5urwxZJpsycS6)需要开发新的软件界面来表达领域理论，然后研究这些界面和它们的使用，以改进你的理论。在实践中，要在一个重要的软件开发项目中深入思考理论非常困难。而且，当一个人每天花很多时间在思考和写作上时，也很难建立起软件开发的动力。更糟的是：[软件开发和研究思维之间的切换成本很高](https://notes.andymatuschak.org/z78pmtn8LMt6npZyHciSjVZJdp3u7sin61PzG)。",
    "stage": 3
  },
  {
    "key": "3",
    "original": "In March 2020, I wrote a list of research questions for the [Mnemonic medium](https://notes.andymatuschak.org/z4rRX3qwSSJRsEkdXKwH2shamgHNeRthrMLiF), then embarked on building [Orbit](https://notes.andymatuschak.org/z72ioKyd4X48WndtAsfkhnKwsD8o5PaaT384o). Writing now in October 2020, I’ve not made any meaningful progress on any of those research questions. At some point I’ll need to execute a “hard switch” back to thinking about those questions again, at which point it’ll be difficult for me to take on any significant new features for Orbit.",
    "translation": "2020 年 3 月，我为[助记媒介](https://notes.andymatuschak.org/z4rRX3qwSSJRsEkdXKwH2shamgHNeRthrMLiF)写了一份研究问题清单，然后着手开发 [Orbit](https://notes.andymatuschak.org/z72ioKyd4X48WndtAsfkhnKwsD8o5PaaT384o)。现在写到 2020 年 10 月，我还没有在这些研究问题中取得任何有意义的进展。在某些时候，我需要执行一个「强制切换」，重新思考这些问题，到那时，我将很难为 Orbit 开发任何重要的新功能。",
    "stage": 3
  },
  {
    "key": "4",
    "original": "I struggled with a similar challenge in June and July of 2019 while designing and implementing the [Quantum Country](https://notes.andymatuschak.org/z2fBHADWa93EZTuNzuww7V3Vi587ZyZ4FHTHm) user journey project. Then in December 2019 and early 2020 when working on theory with Michael, I little no progress on the medium.",
    "translation": "2019 年 6 月和 7 月，在设计和实现[量子国度](https://notes.andymatuschak.org/z2fBHADWa93EZTuNzuww7V3Vi587ZyZ4FHTHm)用户旅程项目时，我也在与类似的挑战斗争。然后在 2019 年 12 月和 2020 年初与 Michael 一起研究理论时，我在媒介上几乎没有任何进展。",
    "stage": 3
  },
  {
    "key": "5",
    "original": "This is one more reason why it might make more sense to collaborate: [Deep collaborations between tool-makers and tool-users may support insight through making](https://notes.andymatuschak.org/z7PLEhbuGGhQx3o5oxpSD8oMxEHJXxZGUxBWD).",
    "translation": "这就是为什么合作可能更有意义的另一个原因：[工具制造者和工具使用者之间的深度合作可能会支持「实践出洞见」](https://notes.andymatuschak.org/z7PLEhbuGGhQx3o5oxpSD8oMxEHJXxZGUxBWD)。",
    "stage": 3
  },
  {
    "key": "6",
    "original": "A related issue: [Focused software development work is self-abnegating](https://notes.andymatuschak.org/z5XqtTcnfBVUBRVFjxY2S1MqAAJDpE2ffyuZZ).",
    "translation": "一个相关的问题：[专注的软件开发工作是自我否定的](https://notes.andymatuschak.org/z5XqtTcnfBVUBRVFjxY2S1MqAAJDpE2ffyuZZ)。",
    "stage": 3
  }
]