[
  {
    "key": "0",
    "original": "# Metacognitive supports require dynamic, participatory environments",
    "translation": "# 元认知支持需要动态的、参与性的环境",
    "stage": 9
  },
  {
    "key": "1",
    "original": "[Metacognitive supports require dynamic, participatory environments (andymatuschak.org)](https://notes.andymatuschak.org/z6sGtFW1yd4qgcxkLQsEBEJWxLKmBdjMQzKfa)",
    "translation": "原文：[Metacognitive supports require dynamic, participatory environments (andymatuschak.org)](https://notes.andymatuschak.org/z6sGtFW1yd4qgcxkLQsEBEJWxLKmBdjMQzKfa)",
    "stage": 5
  },
  {
    "key": "2",
    "original": "[Metacognition is inherently dynamic](https://notes.andymatuschak.org/z6NhfhiJnVhUrTWCAc7RZcazwW4wheQ7PLMk), so to design an environment which offers metacognitive supports, that environment must dynamically behave and respond to participants’ engagement with the material.",
    "translation": "[元认知本质上是动态的](https://notes.andymatuschak.org/z6NhfhiJnVhUrTWCAc7RZcazwW4wheQ7PLMk)，所以设计提供元认知支持的环境时，这个环境必须具备动态的行为，并在环境的参与者琢磨材料时给出相应的反应。",
    "stage": 5
  },
  {
    "key": "3",
    "original": "Environments which are dynamic but non-participatory (like most “explorables”) have nothing to behave and respond *to.*",
    "translation": "动态但非参与性的环境（如大多数「探索性」环境）没有任何行为和**反应**。",
    "stage": 5
  },
  {
    "key": "4",
    "original": "Environments which are participatory but non-dynamic (like Make Magazine) can’t alter their message or behavior in response to participants’ actions.",
    "translation": "参与性但非动态的环境（如《制造(Make)》杂志）不能根据参与者的行动而调整其信息或行为。",
    "stage": 5
  },
  {
    "key": "5",
    "original": "This is one reason that [Most explanatory media make participants run their own feedback loops](https://notes.andymatuschak.org/z6MLXiJ7vmVAxRxhanUJzDcBE6hhhV9oy6Ukc): most explanatory media are static.",
    "translation": "这也是[大多数解释型媒体让参与者运作自己的反馈回路](https://notes.andymatuschak.org/z6MLXiJ7vmVAxRxhanUJzDcBE6hhhV9oy6Ukc)的一个原因：大多数解释型媒体是静态的。",
    "stage": 5
  },
  {
    "key": "6",
    "original": "Static media sometimes try to provide metacognitive supports by presenting fixed metacognitive “programs” for participants to “execute,” like “if you’re unfamiliar with the use of XOR in this context, consult page 240.” These are obviously limited; they still make the participant do lots of work.",
    "translation": "静态媒体有时试图提供元认知支持，提出固定的元认知「程序」供参与者「执行」，比如「如果你不熟悉 XOR 在这种情况下的使用，请查阅第 240 页」。这些举措显然效果有限；参与者为此仍然需要折腾一番。",
    "stage": 5
  }
]