[
  {
    "key": "0",
    "original": "# Most people take only transient notes",
    "translation": "# 大多数人只写临时的笔记",
    "stage": 9
  },
  {
    "key": "1",
    "original": "[Most people take only transient notes (andymatuschak.org)](https://notes.andymatuschak.org/z2ZAGQBHuJ2u9WrtAQHAEHcCZTtqpsGkAsrD1)",
    "translation": "原文：[Most people take only transient notes (andymatuschak.org)](https://notes.andymatuschak.org/z2ZAGQBHuJ2u9WrtAQHAEHcCZTtqpsGkAsrD1)",
    "stage": 5
  },
  {
    "key": "2",
    "original": "In contrast to [Evergreen notes](https://notes.andymatuschak.org/z4SDCZQeRo4xFEQ8H4qrSqd68ucpgE6LU155C), [Most people use notes as a bucket for storage or scratch thoughts](https://notes.andymatuschak.org/z5nw1rPzimCJYyMknDujwvP344Hv3ixCZRZV2). These are very convenient to write, but after a year of writing such notes, they’ll just have a pile of dissociated notes. The notes won’t have *added up* to anything: they’re more like fuel, written and discarded to help the author process their ongoing experiences.",
    "translation": "与[常青笔记](https://notes.andymatuschak.org/z4SDCZQeRo4xFEQ8H4qrSqd68ucpgE6LU155C)相比，[大多数人把笔记当作贮藏容器或思想草稿](https://notes.andymatuschak.org/z5nw1rPzimCJYyMknDujwvP344Hv3ixCZRZV2)。这类笔记写起来很方便，但这样写笔记写一年，最终只能得到一大堆互不相干的笔记。这些笔记不能**聚沙成塔**：更像是燃料，写完就丢，只为帮助作者处理他们当时的情形。",
    "stage": 5
  },
  {
    "key": "3",
    "original": "Fleeting notes are valuable scratchpads to temporarily support working memory, but [Knowledge work should accrete](https://notes.andymatuschak.org/z6UDDkom8Aifg6mLdjT1sPtbMBweCmpyTwmJT), so we should view them as “messy-thought” inputs for the “neat-thought” notes they’ll inform (Khoe).",
    "translation": "临时笔记是有价值的便笺纸，可以暂时支持工作记忆，但是[知识工作应能聚沙成塔](https://notes.andymatuschak.org/z6UDDkom8Aifg6mLdjT1sPtbMBweCmpyTwmJT)，所以我们应该把它们看作是在输入「凌乱思考」，并从中获得启发，写出「有序思考」笔记（Khoe）。",
    "stage": 5
  },
  {
    "key": "4",
    "original": "This is one reason why [Note-writing practices are generally ineffective](https://notes.andymatuschak.org/z8V2q398qu89vdJ73N2BEYCgevMqux3yxQUAC).",
    "translation": "这就是[笔记写作实践通常是无效的](https://notes.andymatuschak.org/z8V2q398qu89vdJ73N2BEYCgevMqux3yxQUAC)的原因之一。",
    "stage": 5
  },
  {
    "key": "5",
    "original": "------",
    "translation": "------",
    "stage": 5
  },
  {
    "key": "6",
    "original": "## References",
    "translation": "## 参考文献",
    "stage": 5
  },
  {
    "key": "7",
    "original": "Khoe, M.-L. (2016, December 21). Messy thought, neat thought. Retrieved September 17, 2019, from Khan Academy Early Product Development website: https://klr.tumblr.com/post/154784481858/messy-thought-neat-thought",
    "translation": "Khoe, M.-L. (2016, December 21). Messy thought, neat thought. Retrieved September 17, 2019, from Khan Academy Early Product Development website: https://klr.tumblr.com/post/154784481858/messy-thought-neat-thought",
    "stage": 5
  }
]