[
  {
    "key": "0",
    "original": "# Most people read ineffectively",
    "translation": "# 多数人的阅读成效不大",
    "stage": 9
  },
  {
    "key": "1",
    "original": "[Most people read ineffectively (andymatuschak.org)](https://notes.andymatuschak.org/z432siNjuY9G8bTsnSugyHPB1YoZWgup6eMB3)",
    "translation": "原文：[Most people read ineffectively (andymatuschak.org)](https://notes.andymatuschak.org/z432siNjuY9G8bTsnSugyHPB1YoZWgup6eMB3)",
    "stage": 5
  },
  {
    "key": "2",
    "original": "- [Knowledge work should accrete](https://notes.andymatuschak.org/z6UDDkom8Aifg6mLdjT1sPtbMBweCmpyTwmJT), but most reading does not",
    "translation": "- [知识工作应能聚沙成塔](https://notes.andymatuschak.org/z6UDDkom8Aifg6mLdjT1sPtbMBweCmpyTwmJT)，但阅读的时候，绝大多数成果都不能积累下来",
    "stage": 5
  },
  {
    "key": "3",
    "original": "  - [People seem to forget most of what they read, and they mostly don’t notice](https://notes.andymatuschak.org/z3d6dFhTA5zTmykZ3zh4Y2vCw3aVbUxRiQQcc)",
    "translation": "  - [人们似乎忘记了他们所读的大部分内容，而且他们大多没有注意到这一点](https://notes.andymatuschak.org/z3d6dFhTA5zTmykZ3zh4Y2vCw3aVbUxRiQQcc)",
    "stage": 5
  },
  {
    "key": "4",
    "original": "  - [Evergreen note-writing helps reading efforts accumulate](https://notes.andymatuschak.org/z6M8kex6kDF2FT6MWqAMDQddsqUr8sphLmyy1), but most people don’t do this",
    "translation": "    - [常青笔记有助于积累阅读成果](https://notes.andymatuschak.org/z6M8kex6kDF2FT6MWqAMDQddsqUr8sphLmyy1)，但大多数人没有做常青笔记的习惯",
    "stage": 5
  },
  {
    "key": "5",
    "original": "    - Of those that do, [Note-writing practices are generally ineffective](https://notes.andymatuschak.org/z8V2q398qu89vdJ73N2BEYCgevMqux3yxQUAC)",
    "translation": "    - 即使对于做常青笔记的人来说，[笔记写作实践大多是无效的](https://notes.andymatuschak.org/z8V2q398qu89vdJ73N2BEYCgevMqux3yxQUAC)",
    "stage": 5
  },
  {
    "key": "6",
    "original": "    - However! [The most effective readers and thinkers I know don’t take notes when reading](https://notes.andymatuschak.org/z6GNVv6RyFDewy11ZgXzce8agWxSLwJ6Ub5Rw)",
    "translation": "    - 然而！[我所认识的高效阅读者和思想家在阅读时不做笔记](https://notes.andymatuschak.org/z6GNVv6RyFDewy11ZgXzce8agWxSLwJ6Ub5Rw)",
    "stage": 5
  },
  {
    "key": "7",
    "original": "- [Skillful reading is generally non-linear](https://notes.andymatuschak.org/z3S7mmbydSX5Kx3V8mvkWLBcRGCgtroaY8XPz), but most people read linearly",
    "translation": "- [熟练的阅读一般都是非线性的](https://notes.andymatuschak.org/z3S7mmbydSX5Kx3V8mvkWLBcRGCgtroaY8XPz)，但大多数人的阅读过程是线性的",
    "stage": 5
  },
  {
    "key": "8",
    "original": "------",
    "translation": "------",
    "stage": 5
  },
  {
    "key": "9",
    "original": "## References",
    "translation": "## 参考文献",
    "stage": 5
  },
  {
    "key": "10",
    "original": "Matuschak, A. (2019 0). *Why books don’t work*. https://andymatuschak.org/books",
    "translation": "Matuschak, A. (2019 0). *Why books don’t work*. https://andymatuschak.org/books",
    "stage": 5
  }
]