[
  {
    "key": "0",
    "original": "# Notes should surprise you",
    "translation": "# 笔记应该让你吃惊",
    "stage": 9
  },
  {
    "key": "1",
    "original": "[Notes should surprise you (andymatuschak.org)](https://notes.andymatuschak.org/z4KZ9973AoHhvM9Pj5Qrds48JXNbMEwVJmVRw)",
    "translation": "原文：[Notes should surprise you (andymatuschak.org)](https://notes.andymatuschak.org/z4KZ9973AoHhvM9Pj5Qrds48JXNbMEwVJmVRw)",
    "stage": 5
  },
  {
    "key": "2",
    "original": "If reading and writing notes doesn’t lead to surprises, what’s the point?",
    "translation": "如果阅读和写笔记不能带来惊喜，那还有什么意义？",
    "stage": 5
  },
  {
    "key": "3",
    "original": "If we just wanted to remember things, we have spaced repetition for that. If we just wanted to understand a particular idea thoroughly in some local context, we wouldn’t bother maintaining a system of notes over time.",
    "translation": "如果我们只是想记住一些东西，我们有间隔重复。如果我们只是想在某个局部环境中彻底理解某个特定的想法，我们就不会费心去维持一个长期的笔记系统。",
    "stage": 5
  },
  {
    "key": "4",
    "original": "This is why we have dense networks of links ([Evergreen notes should be densely linked](https://notes.andymatuschak.org/z2HUE4ABbQjUNjrNemvkTCsLa1LPDRuwh1tXC)): so that searches help us see unexpected connections.",
    "translation": "这就是为什么我们有密集的链接网络（[常青笔记之间应该建立大量链接](https://notes.andymatuschak.org/z2HUE4ABbQjUNjrNemvkTCsLa1LPDRuwh1tXC)）：这样，搜索可以帮助我们看到意外的联系。",
    "stage": 5
  },
  {
    "key": "5",
    "original": "This is why we take [Evergreen notes should be concept-oriented](https://notes.andymatuschak.org/z6bci25mVUBNFdVWSrQNKr6u7AZ1jFzfTVbMF): so that when writing about an idea that seems new, we stumble onto what we’ve already written about it (perhaps unexpectedly).",
    "translation": "这就是为什么我们遵循[常青笔记应面向概念](https://notes.andymatuschak.org/z6bci25mVUBNFdVWSrQNKr6u7AZ1jFzfTVbMF)：这样，当写到一个看似新鲜的想法时，我们会偶然发现我们已经写过的东西（也许是出乎意料的）。",
    "stage": 5
  },
  {
    "key": "6",
    "original": "------",
    "translation": "------",
    "stage": 5
  },
  {
    "key": "7",
    "original": "## References",
    "translation": "## 参考文献",
    "stage": 5
  },
  {
    "key": "8",
    "original": "Luhmann, N. (1992). Communicating with Slip Boxes. In A. Kieserling (Ed.), & M. Kuehn (Trans.), *Universität als Milieu: Kleine Schriften* (pp. 53–61). Retrieved from http://luhmann.surge.sh/communicating-with-slip-boxes",
    "translation": "Luhmann, N. (1992). Communicating with Slip Boxes. In A. Kieserling (Ed.), & M. Kuehn (Trans.), *Universität als Milieu: Kleine Schriften* (pp. 53–61). 检索自 http://luhmann.surge.sh/communicating-with-slip-boxes",
    "stage": 5
  },
  {
    "key": "9",
    "original": "> One of the most basic presuppositions of communication is that the partners can mutually surprise each other. Only in the way can information be produced in the respective other.",
    "translation": "> 沟通的一个最基本的前提是，伙伴之间可以互相给对方惊喜。只有这样，信息才能在彼此之间产生。",
    "stage": 5
  },
  {
    "key": "10",
    "original": "[Extend Your Mind and Memory With a Zettelkasten • Zettelkasten Method](https://zettelkasten.de/posts/extend-your-mind-and-memory-with-a-zettelkasten/)",
    "translation": "[用 Zettelkasten 扩展你的思维和记忆 • Zettelkasten 方法](https://zettelkasten.de/posts/extend-your-mind-and-memory-with-a-zettelkasten/)",
    "stage": 5
  },
  {
    "key": "11",
    "original": "> If you look something up in your *Zettelkasten,* you need to get unexpected results in order to form new thoughts. Surprise is the key ingredient here, as I pointed out in my [introductory post](https://zettelkasten.de/posts/zettelkasten-improves-thinking-writing/) on this topic. The links between notes make this possible since you’ll generate new ideas by following connections and exploring a part of your web of notes. The non-apparent connections are generally more beneficial to creative thinking than the obvious ones as they generate greater surprise. While your mind usually continues to work with the obvious, your *Zettelkasten* instead shows you the bizarre. It sparks your imagination and blows your mind as it confronts you with the unexpected.",
    "translation": "> 如果你在你的 Zettelkasten 中查找某些东西，你需要得到意想不到的结果，以便形成新的想法。 正如我在关于这个主题的[介绍性文章](https://zettelkasten.de/posts/zettelkasten-improves-thinking-writing/)中指出的那样，惊喜是这里的关键因素。 笔记之间的链接使这成为可能，因为你可以通过跟踪连接和探索笔记网络的一部分来产生新的想法。 与明显的联系相比，非明显的联系通常比显而易见的联系更有益于创造性思维，因为它们会产生更大的惊喜。 当你的大脑继续处理那些显而易见的事情时，你的 Zettelkasten 却向你展示了那些奇怪的事情。 当你面对意想不到的事情时，它会激发你的想象力，让你大吃一惊。",
    "stage": 5
  },
  {
    "key": "12",
    "original": "> Also, it opens up opportunities to connect thoughts over the course of years which in turn will generate moments of surprise. This eventually leads to discoveries of unforeseen connections and enables you to think out of the box.",
    "translation": "> 同时，它也为连接多年来的想法提供了机会，这反过来会产生惊喜的时刻。 这最终会让你发现不可预见的联系，让你跳出思维定势。",
    "stage": 5
  }
]