[
  {
    "key": "0",
    "original": "# Orbit - Values",
    "translation": "# Orbit - 价值观",
    "stage": 9
  },
  {
    "key": "1",
    "original": "[Orbit - Values (andymatuschak.org)](https://notes.andymatuschak.org/z4RKWtfRfrTaSKM8B9QzRjGCTnxZcEU4ZPLGW)",
    "translation": "原文：[Orbit - Values (andymatuschak.org)](https://notes.andymatuschak.org/z4RKWtfRfrTaSKM8B9QzRjGCTnxZcEU4ZPLGW)",
    "stage": 5
  },
  {
    "key": "2",
    "original": "A first pass at my value-level goals for [Orbit](https://notes.andymatuschak.org/z72ioKyd4X48WndtAsfkhnKwsD8o5PaaT384o):",
    "translation": "我对 [Orbit](https://notes.andymatuschak.org/z72ioKyd4X48WndtAsfkhnKwsD8o5PaaT384o) 的价值观目标进行了初步分析：",
    "stage": 3
  },
  {
    "key": "3",
    "original": "### earnestness, ardor, curiosity — not: duty, instrumentalism, grinding",
    "translation": "### 真诚、热忱、好奇心 —— 而不是：义务、工具主义、劳苦",
    "stage": 3
  },
  {
    "key": "4",
    "original": "Orbit helps you deepen your relationship with whatever you care about most. The activities are largely cognitive, but your relationship to the material is emotional. It’s for ideas and imagery that you could talk about all night. Orbit’s for the stuff which gives your life meaning.",
    "translation": "Orbit 帮助你加深与你最在意之物的关系。这些活动主要是认知上的，但你与材料的关系是情感上的。这是为你可以谈一晚上的想法和想象。Orbit 是为那些赋予你生命意义的东西而设的。",
    "stage": 3
  },
  {
    "key": "5",
    "original": "Orbit is not about eating your broccoli. It’s not for things you think you “should” be engaged with, things which require you to summon your willpower. It’s not “educational” in tone. Orbit results in learning, but the goal isn’t to learn: it’s to be able to do something that brings you meaning, in the world.",
    "translation": "Orbit 不在于让你吃掉西兰花。它不适合你认为你「应该」参与的事情，那些需要你唤起意志力的事情。它的基调不是「教育」。Orbit 的结果是学习，但其目标不是学习：而是能够做一些在这个世界上给你带来意义的事情。",
    "stage": 3
  },
  {
    "key": "6",
    "original": "### wu wei, effortlessness, “trust the process” — not: inboxes, graphs, knobs",
    "translation": "### 无为，不费吹灰之力，「相信过程」—— 而不是：收件箱，图表，旋钮",
    "stage": 3
  },
  {
    "key": "7",
    "original": "Putting something in Orbit is like gardening. You plant the seeds; you trust that they will grow and mature. You’re not terribly concerned about the specifics of when or how often you’re going to see a given item. You feel a kind of lazy confidence that the timing will be vaguely reasonable; that over time you’ll internalize everything you add; that over time items will move to longer orbits so that they don’t overstay their welcome. Your Orbit never feels “too full.”",
    "translation": "向 Orbit 添加内容就像打理园子一样。你种下种子，相信它会茁壮成长，开花结果。你并不关心卡片展示时机和展示频率等细节。你大可放心：安排的时间基本上是合理的；你能逐步把添加的所有内容都内化；卡片的间隔会慢慢变长，如同移动到更远的轨道一样，而新卡片的展示机会也是恰如其分的。你的 Orbit 不会有「要溢出来」的感觉。",
    "stage": 5
  },
  {
    "key": "8",
    "original": "Your daily Orbit practice is like your daily meditation practice. You’re never “done,” exactly, and you don’t have a progress graph going up and to the right. Like your meditation practice, you don’t and can’t ask for the specific outcomes of a specific exercise. But you show up, and you follow the breath, and over time, you see more clearly.",
    "translation": "你的日常 Orbit 练习，就像你的日常冥想练习一样。没有「完成」一说，没有进度的图表一往无前。如同冥想练习一样，你对某一次练习的具体结果并不关心，也不该关心。但你终究会来参加练习，顺应气息，最终你的视野更加清晰。",
    "stage": 3
  },
  {
    "key": "9",
    "original": "Orbit is not an inbox which demands grooming. It’s not a red badge with a three-digit number. You don’t “dial in” your Orbit items. You don’t obsessively track the “progress” of any one item (though you do feel some broader arc of “progress”).",
    "translation": "Orbit 不是一个需要梳妆打扮的收件箱。Orbit 不是一个带着三位数字的红袖章。你不用「拨入」你的 Orbit 卡片。你不用执着地追踪任何一张卡片的「进展」（不过你确实能感受到一些更宽泛的「进展」弧线）。",
    "stage": 3
  },
  {
    "key": "10",
    "original": "### diligence, seriousness, agency — not: complacence, passivity, deference",
    "translation": "### 用功、认真、主动 —— 而不是：自满、被动、敬畏",
    "stage": 3
  },
  {
    "key": "11",
    "original": "Meditation involves effortlessness at one scale but diligence at another. You show up for practice every day and follow the instructions, trusting that the activities will help you become wiser without understanding the exact mechanism. But that doesn’t mean that meditation is *easy!* If you’re not engaging seriously, fifteen minutes can slip by without you clearly observing a single breath.",
    "translation": "一方面，冥想是轻松的，但在另一方面，冥想是用功的。你每天参加练习并遵循指示，相信这些活动将帮助你变得更加明智，尽管你并不了解背后的确切机制。但这并不意味着冥想很「轻松」！如果你不认真投入，15 分钟转瞬即逝，而你却没有清楚地觉察到一次呼吸。",
    "stage": 3
  },
  {
    "key": "12",
    "original": "Likewise, Orbit involves both effortlessness and diligence. You show up to your daily session without specific expectations or demands, but you engage attentively with what you find there. Orbit is ultimately a tool for serious people. It’s about going deeper, understanding more clearly; it’s about dissatisfaction with prior methods, with just hoping you’ll remember to think about something.",
    "translation": "类似地，Orbit 也同样既轻松又用功。你出席每日的复习，没有特定的期待或要求，但你要全神贯注于你在那里发现的东西。Orbit 本质上是严肃者的工具。它是深入、清晰的理解；它是对那些仅仅想让你记住思考一些东西的老方法的不满。",
    "stage": 3
  },
  {
    "key": "13",
    "original": "Authors sculpt the Orbit experience by providing prompts, but Orbit is a tool you must wield for yourself. It expects and rewards your own agency—in writing your own prompts, in remixing those given to you, in ditching ones you don’t care about, in molding the system to your values.",
    "translation": "作者通过提供卡片来塑造使用 Orbit 的体验，但 Orbit 终究是一个靠你自己运用的工具。Orbit 期待并回报你自己的主动性——通过你撰写自己的卡片，重组给你的卡片，抛弃你不关心的卡片，按照你的价值观塑造系统。",
    "stage": 3
  },
  {
    "key": "14",
    "original": "## Another stance: “personality”",
    "translation": "## 另一种视角：「个性」",
    "stage": 3
  },
  {
    "key": "15",
    "original": "c.f. [Minimum Viable Personality - AVC](https://avc.com/2011/09/minimum-viable-personality/)",
    "translation": "参照：[最小可行个性 - AVC](https://avc.com/2011/09/minimum-viable-personality/)",
    "stage": 3
  },
  {
    "key": "16",
    "original": "1. How do you change the customer’s life? (Helps them deepen their relationship with whatever they care about most)",
    "translation": "1. 你如何改变客户的生活？（帮助他们加深与他们最在意之物的联系）",
    "stage": 3
  },
  {
    "key": "17",
    "original": "2. What do you stand for? (Meaningfulness, curiosity, diligence, ritual)",
    "translation": "2. 你想代表什么？（意义、好奇、用功、仪式）",
    "stage": 3
  },
  {
    "key": "18",
    "original": "3. Who or what do you hate? (Duty, grinding, graphs-up-and-to-the-right, complacence)",
    "translation": "3. 你厌恶什么？（义务、折磨、增长、自满）",
    "stage": 3
  }
]