[
  {
    "key": "0",
    "original": "# Orbit helps you deeply internalize ideas through periodic review.",
    "translation": "# 通过定期复习，Orbit 助你深刻内化思想",
    "stage": 1
  },
  {
    "key": "1",
    "original": "## Orbit makes memory a choice",
    "translation": "## Orbit 让记忆成为一种选择",
    "stage": 5
  },
  {
    "key": "2",
    "original": "It’s frustrating how quickly we forget much of what we read. We may not care when we’re just reading for fun. But it’s hard to make sense of complex ideas when they build on earlier details we’ve already begun to forget. Often we take away a vague gist instead of accurate understanding.",
    "translation": "令人沮丧的是，我们很快就会忘记许多读过的东西。若为了好玩而阅读，我们也许不会在意。然而，当我们对之前的细节记忆不清，就会难以理解复杂的想法。通常我们只保有一个模糊的要点，而不是准确的理解。",
    "stage": 1
  },
  {
    "key": "3",
    "original": "Happily, cognitive scientists have developed simple strategies which can ensure you’ll remember something permanently. Orbit lets authors build those techniques into their writing, making it easy for you to remember what you’ve read.",
    "translation": "令人高兴的是，认知科学家已经开发出简单的策略，可以确保你能永久地记住一些东西。Orbit 让作者将这些技巧融入他们的写作中，使你很容易记住你所读的东西。",
    "stage": 3
  },
  {
    "key": "4",
    "original": "As you read, Orbit occasionally prompts you with quick questions to reinforce the ideas you’ve just seen. Memory fades, so after a few days, Orbit will send you an email inviting you to quickly review the text’s questions. If you still remember an answer, you’ll next see it two weeks later. Then a month after that, then two months, and so on. If you forget an answer, the schedule contracts to reinforce that question.",
    "translation": "在你阅读时，Orbit 偶尔会用快速问题提示你，以加强你刚刚看到的观点。记忆会逐渐消失，所以几天后，Orbit 会向你发送一封电子邮件，邀请你快速复习文本中的问题。如果你还记得一个答案，你将在两周后看到它。然后是一个月后，然后是两个月，以此类推。如果你忘记了一个答案，间隔就会缩短，以加强该问题的记忆。",
    "stage": 1
  },
  {
    "key": "5",
    "original": "The expanding schedule means that you need just a few reviews (usually a few seconds each) to remember an answer for years. Memory is typically haphazard—we read something interesting and hope we’ll remember it—but this review system *makes memory a choice*.",
    "translation": "不断增长的间隔意味着你只需要几次复习（通常每次几秒钟）就能记住一个答案好几年。记忆通常是杂乱无章的——我们读到一些有趣的东西，并希望我们能记住它——但这个复习系统**使记忆成为一种选择**。",
    "stage": 1
  },
  {
    "key": "6",
    "original": "## Bringing ideas into your orbit",
    "translation": "## 将想法送入你的轨道（Orbit）",
    "stage": 5
  },
  {
    "key": "7",
    "original": "You may have made flashcards in school to memorize facts like vocabulary words or anatomy. When used well, simple flashcards can automate away learning the “easy part” of a subject so you can focus on deeper, more conceptual issues. But one of the ideas motivating Orbit is that these review techniques can also directly help people master abstract, conceptual knowledge.",
    "translation": "你可能在学校里做过抽认卡来记忆词汇或解剖学等事实。如果使用得好，简单的抽认卡可以自动学习一个学科的「简单部分」，这样你就可以专注于更深层次、更多的概念性问题。但激励 Orbit 的一个想法是，这些复习技巧也可以直接帮助人们掌握抽象的、概念性的知识。",
    "stage": 1
  },
  {
    "key": "8",
    "original": "Orbit questions can go beyond facts to probe connections, implications, causes, and consequences. They can prompt you to reflect or to synthesize something new. And by weaving these questions into a narrative, authors can situate them in a rich context, breaking the ordinary constraints of flashcards as a medium.",
    "translation": "Orbit 的问题可以超越事实，探究联系、影响、原因和后果。它们可以促使你思考或综合新的东西。通过将这些问题编入叙事，作者可以将它们置于丰富的背景中，打破抽认卡作为一种媒介的普通限制。",
    "stage": 1
  },
  {
    "key": "9",
    "original": "When you read a text that’s written with Orbit, you don’t just read it once and then set it aside, perhaps forever. The review sessions keep you in contact with the ideas, returning you to the material again and again over weeks and months. The ongoing practice changes your relationship to what you read. It gives you a way to *bring ideas into your orbit.*",
    "translation": "当你读一篇用 Orbit 写的文章时，你不会只读一遍就把它放在一边，也许是永远。复习环节使你与这些想法保持联系，在几周或几个月内一次又一次地回到这些材料中去。这种持续的练习改变了你与所读内容的关系。它为你提供了一种方法，**将想法送入你的轨道**。",
    "stage": 1
  },
  {
    "key": "10",
    "original": "Orbit’s a new platform—and very much an experiment. Future versions will enable you to write your own prompts, keeping you in touch with your own ideas. When something seems interesting, you can tie a string to it and throw it up in a lazy arc. It’ll swing back around at some point, but you’re not terribly concerned with when. You’ll give its string more or less slack over time. Floating above your head, then, is an ever-shifting constellation of inklings, facts, questions, prompts, obsessions. Every day you stare up at the slice of sky above you and respond to what’s there.",
    "translation": "Orbit 是一个新的平台——在很大程度上是一个实验。未来的版本将使你能够编写自己的卡片，使你与自己的想法保持联系。当某些东西看起来很有趣时，你可以给它系上绳子，然后以懒散的弧线把它抛起来。它将在某个时候回旋，但你并不十分关心什么时候。你会随着时间的推移给它的绳子或多或少的松弛。那么，漂浮在你头上的是一个不断变化的星座，包括暗示、事实、问题、卡片、迷恋。每天你都盯着你头上的那片天空，对那里的东西作出反应。",
    "stage": 1
  },
  {
    "key": "11",
    "original": "## More about the project",
    "translation": "## 关于项目的更多信息",
    "stage": 5
  },
  {
    "key": "12",
    "original": "Orbit is a project by [Andy Matuschak](https://andymatuschak.org/), continuing a series of projects co-authored with [Michael Nielsen](http://michaelnielsen.org/). For more background:",
    "translation": "Orbit 是 [Andy Matuschak](https://andymatuschak.org/) 的一个项目，延续了与 [Michael Nielsen](http://michaelnielsen.org/) 共同撰写的一系列项目。欲了解更多背景：",
    "stage": 5
  },
  {
    "key": "13",
    "original": "- [*Quantum Country*](https://quantum.country/) was our prototype mnemonic medium, a textbook on quantum computing. Hundreds of readers have durably memorized this textbook.",
    "translation": "- 《[量子国度](https://quantum.country/)》是我们的原型助记媒介，是一本关于量子计算的教科书。数百名读者已经持久地记住了这本教科书。",
    "stage": 3
  },
  {
    "key": "14",
    "original": "- [*How can we build transformative tools for thought?*](https://numinous.productions/ttft) expands on the theories behind the mnemonic medium and reports some early findings from Quantum Country.",
    "translation": "- 《[我们如何开发变革性的思想工具？](https://numinous.productions/ttft)》阐述了助记媒介背后的理论，并报告了量子国度的一些早期发现。",
    "stage": 3
  },
  {
    "key": "15",
    "original": "- [*Timeful texts*](https://numinous.productions/timeful) describes how this mechanism might be used to extend reading experiences in time.",
    "translation": "- 《[穿越时间的文本](https://numinous.productions/timeful)》描述了如何利用这一机制在时间上扩展阅读体验。",
    "stage": 3
  },
  {
    "key": "16",
    "original": "- [*Augmenting long-term memory*](http://augmentingcognition.com/ltm.html) (by Michael Nielsen) explores the spaced repetition mechanic in much more detail.",
    "translation": "- 《[增强长期记忆](http://augmentingcognition.com/ltm.html)》（作者 Michael Nielsen）更详细地探讨了间隔重复机制。",
    "stage": 3
  },
  {
    "key": "17",
    "original": "Orbit is a free service; [my Patreon community](https://patreon.com/quantumcountry) helps it stay that way. You can become a member to support the work, and to read regular patron-only articles and previews of upcoming projects.",
    "translation": "Orbit 是一项免费服务；[我的 Patreon 社区](https://patreon.com/quantumcountry)帮助它保持这种方式。你可以成为会员以支持工作，并定期阅读赞助人专用的文章和即将到来的项目的预览。",
    "stage": 1
  },
  {
    "key": "18",
    "original": "If you’re an author interested in using Orbit in your own texts, please [view the preliminary documentation](https://docs.withorbit.com/). You can also [download](https://withorbit.com/download) an early version of an Orbit desktop application.",
    "translation": "如果你是一个对在自己的文本中使用 Orbit 感兴趣的作者，请[查看原始文档](https://docs.withorbit.com/)。你也可以[下载](https://withorbit.com/download)一个 Orbit 桌面应用程序的早期版本。",
    "stage": 1
  }
]