[
  {
    "key": "0",
    "original": "# Original thought requires solitude",
    "translation": "# 原创思想需要独处",
    "stage": 9
  },
  {
    "key": "1",
    "original": "[Original thought requires solitude (andymatuschak.org)](https://notes.andymatuschak.org/zx7FC6fx77bMkBj26dRPy7BRbYFrj8Lehed)",
    "translation": "原文：[Original thought requires solitude (andymatuschak.org)](https://notes.andymatuschak.org/zx7FC6fx77bMkBj26dRPy7BRbYFrj8Lehed)",
    "stage": 3
  },
  {
    "key": "2",
    "original": "Grothendieck, “[The importance of Solitude”](https://web.archive.org/web/20040104204837/http://www.fermentmagazine.org/rands/promenade2.html), via [Michael Nielsen](https://notes.andymatuschak.org/zgiX4jSevUQ5QWQf6XY3Y2XooSpkTJFP9VA):",
    "translation": "Grothendieck, 《[独处的重要性](https://web.archive.org/web/20040104204837/http://www.fermentmagazine.org/rands/promenade2.html)》，经由 [Michael Nielsen](https://notes.andymatuschak.org/zgiX4jSevUQ5QWQf6XY3Y2XooSpkTJFP9VA)：",
    "stage": 3
  },
  {
    "key": "3",
    "original": "> In those critical years I learned how to be alone. [But even](https://notes.andymatuschak.org/zx7FC6fx77bMkBj26dRPy7BRbYFrj8Lehed) this formulation doesn’t really capture my meaning. I didn’t, in any literal sense, learn to be alone, for the simple reason that this knowledge had never been unlearned during my childhood. It is a basic capacity in all of us from the day of our birth. However these three years of work in isolation [1945-1948](https://notes.andymatuschak.org/zx7FC6fx77bMkBj26dRPy7BRbYFrj8Lehed), when I was thrown onto my own resources, following guidelines which I myself had spontaneously invented, instilled in me a strong degree of confidence, unassuming yet enduring in my ability to do mathematics, which owes nothing to any consensus or to the fashions which pass as law. By this I mean to say: to reach out in my own way to the things I wished to learn, rather than relying on the notions of the consensus, overt or tacit, coming from a more or less extended clan of which I found myself a member, or which for any other reason laid claim to be taken as an authority. This silent consensus had informed me both at the lycee and at the university, that one shouldn’t bother worrying about what was really meant when using a term like “volume” which was “obviously self-evident”, “generally known,” “in problematic” etc… it is in this gesture of “going beyond” to be in oneself rather than the pawn of a consensus, the refusal to stay within a rigid circle that others have drawn around one – it is in this solitary act that one finds true creativity. All others things follow as a matter of course.",
    "translation": "> 在那些关键的岁月里，我学会了如何独处。但即使是这样的表述也无法真正表达我的意思。从字面上讲，我根本没有学会独自思考，原因很简单，自我童年以来，这种能力就从未被遗忘过。这是我们从出生起就具备的一种基本能力。然而，在 [1945-1948](https://notes.andymatuschak.org/zx7FC6fx77bMkBj26dRPy7BRbYFrj8Lehed) 这三年与世隔绝的工作期间，我依靠自己的资源，遵循我自己自发发明的准则，使我对自己从事数学的能力充满了信心。这是一种谦逊而持久的自信，并不拘泥于任何共识或过时的法则。我的意思是：我用自己的方式去探索我渴望学习的事物，而不是依赖公开或默认的，来自更大或更小范围内一个群体的共识观念，不管这个群体是出于其他任何原因被视为权威，还是发现自己其实属于其中。以往，无论是在中学还是在大学，这种无声的共识告诉我，在使用像「体积」这样的词时，我们不必费心它真正的含义是什么，因为它「显而易见」、「众所周知」、「毫无问题」等等。但只有在这种「超越」的姿态中，我们才能做自己，而非共识的棋子，才能跳出别人划定的僵化圈子——正是在独处的行为中，我们才会发现真正的创造力，从而其他的一切都顺理成章。",
    "stage": 3
  },
  {
    "key": "4",
    "original": ">",
    "translation": ">",
    "stage": 3
  },
  {
    "key": "5",
    "original": "> Since then I’ve had the chance in the world of mathematics that bid me welcome, to meet quite a number of people, both among my “elders” and among young people in my general age group who were more brilliant, much more ‘gifted’ than I was. I admired the facility with which they picked up, as if at play, new ideas, juggling them as if familiar with them from the cradle – while for myself I felt clumsy, even oafish, wandering painfully up an arduous track, like a dumb ox faced with an amorphous mountain of things I had to learn (so I was assured) things I felt incapable of understanding the essentials or following through to the end. Indeed, there was little about me that identified the kind of bright student who wins at prestigious competitions or assimilates almost by sleight of hand, the most forbidding subjects.",
    "translation": "从那时起，我有幸在数学领域受到欢迎，结识了很多人，无论是我的「前辈」还是我的同龄人中，他们都比我更出色、更有「天赋」。我钦佩他们像玩耍一样轻松地掌握新的想法，仿佛在摇篮里时就熟悉它们——而我却觉得自己笨拙，甚至有些愚蠢，在艰难的道路上痛苦地徘徊着，就像一头笨牛，面对着堆积如山却必须学习（据说如此）的东西，那些我觉得自己无法理解实质或者无法贯彻的东西。确实，在我身上很少能看出那种能在著名竞赛中获胜，或凭借一己之力掌握最棘手课题的优秀学生的特点。",
    "stage": 3
  },
  {
    "key": "6",
    "original": ">",
    "translation": ">",
    "stage": 3
  },
  {
    "key": "7",
    "original": "> In fact, most of these comrades who I gauged to be more brilliant than I have gone on to become distinguished mathematicians. Still from the perspective of thirty or thirty five years, I can state that their imprint upon the mathematics of our time has not been very profound. They’ve done all things, often beautiful things in a context that was already set out before them, which they had no inclination to disturb. Without being aware of it, they’ve remained prisoners of those invisible and despotic circles which delimit the universe of a certain milieu in a given era. To have broken these bounds they would have to rediscover in themselves that capability which was their birthright, as it was mine: The capacity to be alone.",
    "translation": "事实上，我认为比我更出色的这些同志中，大多数已经成为了杰出的数学家。然而从三十或三十五年的角度来看，我可以说他们对我们这个时代的数学的影响并不深远。他们所做的一切，往往是在一个已经为他们铺垫好的背景下完成的美好事物，而他们并没有意愿去打破这个框架。在不自觉中，他们仍然是那些无形而专制的圈子的囚徒，这些圈子在特定时代限定了某个特定环境的边界。要打破这些束缚，他们需要重新在自己身上发现那与生俱来的能力，就像我的能力一样：独处的能力。",
    "stage": 3
  },
  {
    "key": "8",
    "original": "[Deresiewicz, W. (2010, March 1). Solitude and Leadership. The American Scholar.](https://notes.andymatuschak.org/z2Y4z7zQds4otEhLPcoaDY25eVR7PZBoQA5Q):",
    "translation": "[Deresiewicz, W. (2010, March 1). Solitude and Leadership. The American Scholar.](https://notes.andymatuschak.org/z2Y4z7zQds4otEhLPcoaDY25eVR7PZBoQA5Q):",
    "stage": 3
  },
  {
    "key": "9",
    "original": "> But it seems to me that solitude is the very essence of leadership. The position of the leader is ultimately an intensely solitary, even intensely lonely one. However many people you may consult, you are the one who has to make the hard decisions. And at such moments, all you really have is yourself.",
    "translation": "> 但在我看来，独处是领导力的本质。领导者终究处于一种非常孤独，甚至非常寂寞的地位。无论你征求多少人的意见，最终还是你自己要做出艰难的决策。在这样的时刻，你真正拥有的只有自己。",
    "stage": 3
  },
  {
    "key": "10",
    "original": "[Susan Sontag](https://notes.andymatuschak.org/z37xs8Tw2m5gyeeBEYbxY6kkYQXq2PYfjxaam) (As Consciousness Is Harnessed to Flesh: Journals and Notebooks, 1964-1980; 7/19/77)",
    "translation": "[Susan Sontag](https://notes.andymatuschak.org/z37xs8Tw2m5gyeeBEYbxY6kkYQXq2PYfjxaam) (As Consciousness Is Harnessed to Flesh: Journals and Notebooks, 1964-1980; 7/19/77)",
    "stage": 3
  },
  {
    "key": "11",
    "original": "> One can never be alone enough to write. To see better.",
    "translation": "> 一个人越孤独写出来的东西越好，见解越独特。",
    "stage": 3
  },
  {
    "key": "12",
    "original": "------",
    "translation": "------",
    "stage": 3
  },
  {
    "key": "13",
    "original": "Q. In what sense does Grothendieck claim he didn’t exactly *learn* to be alone?",
    "translation": "问：Grothendieck 说他并没有真正**学会**独处，这是什么意思？",
    "stage": 3
  },
  {
    "key": "14",
    "original": "A. He views this as a basic capacity endowed at birth, and—for some people—unlearned over time.",
    "translation": "答：他认为这是一种与生俱来的基本能力，而对于某些人来说，随着时间的推移，这种能力逐渐被遗忘。",
    "stage": 3
  },
  {
    "key": "15",
    "original": "Q. What’s the primary reason Grothendieck views solitude as so important?",
    "translation": "问：Grothendieck 为何认为独处如此重要？",
    "stage": 3
  },
  {
    "key": "16",
    "original": "A. Solitude is necessary to “go beyond” the social consensus of what is known, what is worth asking, what one should aim for.",
    "translation": "答：为了「超越」整个社会共识所知的、值得追问的、应该追求的事物，独处是必要的。",
    "stage": 3
  },
  {
    "key": "17",
    "original": "Q. What cautionary tale does Grothendieck observe in many of his preternaturally gifted young peers?",
    "translation": "问：Grothendieck 从他那些天赋异禀的年轻同龄人中观察到了什么警示？",
    "stage": 3
  },
  {
    "key": "18",
    "original": "A. Decades later they’ve become professionals, but their work isn’t quite profound, because they remain prisoners of the context others have set out for them.",
    "translation": "答：几十年后，他们已经成为了专业人士，但他们的工作并没有十分深刻，因为他们仍然受制于别人为他们设定的背景。",
    "stage": 3
  }
]