[
  {
    "key": "0",
    "original": "# People prefer doing to thinking",
    "translation": "# 人们更喜欢行动而不是思考",
    "stage": 9
  },
  {
    "key": "1",
    "original": "[People prefer doing to thinking (andymatuschak.org)](https://notes.andymatuschak.org/zMHvnEVNVQyuU8Uhf4Wij7HnsCD3GgKpAds)",
    "translation": "原文：[People prefer doing to thinking (andymatuschak.org)](https://notes.andymatuschak.org/zMHvnEVNVQyuU8Uhf4Wij7HnsCD3GgKpAds)",
    "stage": 3
  },
  {
    "key": "2",
    "original": "The phrase comes from a paper from Timothy Wilson and colleagues, describing a variety of studies in which participants were asked to sit and think in a bare room for 15 minutes. In one of the studies, the room contained a device they could use to shock themselves, and almost half did—even though they previously answered that they’d pay to avoid a shock!",
    "translation": "这个短语来自于 Timothy Wilson 及其同事的一篇论文，描述了一系列研究，参与者被要求在一个空荡荡的房间里静坐思考 15 分钟。在其中一项研究中，房间里放了一个他们可以用来给自己电击的设备，结果近一半的人都选择了给自己电击——尽管他们此前回答说他们愿意花钱免遭电击！",
    "stage": 3
  },
  {
    "key": "3",
    "original": "Related:",
    "translation": "相关笔记：",
    "stage": 3
  },
  {
    "key": "4",
    "original": "- [Culturally default behaviors fill spare time with others’ ideas](https://notes.andymatuschak.org/zDoZS3Wt316napbdaBGU8C8WLVuyPeAu5Bi)",
    "translation": "- [用别人的想法填满闲暇时间是一种文化习惯](https://notes.andymatuschak.org/zDoZS3Wt316napbdaBGU8C8WLVuyPeAu5Bi)",
    "stage": 3
  },
  {
    "key": "5",
    "original": "- [Many people find difficult creative work mostly unpleasant in the moment](https://notes.andymatuschak.org/z2M8gwu3M7qT49TG48bMxH1Ww1yoFmtEYMvt)",
    "translation": " - [许多人觉得困难的创造性工作在当下大多是不愉快的](https://notes.andymatuschak.org/z2M8gwu3M7qT49TG48bMxH1Ww1yoFmtEYMvt)",
    "stage": 3
  },
  {
    "key": "6",
    "original": "- [It’s hard to hear yourself think](https://notes.andymatuschak.org/z3ruCqbkUjU7U8MD5gaMjzmJV4GuENJ3ie1LP)",
    "translation": "- [倾听自己的想法很难](https://notes.andymatuschak.org/z3ruCqbkUjU7U8MD5gaMjzmJV4GuENJ3ie1LP)",
    "stage": 3
  },
  {
    "key": "7",
    "original": "------",
    "translation": "------",
    "stage": 3
  },
  {
    "key": "8",
    "original": "Q. Vivid experiment demonstrating that people prefer doing to thinking?",
    "translation": "问：有什么生动的实验能证明人们更喜欢行动而不是思考？",
    "stage": 3
  },
  {
    "key": "9",
    "original": "A. Wilson et al asked people to sit and think for 15 minutes but offered them a device they could use to shock themselves, and many did, despite previously stating that they’d pay money to avoid a shock!",
    "translation": "答：Wilson 等人要求人们静坐思考 15 分钟，并给了他们一个可以用来给自己电击的设备，尽管之前他们表示愿意花钱免遭电击，但很多人还是选择了给自己电击！",
    "stage": 3
  },
  {
    "key": "10",
    "original": "## References",
    "translation": "## 参考文献",
    "stage": 3
  },
  {
    "key": "11",
    "original": "Wilson, T. D., Reinhard, D. A., Westgate, E. C., Gilbert, D. T., Ellerbeck, N., Hahn, C., Brown, C. L., & Shaked, A. (2014). Just think: The challenges of the disengaged mind. Science (New York, N.Y.), 345(6192), 75–77. https://doi.org/10.1126/science.1250830",
    "translation": "Wilson, T. D., Reinhard, D. A., Westgate, E. C., Gilbert, D. T., Ellerbeck, N., Hahn, C., Brown, C. L., & Shaked, A. (2014). Just think: The challenges of the disengaged mind. Science (New York, N.Y.), 345(6192), 75–77. https://doi.org/10.1126/science.1250830",
    "stage": 3
  }
]