[
  {
    "key": "0",
    "original": "# People underrate the importance of memory because of bad experiences with rote memorization in school",
    "translation": "# 人们在学校经受过死记硬背，因由这些负面经历而低估记忆的重要性",
    "stage": 9
  },
  {
    "key": "1",
    "original": "[People underrate the importance of memory because of bad experiences with rote memorization in school (andymatuschak.org)](https://notes.andymatuschak.org/z5d7PMFhoTTpJfGAXms4H9gSBvUDRHb43pkfn)",
    "translation": "原文：[People underrate the importance of memory because of bad experiences with rote memorization in school (andymatuschak.org)](https://notes.andymatuschak.org/z5d7PMFhoTTpJfGAXms4H9gSBvUDRHb43pkfn)",
    "stage": 5
  },
  {
    "key": "2",
    "original": "[Deep understanding requires detailed knowledge of fundamentals](https://notes.andymatuschak.org/zQiumA4k3SXo1GeRVJpsrVaBRETAoyYmSERS), but [Many people view memory as unimportant to deep creative work](https://notes.andymatuschak.org/zD5zaKmvTFAAL3PTJGWzkAQr6CtoBCdoXBpM). In many cases, this seems to be an unfortunate casualty of meaningless rote memorization in school: those experiences felt unpleasant and useless, so memory in general must be unpleasant and useless. But when pursued in support of authentic curiosity or meaningful pursuit, memorization can be both rewarding and enabling.",
    "translation": "[实现深刻理解要求细致掌握基础知识](https://notes.andymatuschak.org/zQiumA4k3SXo1GeRVJpsrVaBRETAoyYmSERS)，但[许多人认为记忆对深刻的创造性工作不重要](https://notes.andymatuschak.org/zD5zaKmvTFAAL3PTJGWzkAQr6CtoBCdoXBpM)。在许多情况下，似乎是学校里无意义的死记硬背导致了这一不幸的结果：那些经验不愉快，也感觉没有用，所以推而广之，记忆一定是不愉快而又无用的。但是，如果为支持由衷的好奇或者有意义的追求而去记忆，记忆既可以是有益的，而又是赋能的。",
    "stage": 3
  },
  {
    "key": "3",
    "original": "Relatedly, these experiences leave people thinking of memorization as something burdensome, so their sense of where it’s useful to apply is quite narrow. But [Deciding to remember something with a spaced repetition system is a lightweight gesture](https://notes.andymatuschak.org/z2vBgMKvhXq9yM4wMR3uuQVsqJRarfbfbEoWr).",
    "translation": "与此相关的是，这些经验让人们认为记忆是负担，所以他们对记忆在哪里有用的感觉是相当受限的。但是[间隔重复系统中选择去记忆某项内容的行为有如轻松的手势](https://notes.andymatuschak.org/z2vBgMKvhXq9yM4wMR3uuQVsqJRarfbfbEoWr)。",
    "stage": 5
  },
  {
    "key": "4",
    "original": "See also [Educational objectives often subvert themselves](https://notes.andymatuschak.org/z6qfYv9SPx6M9FZPzVj7o4qVRD1iTGJpMfz6J) for more on the anti-educationalist angle of this note.",
    "translation": "参见[教育的目标往往会自我颠覆](https://notes.andymatuschak.org/z6qfYv9SPx6M9FZPzVj7o4qVRD1iTGJpMfz6J)，以了解本说明的反教育者角度。",
    "stage": 5
  },
  {
    "key": "5",
    "original": "------",
    "translation": "------",
    "stage": 5
  },
  {
    "key": "6",
    "original": "Q. What false generalization do many people make from their negative experiences with rote memorization in school?",
    "translation": "问：许多人从在学校死记硬背的负面经验中，得出了什么错误的推广？",
    "stage": 3
  },
  {
    "key": "7",
    "original": "A. Memory must be unpleasant and unimportant to things that matter.",
    "translation": "答：记忆一定是不愉快且不重要的。",
    "stage": 5
  },
  {
    "key": "8",
    "original": "Q. How do school-age experiences often lead to a general aversion to memorization?",
    "translation": "问：为什么学生时期的经历往往会导致人们普遍厌恶记忆？",
    "stage": 3
  },
  {
    "key": "9",
    "original": "A. Rote memorization in school is often both unpleasant and meaningless.",
    "translation": "答：学校里的死记硬背往往既令人不快又毫无意义。",
    "stage": 5
  },
  {
    "key": "10",
    "original": "------",
    "translation": "------",
    "stage": 5
  },
  {
    "key": "11",
    "original": "## References",
    "translation": "## 参考文献",
    "stage": 5
  },
  {
    "key": "12",
    "original": "Matuschak, A., & Nielsen, M. (2019, October 0). *How can we develop transformative tools for thought?* https://numinous.productions/ttft",
    "translation": "Matuschak, A., & Nielsen, M. (2019, October 0). *How can we develop transformative tools for thought?* https://numinous.productions/ttft",
    "stage": 5
  },
  {
    "key": "13",
    "original": "> So, does all this mean we’re fans of rote memory, the kind of forced memorization common schools? Of course not. What we do believe is that many people’s dislike of rote memorization has led them to a generalized dislike of memory, and consequently to underrate the role it plays in cognition. Memory is, in fact, a central part of cognition. But the right response to this is not immense amounts of dreary rote memorization. Rather, it’s to use good tools and good judgment to memorize what truly matters.",
    "translation": "> 那么，这一切是否意味着我们是死记硬背的粉丝，就像普通学校里那种强迫的记忆？当然不是。我们相信，许多人不喜欢死记硬背，使得他们普遍不喜欢记忆，并因此低估了记忆在认知中的作用。事实上，记忆是认知的一大核心部分。但正确的举措，不是大量枯燥的死记硬背。相反，要搭配良工巧思记住真正重要的东西。",
    "stage": 3
  }
]