[
  {
    "key": "0",
    "original": "# Pitching out corrupts within",
    "translation": "# 揭发内部腐败",
    "stage": 9
  },
  {
    "key": "1",
    "original": "[Pitching out corrupts within (andymatuschak.org)](https://notes.andymatuschak.org/zqG92bvaL58AWMeL97jXaRd1Dm6hsfGvhAn)",
    "translation": "原文：[Pitching out corrupts within (andymatuschak.org)](https://notes.andymatuschak.org/zqG92bvaL58AWMeL97jXaRd1Dm6hsfGvhAn)",
    "stage": 5
  },
  {
    "key": "2",
    "original": "If you’re trying to answer an interesting question, you probably can’t write yourself a complete roadmap. You can survey the terrain and de-risk as much as is sensible, but you’ll reach your destination via the insights and opportunities you discover along the way. Consequently, it’s terribly important that you keep your eyes open and avoid fooling yourself: your breakthrough might be hiding in that outlier data point you’re tempted to elide in your analysis.",
    "translation": "如果你试图回答一个有趣的问题，你可能无法为自己写一份完整的路线图。你可以勘察情况，并尽可能地降低风险，但没有半路上遇到的机会，突发的灵光一闪，你到达不了目的地。因此，非常重要的是，你要睁大眼睛，避免自欺欺人：你的突破点，可能就藏在那个你想要一带而过的异常数据点之中。",
    "stage": 5
  },
  {
    "key": "3",
    "original": "If you need to be brutally honest when talking to yourself, you’d better be brutally honest when talking to others about your work. I don’t think it’s possible to craft slanted marketing messages about your “great progress” without closing your eyes to what’s actually happening. By contrast, if you [Work with the garage door up](https://notes.andymatuschak.org/z21cgR9K3UcQ5a7yPsj2RUim3oM2TzdBByZu) and openly discuss the challenges you’re struggling with (aka [Anti-marketing](https://notes.andymatuschak.org/z4bK6LaSBRetDzuYkeCs3A8mJ8DufTbK4o6FS), you create a feedback loop which rewards skepticism and honesty. You make integrity a consistent part of your identity, rather than trying to wall it off from your marketing messages.",
    "translation": "既然你在和自己交谈时需要非常坦诚，那么你最好在和别人谈论你的工作时也要非常坦诚。我认为，说出那些有失公允的自吹自擂来营销自己的人，都是闭着眼睛说瞎话的。相比之下，如果你「[开门造车](https://notes.andymatuschak.org/z21cgR9K3UcQ5a7yPsj2RUim3oM2TzdBByZu)」，开诚布公地讨论你正在努力应对的挑战（又称[反向营销](https://notes.andymatuschak.org/z4bK6LaSBRetDzuYkeCs3A8mJ8DufTbK4o6FS)），你就会创造反馈循环，奖励怀疑和诚实的态度。你让诚信成为你身份的一部分，而不是试图将它与你的营销信息隔绝开来。",
    "stage": 5
  },
  {
    "key": "4",
    "original": "------",
    "translation": "------",
    "stage": 5
  },
  {
    "key": "5",
    "original": "## References",
    "translation": "## 参考文献",
    "stage": 5
  },
  {
    "key": "6",
    "original": "Conversation with Michael Nielsen, 2019-11-27",
    "translation": "与 Michael Nielsen 的对话, 2019-11-27",
    "stage": 5
  },
  {
    "key": "7",
    "original": "The title is taken from:",
    "translation": "标题取自：",
    "stage": 5
  },
  {
    "key": "8",
    "original": "Tufte, E. R. (2006). *The cognitive style of PowerPoint: Pitching out corrupts within*. Cheshire, Conn.: Graphics Press.",
    "translation": "Tufte, E. R. (2006). *The cognitive style of PowerPoint: Pitching out corrupts within*. Cheshire, Conn.: Graphics Press.",
    "stage": 5
  }
]