[
  {
    "key": "0",
    "original": "# Plans are worthless, but planning is everything",
    "translation": "# 计划本身不算什么，计划过程才是关键",
    "stage": 9
  },
  {
    "key": "1",
    "original": "[Plans are worthless, but planning is everything (andymatuschak.org)](https://notes.andymatuschak.org/zRJ5mjwiTryLbJ7Jm2bDhgjLtYSa6xc6sEYS)",
    "translation": "原文：[Plans are worthless, but planning is everything (andymatuschak.org)](https://notes.andymatuschak.org/zRJ5mjwiTryLbJ7Jm2bDhgjLtYSa6xc6sEYS)",
    "stage": 3
  },
  {
    "key": "2",
    "original": "This paradoxical phrase explains a great deal. Time and time again I’ve found myself forced to discard the results of some lengthy planning exercise… but I’m always so much better off than if I’d simply improvised the whole thing. Concretely, this may be a matter of precomputing some of the branches and considerations involved, which might make it easier to think on my feet later. Very loose interpretation of [“Chunks” in human cognition](https://notes.andymatuschak.org/z75gWU7QuiB5L3x6zFGLGQk3fVkuVJ6eKuEwP).",
    "translation": "这个看似自相矛盾的短语解释了很多事情。我一次又一次地发现，自己不得不放弃一些长期规划任务的结果。但即便如此，我也觉得，这比只是简单地即兴发挥要好得多。具体而言，规划无非就是事先考虑接下来要处理的事情所涉及的各个方面，这也许会让我按照自己的节奏去思考变得更为容易一些。目前，现有对[人类认知中的「组块」](https://notes.andymatuschak.org/z75gWU7QuiB5L3x6zFGLGQk3fVkuVJ6eKuEwP)的解释非常松散。",
    "stage": 3
  },
  {
    "key": "3",
    "original": "This phrase is attributed to {Eisenhower}, but it’s [likely](https://quoteinvestigator.com/2017/11/18/planning/) his adaptation of an earlier Churchill note: “the best generals are those who arrive at the results of planning without being tied to plans.” Eisenhower himself attributed the phrase to an anonymous soldier.",
    "translation": "这句话被认为是出自于{艾森豪斯威尔}，但这句话[很可能](https://quoteinvestigator.com/2017/11/18/planning/)是他对于丘吉尔早年的一句话的改编：「最好的将军是那些不受计划束缚并达成计划结果的人。」艾森豪威尔本人却认为，这句话出自一位无名的士兵之口。",
    "stage": 3
  }
]