[
  {
    "key": "0",
    "original": "# Poor performance disrupts nonlinear reading in digital reading",
    "translation": "# 在电子阅读中，糟糕的性能会破坏非线性阅读",
    "stage": 9
  },
  {
    "key": "1",
    "original": "[Poor performance disrupts nonlinear reading in digital reading (andymatuschak.org)](https://notes.andymatuschak.org/z239u1Bav77BRcx7xyD49wF62wdvPY81S51Qv)",
    "translation": "原文：[Poor performance disrupts nonlinear reading in digital reading (andymatuschak.org)](https://notes.andymatuschak.org/z239u1Bav77BRcx7xyD49wF62wdvPY81S51Qv)",
    "stage": 5
  },
  {
    "key": "2",
    "original": "[Skillful reading is generally non-linear](https://notes.andymatuschak.org/z3S7mmbydSX5Kx3V8mvkWLBcRGCgtroaY8XPz), but digital reading experiences often make rapid scanning and referencing more painful simply by being slow. When flipping a few pages forwards or backwards occasions hiccups or blank screens, the environment pushes readers to read less effectively.",
    "translation": "[熟练的阅读通常是非线性的](https://notes.andymatuschak.org/z3S7mmbydSX5Kx3V8mvkWLBcRGCgtroaY8XPz)，但电子阅读体验往往仅仅因为加载缓慢而使快速浏览和快速参考更加痛苦。当向前或向后翻动几页时，就会出现卡顿或白屏，这种环境促使读者的阅读效率降低。",
    "stage": 5
  },
  {
    "key": "3",
    "original": "Worse: because [Maintaining multiple reading positions is difficult when reading digitally](https://notes.andymatuschak.org/z7ZNevNutwN3wT5hTRLUipssHBNbxUWSyDHrr), one must often perform many back-to-back “flip page” operations to move between relevant passages. If you were reading a physical book, you’d stick your finger in one position and turn the intervening pages as a block, but the digital reader must suffer delays which usually accumulate with each turned page.",
    "translation": "更糟的是：因为[进行电子阅读时，很难保持多个阅读位置](https://notes.andymatuschak.org/z7ZNevNutwN3wT5hTRLUipssHBNbxUWSyDHrr)，人们必须经常进行许多连续「翻页」操作，才能在相关段落之间移动。如果你在阅读一本实体书，你会把手指放在一个位置上，然后把中间的几页作为一个块来翻，但是电子阅读器必须承受延迟，而这种延迟通常会随着每一页的翻动而累积。",
    "stage": 3
  }
]