[
  {
    "key": "0",
    "original": "# Prefer positive note titles to promote systematic theory",
    "translation": "# 笔记标题建议正面表述，以促进说理系统化",
    "stage": 9
  },
  {
    "key": "1",
    "original": "[Prefer positive note titles to promote systematic theory (andymatuschak.org)](https://notes.andymatuschak.org/z8T6sLNco2benUMgcXUXeJh35eW2obP48DoPp)",
    "translation": "原文：[Prefer positive note titles to promote systematic theory (andymatuschak.org)](https://notes.andymatuschak.org/z8T6sLNco2benUMgcXUXeJh35eW2obP48DoPp)",
    "stage": 5
  },
  {
    "key": "2",
    "original": "When writing [Evergreen notes](https://notes.andymatuschak.org/z4SDCZQeRo4xFEQ8H4qrSqd68ucpgE6LU155C), it’s tempting to write notes like “X is bad” or “Y doesn’t work.” Prefer instead to write note titles which express the property or requirement in a positive sense.",
    "translation": "在写[常青笔记](https://notes.andymatuschak.org/z4SDCZQeRo4xFEQ8H4qrSqd68ucpgE6LU155C)时，很容易写出类似「X 不好」或「Y 不行」的笔记。更可取的做法，则是让笔记标题正面地表达事物属性或要求。",
    "stage": 5
  },
  {
    "key": "3",
    "original": "If you’ve thought them through, negatively-oriented notes usually contain a descriptive theory of why the missing/flawed property is important. By bringing that theory to the foreground, you make it easier to see the claims in a systematic context, which, in turn, makes it easier to build on.",
    "translation": "仔细想来，主旨含有否定意味的笔记，通常包含一个描述性的理论，说明为什么缺失/缺憾的属性是重要的。把内隐的说理摆在明面上，更易于在更系统的上下文下审视主张，进一步阐释也不在话下。",
    "stage": 5
  },
  {
    "key": "4",
    "original": "For example:",
    "translation": "比如说：",
    "stage": 5
  },
  {
    "key": "5",
    "original": "- [Metacognitive supports require dynamic, participatory environments](https://notes.andymatuschak.org/z6sGtFW1yd4qgcxkLQsEBEJWxLKmBdjMQzKfa), not “Passive environments can’t offer good metacognitive support”",
    "translation": "- [元认知支持需要动态的、参与性的环境](https://notes.andymatuschak.org/z6sGtFW1yd4qgcxkLQsEBEJWxLKmBdjMQzKfa)，而不是「被动环境不能提供良好的元认知支持」",
    "stage": 5
  },
  {
    "key": "6",
    "original": "- [Use phones to collect and triage, not (usually) to read](https://notes.andymatuschak.org/z3YtsKc76oFwr9fxWkcNwAQdV1JGpUQ46hJ79), not “Don’t read on your phone”",
    "translation": "- [用手机来收集和分流，而不是（通常）用来阅读](https://notes.andymatuschak.org/z3YtsKc76oFwr9fxWkcNwAQdV1JGpUQ46hJ79)，而不是「不要用手机阅读」",
    "stage": 5
  }
]