[
  {
    "key": "0",
    "original": "# Prefer associative ontologies to hierarchical taxonomies",
    "translation": "# 优先建立信息间的联系来分类，而非使用层级式分类法",
    "stage": 9
  },
  {
    "key": "1",
    "original": "[Prefer associative ontologies to hierarchical taxonomies (andymatuschak.org)](https://notes.andymatuschak.org/z29hLZHiVt7W2uss2uMpSZquAX5T6vaeSF6Cy)",
    "translation": "原文：[Prefer associative ontologies to hierarchical taxonomies (andymatuschak.org)](https://notes.andymatuschak.org/z29hLZHiVt7W2uss2uMpSZquAX5T6vaeSF6Cy)",
    "stage": 5
  },
  {
    "key": "2",
    "original": "Let structure emerge organically. When it’s imposed from the start, you prematurely constrain what may emerge and artificially compress the nuanced relationships between ideas.",
    "translation": "让结构自然、有机地从创作中涌现吧。如果一开始就预定了创作结构，你就会过早地限制可能涌现而出的东西，并人为压缩想法和想法之间的微妙关系。",
    "stage": 5
  },
  {
    "key": "3",
    "original": "Our file systems, organizational structures, and libraries suggest that hierarchical categories are the natural structure of the world. But often items belong in many places. And items relate to other items in very different hierarchical categories.",
    "translation": "从我们的文件系统、组织结构和图书馆上看，层级分类是世界的自然结构。然而项目通常不止属于一处，且互相关联的项目，却常常归类到不同的层级之下。",
    "stage": 5
  },
  {
    "key": "4",
    "original": "Worse, by presorting things into well-specified categories, we necessarily fuzz their edges. Things don’t always fit *exactly*. Maybe once enough new ideas are collected, a new category would emerge… except you can’t see its shape because everything’s already been sorted. And because everything’s already been sorted, further sorting requires undoing existing structure.",
    "translation": "更糟的是，如果预先明确划分类别，这些类别之间的边界必然是模糊的。不是所有事情都能**精准地**归类。也许一旦积累足够多的新想法，新的类别又冒出来了......只是你看不到它的新形状，因为一切都已经被分类了。此时，进一步的分类需要拆现有的结构。",
    "stage": 5
  },
  {
    "key": "5",
    "original": "It’s better to let networks of related ideas to gradually emerge, unlabeled: [Let ideas and beliefs emerge organically](https://notes.andymatuschak.org/z5uSCvx3W2GdzBVhWAAXrrCcykJ8SHimdJzg7). Once you can see the shape, then you can think about its character. This is one reason why [Evergreen notes are a safe place to develop wild ideas](https://notes.andymatuschak.org/z8RTzukqNLKFXzqLwx25HrUrg5E5jiziGznWB).",
    "translation": "最好是让关联的想法所形成的网络逐渐涌现，不加任何标签：[让思想和信念有机地涌现](https://notes.andymatuschak.org/z5uSCvx3W2GdzBVhWAAXrrCcykJ8SHimdJzg7)。一旦你能看到形状，那么你就可以思考它的特征了。这就是为什么[常青笔记是发展大胆想法的安全场所](https://notes.andymatuschak.org/z8RTzukqNLKFXzqLwx25HrUrg5E5jiziGznWB)的原因之一。",
    "stage": 5
  },
  {
    "key": "6",
    "original": "But beware: [Tags are an ineffective association structure](https://notes.andymatuschak.org/z3MzhvmesiD2htMaEFQJif7gJgyaHAQvKH49Z).",
    "translation": "但要注意：[标签是一种无效的关联结构](https://notes.andymatuschak.org/z3MzhvmesiD2htMaEFQJif7gJgyaHAQvKH49Z)。",
    "stage": 5
  },
  {
    "key": "7",
    "original": "One consequence of following this advice: [It’s hard to navigate to unlinked “neighbors” in associative note systems](https://notes.andymatuschak.org/zT6iA52811NuLvbU9W8ixeDc3KUqyCT1wN8).",
    "translation": "本建议有一个副作用是：[在关联型笔记系统中，很难导航到未经链接的「邻居」](https://notes.andymatuschak.org/zT6iA52811NuLvbU9W8ixeDc3KUqyCT1wN8)。",
    "stage": 5
  },
  {
    "key": "8",
    "original": "------",
    "translation": "------",
    "stage": 5
  },
  {
    "key": "9",
    "original": "## References",
    "translation": "## 参考文献",
    "stage": 5
  },
  {
    "key": "10",
    "original": "Bush, Vannevar. “As We May Think.” *Atlantic Monthly*, July 1945.",
    "translation": "Bush, Vannevar. “As We May Think.” *Atlantic Monthly*, July 1945.",
    "stage": 5
  },
  {
    "key": "11",
    "original": "> Our ineptitude in getting at the record is largely caused by the artificiality of systems of indexing. When data of any sort are placed in storage, they are filed alphabetically or numerically, and information is found (when it is) by tracing it down from subclass to subclass. It can be in only one place, unless duplicates are used; one has to have rules as to which path will locate it, and the rules are cumbersome. Having found one item, moreover, one has to emerge from the system and re-enter on a new path. **The human mind does not work that way. It operates by association. With one item in its grasp, it snaps instantly to the next that is suggested by the association of thoughts, in accordance with some intricate web of trails carried by the cells of the brain.**",
    "translation": "> 我们不善查阅各种记录，这现象主要归咎于索引系统的刻意人造性。无论何种类型的数据，都要按字母顺序或数字顺序进行归档，而为查阅信息（能找到的话），则要深入层层子类步步寻踪。若无副本，信息只能在唯一一处被找到；不仅如此，找到一条信息后，就要先回到出发点再进入系统，走一条新路径查询下一条信息。人类思维不是这样运转的，而需依靠联想。脑细胞里存储的，是精微复杂的网络，由思绪轨迹编织而成，描述了想法之间的关联。根据这些关联，拿到一条信息，人类思维就能转瞬间联想到到另一条相关信息。",
    "stage": 5
  },
  {
    "key": "12",
    "original": "[Why Categories for Your Note Archive are a Bad Idea • Zettelkasten Method](https://zettelkasten.de/posts/no-categories/)",
    "translation": "[为什么笔记分类是个坏主意 - Zettelkasten方法](https://zettelkasten.de/posts/no-categories/)",
    "stage": 5
  },
  {
    "key": "13",
    "original": "> Topic clusters emerge by themselves, especially surrounding keywords or tags. The resulting archive fits the way you think because it grew according to your interests. Also, things are labeled in a way especially meaningful to *you*, not anybody else. This is all about *personal information management*, so personalization is a must, and increasing idiosyncrasy will likely make things better.",
    "translation": ">主题靠拢在一起形成的「群簇」会自发涌现，尤其是围绕着它们的关键字或标签。 由此产生的归档结果更契合你的思维方式，因为它是顺应你的兴趣而发展的。 而且，事物被贴上了特别对**你**有意义的标签，而不是对别人。归档是一项很个人的**信息管理**，所以必须个性化，而且更浓厚的个人风格则能锦上添花。",
    "stage": 5
  },
  {
    "key": "14",
    "original": "Ahrens, S. (2017). *How to Take Smart Notes: One Simple Technique to Boost Writing, Learning and Thinking – for Students, Academics and Nonfiction Book Writers*.",
    "translation": "Ahrens, S. (2017). *How to Take Smart Notes: One Simple Technique to Boost Writing, Learning and Thinking – for Students, Academics and Nonfiction Book Writers*.",
    "stage": 5
  },
  {
    "key": "15",
    "original": "> In the old system, the question is: Under which topic do I store this note? In the new system, the question is: In which context will I want to stumble upon it again?",
    "translation": "> 传统笔记系统中，主要问题是某条笔记要存放在哪个主题下；而卢曼卡片盒笔记系统中，主要问题则是在哪种情景下想再见到某条笔记。",
    "stage": 5
  }
]