[
  {
    "key": "0",
    "original": "# Prefer labeled associations",
    "translation": "# 优先使用经过标注的关联",
    "stage": 9
  },
  {
    "key": "1",
    "original": "[Prefer labeled associations (andymatuschak.org)](https://notes.andymatuschak.org/z7pGUpz2fQsHHUPbjThz85xXPvHwrmikAeYH4)",
    "translation": "原文：[Prefer labeled associations (andymatuschak.org)](https://notes.andymatuschak.org/z7pGUpz2fQsHHUPbjThz85xXPvHwrmikAeYH4)",
    "stage": 5
  },
  {
    "key": "2",
    "original": "Edges linking nodes in information systems (e.g. [Evergreen notes should be densely linked](https://notes.andymatuschak.org/z2HUE4ABbQjUNjrNemvkTCsLa1LPDRuwh1tXC)) should themselves be labeled in some way which contextualizes the association. It’s often not enough to say “X is related to Y”: better to say “X goes into more detail about Y in the context of Z.”",
    "translation": "在信息系统中连接节点的边（例如，[常青笔记之间应该建立大量链接](https://notes.andymatuschak.org/z2HUE4ABbQjUNjrNemvkTCsLa1LPDRuwh1tXC)）本身应以某种方式标注，以展现关联的背景。仅仅说「X 与 Y 有关」通常是不够的：最好说「X 在 Z 的背景下更详细地介绍了 Y。」",
    "stage": 5
  },
  {
    "key": "3",
    "original": "The extra context will be a cue for your memory or evaluation of the linked material, which will help you effectively navigate the knowledge graph and retrace your former thought processes.",
    "translation": "额外的背景将是你记住或评估链接材料的引子，这将帮助你有效地浏览知识图谱，回溯你之前的思考过程。",
    "stage": 5
  }
]