[
  {
    "key": "0",
    "original": "# Premature scaling can stunt system iteration",
    "translation": "# 过早的扩大规模会阻碍系统的迭代",
    "stage": 9
  },
  {
    "key": "1",
    "original": "[Premature scaling can stunt system iteration (andymatuschak.org)](https://notes.andymatuschak.org/z2kr7QrJczqYyfwLFcv1FLEUMdVTsgfYSdFXA)",
    "translation": "原文：[Premature scaling can stunt system iteration (andymatuschak.org)](https://notes.andymatuschak.org/z2kr7QrJczqYyfwLFcv1FLEUMdVTsgfYSdFXA)",
    "stage": 5
  },
  {
    "key": "2",
    "original": "Particularly in Silicon Valley, when one has a prototype or an inkling that works well, the temptation is to scale it out. Make it work for more people and more use cases, turn it into a platform, make the graphs go up and to the right, etc. This is obviously a powerful playbook, but it should be deployed with careful timing because it tends to freeze the conceptual architecture of the system.",
    "translation": "特别是在硅谷，当一个人有了一个原型或一点运作良好的模糊念头时，就面临将其扩大的诱惑：让它为更多的人和更多的用例工作，把它变成一个平台，让业绩折线图向右上角奔跑，等等。这个剧本显然威力巨大，但它的部署应该有谨慎的时机，因为它往往会让整个系统的概念架构冻结在早期。",
    "stage": 3
  },
  {
    "key": "3",
    "original": "## Why",
    "translation": "## 为什么",
    "stage": 5
  },
  {
    "key": "4",
    "original": "General infrastructure simply takes time to build. You have to carefully design interfaces, write documentation and tests, and make sure that your systems will handle load. All of that is rival with experimentation, and not just because it takes time to build: it also makes the system much more rigid.",
    "translation": "你要花时间建设通用的基础设施。需要仔细设计接口，写文档和测试，并且确保系统能处理负载。这些工作和做实验是对立的，不仅因为要占用时间：这套系统会更加固化。",
    "stage": 3
  },
  {
    "key": "5",
    "original": "Once you have lots of users with lots of use cases, it’s more difficult to change anything or to pursue radical experiments. You’ve got to make sure you don’t break things for people or else carefully communicate and manage change.",
    "translation": "一旦用户和用例增加，做出改变或者进行大胆的实验就变得很困难。你要保证现有的功能不被破坏，否则需要小心地沟通并管理变化。",
    "stage": 3
  },
  {
    "key": "6",
    "original": "Those same varied users simply consume a great deal of time day-to-day: a fault which occurs for 1% of people will present no real problem in a small prototype, but it’ll be high-priority when you have 100k users.",
    "translation": "这些不同的用户每天都要消耗大量的时间：在一个小的原型中，1% 的人出现的故障不会带来真正的问题，但当你有 10 万个用户时，它就会成为高度优先的问题。",
    "stage": 5
  },
  {
    "key": "7",
    "original": "Once this playbook becomes the primary goal, your incentives change: your goal will naturally become making the graphs go up, rather than answering fundamental questions about your system.",
    "translation": "一旦这个剧本成为主要目标，你的动机就会改变：你的目标自然会变成使业绩图表上升，而不是回答关于你的系统的基本问题。",
    "stage": 3
  },
  {
    "key": "8",
    "original": "## On remaining small",
    "translation": "## 关于保持小规模",
    "stage": 5
  },
  {
    "key": "9",
    "original": "One huge advantage to scaling up is that you’ll get far more feedback for your [Insight through making](https://notes.andymatuschak.org/z7YyAp683VNbTmDG4hx9QFpf5urwxZJpsycS6) process. It’s true that [Effective system design requires insights drawn from serious contexts of use](https://notes.andymatuschak.org/z3H98n8DGZmu8XArqHZVsckyWvbTe8wK4kAt2), but it’s possible to create small-scale serious contexts of use which will allow you to answer many core questions about your system. Indeed: technologists often instinctively scale their systems to increase the chances that they’ll get powerful feedback from serious users, but that’s quite a stochastic approach. You can accomplish that goal by carefully structuring your prototyping process. This may be better in the end because [Insight through making prefers bricolage to big design up front](https://notes.andymatuschak.org/z7Ldzn94FibghJBEG9hAebu8LMNV7NVBFvsfg)",
    "translation": "扩大规模的一个巨大的好处是，[实践出洞见](https://notes.andymatuschak.org/z7YyAp683VNbTmDG4hx9QFpf5urwxZJpsycS6)的过程能得到更多的反馈。诚然，[有效的系统设计需要从真刀真枪的使用情境汲取洞见](https://notes.andymatuschak.org/z3H98n8DGZmu8XArqHZVsckyWvbTe8wK4kAt2)，但是创造小规模的真刀真枪的使用环境是可能的，你同样能将其用于回答关于你的系统的许多核心问题。事实上：技术专家经常本能地扩大他们的系统，以增加他们从严肃用户那里得到有力反馈的机会，但这是一个相当随机的方法。你可以通过精心组织你的原型设计过程来实现这一目标。这最终可能会更好，因为[实践出洞见时，建议摸石头过河而不是先画蓝图](https://notes.andymatuschak.org/z7Ldzn94FibghJBEG9hAebu8LMNV7NVBFvsfg)",
    "stage": 5
  },
  {
    "key": "10",
    "original": "Eventually, of course, you’ll need to generalize the system to answer certain questions, but at least in terms of research outcomes, it’s best to make scaling *follow* the need expressed by those questions. In that sense, it’s an instrumental end, not an ultimate end.",
    "translation": "当然，最终你会需要对系统进行归纳，以回答某些问题，但至少在研究成果方面，最好是使规模**遵循**这些问题所表达的需要。在这个意义上，它是一个工具性的目的，而不是一个终极目的。",
    "stage": 3
  }
]