[
  {
    "key": "0",
    "original": "# Prompts written in prose notes about source material lack context",
    "translation": "# 用散文格式编写的关于源材料的卡片缺乏上下文",
    "stage": 9
  },
  {
    "key": "1",
    "original": "[Prompts written in prose notes about source material lack context (andymatuschak.org)](https://notes.andymatuschak.org/z39cc5AFaeVExHJkKKEEjAohRNZxz7iuZWSTX)",
    "translation": "原文：[Prompts written in prose notes about source material lack context (andymatuschak.org)](https://notes.andymatuschak.org/z39cc5AFaeVExHJkKKEEjAohRNZxz7iuZWSTX)",
    "stage": 3
  },
  {
    "key": "2",
    "original": "In [My implementation of a personal mnemonic medium](https://notes.andymatuschak.org/z4mAF1uBV96r72e4NjLcDaujEyTPGiUQJEj8C), I’ve noticed that working with prompts in prose format avoids some of the myopia characteristic of SRS authoring interfaces. But in one common situation, writing many prompts about a book I’m reading, the prose prompts still suffer for having been stripped of their source context.",
    "translation": "在[我的个人助记媒介实现](https://notes.andymatuschak.org/z4mAF1uBV96r72e4NjLcDaujEyTPGiUQJEj8C)中，我注意到，使用散文格式编写的卡片可以避免一些 SRS 创作界面所特有的短视。但是，有个常见的情况，当我为正在阅读的书籍撰写许多卡片时，这些散文卡片仍然因脱离了它们的源上下文而受到影响。",
    "stage": 3
  },
  {
    "key": "3",
    "original": "Because they’re not associated with source material, it’s more difficult to evaluate whether I’ve “covered” what I meant to, or to revise prompts which are ambiguous or haven’t captured the right angle.",
    "translation": "由于它们与原始资料没有联系在一起，我更难评估是否「涵盖」了我打算表达的内容。修改那些模糊或未抓住正确角度的卡片也变得更加困难。",
    "stage": 3
  },
  {
    "key": "4",
    "original": "If I write many prompts about a single book, they’ll take the form of an enormous, visually undifferentiated text file. That’s awfully hard to navigate, visually and practically! So I’ll often separate conceptual sections with subheadings… but still. I find it’s often easiest to think about prompts in terms of the corresponding “position” in the text, but the prose-embedded prompts drop that spatiality.",
    "translation": "如果我为一本书写很多卡片，它们将形成一个庞大的、视觉上无法区分的文本文件。这在视觉上和实践中都非常难以浏览！所以，我通常会用副标题分隔概念性部分……但仍然如此。我发现，最容易的方法是根据卡片在文本中对应的「位置」来思考卡片，但是将卡片嵌入到散文中会丢失这种空间关系。",
    "stage": 3
  },
  {
    "key": "5",
    "original": "See also my notes on [Interface for writing spaced repetition prompts inline while reading web content](https://notes.andymatuschak.org/z6NAUU151tRAwC9JCEbi5aW7PVU2BFiwmsFWt) for possibilities / alternatives.",
    "translation": "另请参见我的笔记，[在阅读网络内容时，在行内编写间隔重复卡片的界面](https://notes.andymatuschak.org/z6NAUU151tRAwC9JCEbi5aW7PVU2BFiwmsFWt)，以了解可能性和替代方案。",
    "stage": 3
  }
]