[
  {
    "key": "0",
    "original": "# Retrieval practice appears to be a more effective learning activity than elaborative encoding",
    "translation": "# 提取练习似乎是一种比精细编码更有效的学习活动",
    "stage": 9
  },
  {
    "key": "1",
    "original": "[Retrieval practice appears to be a more effective learning activity than elaborative encoding (andymatuschak.org)](https://notes.andymatuschak.org/z6z7GhYwjvT6eYbBDQgUbmcshywmskqnVs3Y6)",
    "translation": "原文：[Retrieval practice appears to be a more effective learning activity than elaborative encoding (andymatuschak.org)](https://notes.andymatuschak.org/z6z7GhYwjvT6eYbBDQgUbmcshywmskqnVs3Y6)",
    "stage": 3
  },
  {
    "key": "2",
    "original": "Making concept maps or generating one’s own questions seems like it’d be a great way to learn about a domain, but at least for basic knowledge, retrieval practice appears to be a more effective learning activity:",
    "translation": "制作概念图或提出自己的问题似乎是了解一个领域的好方法，但至少对于基础知识而言，提取练习似乎是更有效的学习活动：",
    "stage": 3
  },
  {
    "key": "3",
    "original": "- [Karpicke, J. D., & Blunt, J. R. (2011). Retrieval Practice Produces More Learning than Elaborative Studying with Concept Mapping. Science, 331(6018), 772–775.](https://notes.andymatuschak.org/z78CeJK6CpQWhzruLZZ8cVxeQ2WaHgzHNmHsq)",
    "translation": "- [Karpicke, J. D., & Blunt, J. R. (2011). Retrieval Practice Produces More Learning than Elaborative Studying with Concept Mapping. Science, 331(6018), 772–775.](https://notes.andymatuschak.org/z78CeJK6CpQWhzruLZZ8cVxeQ2WaHgzHNmHsq)",
    "stage": 3
  },
  {
    "key": "4",
    "original": "- [Karpicke, J. D., & Smith, M. A. (2012). Separate mnemonic effects of retrieval practice and elaborative encoding. Journal of Memory and Language, 67(1), 17–29. https:\\/\\/doi.org\\/10.1016\\/j.jml.2012.02.004](https://notes.andymatuschak.org/Karpicke%2C_J._D.%2C_%26_Smith%2C_M._A._(2012)._Separate_mnemonic_effects_of_retrieval_practice_and_elaborative_encoding._Journal_of_Memory_and_Language%2C_67(1)%2C_17–29._https%3A\\%2F\\%2Fdoi.org\\%2F10.1016\\%2Fj.jml.2012.02.004)",
    "translation": "- [Karpicke, J. D., & Smith, M. A. (2012). Separate mnemonic effects of retrieval practice and elaborative encoding. Journal of Memory and Language, 67(1), 17–29. https:\\/\\/doi.org\\/10.1016\\/j.jml.2012.02.004](https://notes.andymatuschak.org/Karpicke%2C_J._D.%2C_%26_Smith%2C_M._A._(2012)._Separate_mnemonic_effects_of_retrieval_practice_and_elaborative_encoding._Journal_of_Memory_and_Language%2C_67(1)%2C_17–29._https%3A\\%2F\\%2Fdoi.org\\%2F10.1016\\%2Fj.jml.2012.02.004)",
    "stage": 3
  }
]