[
  {
    "key": "0",
    "original": "# Salience of improvement drives skill development",
    "translation": "# 对进步的直观感知驱动技能发展",
    "stage": 9
  },
  {
    "key": "1",
    "original": "[Salience of improvement drives skill development (andymatuschak.org)](https://notes.andymatuschak.org/z3TLgRqbKq1iQvYNvxenccLPZUuJNB329uwGw)",
    "translation": "原文：[Salience of improvement drives skill development (andymatuschak.org)](https://notes.andymatuschak.org/z3TLgRqbKq1iQvYNvxenccLPZUuJNB329uwGw)",
    "stage": 5
  },
  {
    "key": "2",
    "original": "Everyone knows what virtuosic piano playing sounds like. When an amateur plays, he naturally compares himself to recording he’s heard—and may quite painfully feel how much improvement is possible! By contrast, when people make complex decisions, they usually lack a visceral sense that they’re an amateur. Military officers are trained to make strategic and decisive decisions, but that’s not particularly salient to a small business owner. Decision-making, as an abstract skill, wouldn’t appear on the “skill weightlifting” menu.",
    "translation": "谁都知道高超的钢琴演奏听起来怎样。当一个业余爱好者演奏时，他自然会将自己与听到的录音比较——也许还会对这二者的差距感到相当痛苦！相比之下，人们做复杂决定时，他们通常对自己业余选手的身份缺乏自觉。军官接受的训练要求他们能做出战略性决断，但这种战略性对一个小生意人来说并不特别重要。决策，作为一种抽象的技能，不会出现在「技能举重」菜单上。",
    "stage": 3
  },
  {
    "key": "3",
    "original": "I suspect that this is one key reason why [People generally develop skills to a plateau and then stop](https://notes.andymatuschak.org/z5gHroEM2vM2WcKxkdcsCw8qv5tmHSbBVxEb4), and in particular why [Athletes and musicians pursue virtuosity in fundamental skills much more rigorously than knowledge workers do](https://notes.andymatuschak.org/z4qhD8UwNAmJDdJUC36BUGp5PEUfgfzZXvkhB). If you’ve never heard of a [Spaced repetition memory system](https://notes.andymatuschak.org/z4eXdSMJFv2qVGXSUEKH4vdcHBrLHcFY1ZGfC), it’s probably not obvious that memory can be made a solved problem. If you’ve never heard of [Evergreen notes](https://notes.andymatuschak.org/z4SDCZQeRo4xFEQ8H4qrSqd68ucpgE6LU155C), it’s probably not obvious that [Knowledge workers usually have no specific methods for developing ideas over time](https://notes.andymatuschak.org/z2A9r2zcddVXfxjevj5Nzayhwxr9VuycjxYdz).",
    "translation": "我怀疑这就是为什么[人们通常将技能发展到一个高原，然后停止](https://notes.andymatuschak.org/z5gHroEM2vM2WcKxkdcsCw8qv5tmHSbBVxEb4)，特别是为什么[运动员和音乐家比知识工作者更严格地追求基本技能的精湛性](https://notes.andymatuschak.org/z4qhD8UwNAmJDdJUC36BUGp5PEUfgfzZXvkhB)的一个关键原因。如果你从来没有听说过[间隔重复记忆系统](https://notes.andymatuschak.org/z4eXdSMJFv2qVGXSUEKH4vdcHBrLHcFY1ZGfC)，记忆能否成为一个可以解决的问题，可能并不是很明显。如果你没有听说过[常青笔记](https://notes.andymatuschak.org/z4SDCZQeRo4xFEQ8H4qrSqd68ucpgE6LU155C)，那么[知识工作者对于逐步完善想法往往没有具体方法](https://notes.andymatuschak.org/z2A9r2zcddVXfxjevj5Nzayhwxr9VuycjxYdz)可能也不明显。",
    "stage": 3
  }
]