[
  {
    "key": "0",
    "original": "# Some “educational” activities have intrinsically meaningful purposes",
    "translation": "# 一些“教育”活动的目标有其内在意义",
    "stage": 9
  },
  {
    "key": "1",
    "original": "[Some “educational” activities have intrinsically meaningful purposes (andymatuschak.org)](https://notes.andymatuschak.org/z3bjAHBa3Rx5DRwmVsmmeNUTceS9ErxLfSAiM)",
    "translation": "原文：[Some “educational” activities have intrinsically meaningful purposes (andymatuschak.org)](https://notes.andymatuschak.org/z3bjAHBa3Rx5DRwmVsmmeNUTceS9ErxLfSAiM)",
    "stage": 5
  },
  {
    "key": "2",
    "original": "Most educational activities are primarily focused on learning outcomes, which subverts their own purpose ([Educational objectives often subvert themselves](https://notes.andymatuschak.org/z6qfYv9SPx6M9FZPzVj7o4qVRD1iTGJpMfz6J), contra [Enabling environments’ activities directly serve an intrinsically meaningful purpose](https://notes.andymatuschak.org/z7wh92mfgXNTLk8AhaaLxsViQuzqGY5cV56Vm)).",
    "translation": "绝大多数教育活动主要聚焦于学习结果，这种聚焦违逆了这些活动本身的目的（[教育计划往往会自我颠覆](https://notes.andymatuschak.org/z6qfYv9SPx6M9FZPzVj7o4qVRD1iTGJpMfz6J)，相比之下，[赋能环境中的活动直接服务于有内在意义的目的](https://notes.andymatuschak.org/z7wh92mfgXNTLk8AhaaLxsViQuzqGY5cV56Vm)）。",
    "stage": 5
  },
  {
    "key": "3",
    "original": "But not all nominally-educational environments have this problem. For instance, medical students on rounds with their attending are paying tuition, and they’re learning plenty, but *that interaction’s primary purpose is patient care*. Even when their attending are doing things which they call “teaching”—asking questions and giving background theory—the interaction’s primary purpose is producing excellent patient care, both in that moment and in the coming months as the medical student takes on increasing responsibility.",
    "translation": "但并非所有名义上的教育环境都有这种问题。例如，与主治医生一起查房的医学生，虽然支付了学费，也学到了很多东西，但是，「查房的主要目的是照顾患者」。即使他们的主治医师在做一些他们称之为「教学」的事情——提出问题并给出背景理论等，但所谓这种教学的主要目的，依然是提供优质的患者护理，不仅在主治医生询问问题的时候，还有之后医学生逐渐承担更多责任的时候。",
    "stage": 5
  },
  {
    "key": "4",
    "original": "It’s usually difficult to reorient a preexisting “educational” activity around an intrinsically meaningful purpose. The cultural values and frameworks are weighty anchors.",
    "translation": "已有的「教育」活动，很难对其加以修改，以服务于另一个内在有意义的目标。文化价值观和框架将其锁定，难以挣脱。",
    "stage": 5
  }
]