﻿﻿0,# Rethinking Homework,# 反思家庭作业
1,[Rethinking Homework - Alfie Kohn](https://www.alfiekohn.org/article/rethinking-homework/),原文：[Rethinking Homework - Alfie Kohn](https://www.alfiekohn.org/article/rethinking-homework/)
2,By Alfie Kohn,作者：Alfie Kohn
3,*[For a more detailed look at the issues discussed here — including a comprehensive list of citations to relevant research and a discussion of successful efforts to effect change– please see the book [The Homework Myth](https://www.alfiekohn.org/homework-myth/).]*,*[如需更详细地了解此处讨论的问题--包括相关研究的全面引文清单和对成功变革努力的讨论--请参阅[作业神话](https://www.alfiekohn.org/homework-myth/)]*。
4,"After spending most of the day in school, children are typically given additional assignments to be completed at home. This is a rather curious fact when you stop to think about it, but not as curious as the fact that few people ever stop to think about it.",学生在学校度过了一整天，但回到家后还要做家庭作业。静下心来想一想，这很奇怪。但更奇怪的是，很少有人静下心来思考为什么。
5,"It becomes even more curious, for that matter, in light of three other facts:",从另外三件事来看，它变得更奇怪了：
6,"**1. The negative effects of homework are well known.** They include children’s frustration and exhaustion, lack of time for other activities, and possible loss of interest in learning. Many parents lament the impact of homework on their relationship with their children; they may also resent having to play the role of enforcer and worry that they will be criticized either for not being involved enough with the homework or for becoming too involved.",**1. 家庭作业的负面影响众所周知。** 这其中包括学生产生的沮丧和疲惫、没有时间参加其他活动，以及可能丧失学习兴趣。许多家长会感叹家庭作业影响了他们与孩子的关系；他们也可能不喜欢扮演执行者的角色，担心自己会因为对家庭作业参与不够或参与过多而受到批评。
7,"**2. The positive effects of homework are largely mythical.** In preparation for a [book](https://www.alfiekohn.org/homework-myth/) on the topic, I’ve spent a lot of time sifting through the research. The results are nothing short of stunning. For starters, there is absolutely no evidence of any academic benefit from assigning homework in elementary or middle school. For younger students, in fact, there isn’t even a *correlation* between whether children do homework (or how much they do) and any meaningful measure of achievement. At the [high school](https://www.alfiekohn.org/blogs/homework-unnecessary-evil-surprising-findings-new-research/) level, the correlation is weak and tends to disappear when more sophisticated statistical measures are applied. Meanwhile, no study has ever substantiated the belief that homework builds character or teaches good study habits.",**2. 作业的积极作用大多是虚幻的。** 为了准备一本关于这个主题的[书](https://www.alfiekohn.org/homework-myth/)，我花了很多时间进行研究筛选。研究结果令人震惊。首先，完全没有证据表明在小学或初中布置家庭作业对学业有任何益处。事实上，对于低年级学生来说，是否布置家庭作业（或布置多少家庭作业）与学习成绩之间甚至没有任何*相关性* 。在[高中](https://www.alfiekohn.org/blogs/homework-unnecessary-evil-surprising-findings-new-research/)阶段，相关性很弱，而且在采用更复杂的统计方法后，相关性往往会消失。同时，也没有任何研究证实家庭作业能培养孩子的性格或教给孩子良好的学习习惯。
8,"**3. More homework is being piled on children despite the absence of its value.** Over the last quarter-century the burden has increased most for the youngest children, for whom the evidence of positive effects isn’t just dubious; it’s nonexistent.",**3. 尽管作业毫无价值，但学生的作业还是越来越多** 在过去的 25 年中，负担最重的是最年幼的儿童。对他们来说，证明作业积极影响的证据非常有限，甚至可以说根本不存在。
9,"It’s not as though most teachers decide now and then that a certain lesson really ought to continue after school is over because meaningful learning is so likely to result from such an assignment that it warrants the intrusion on family time.  Homework in most schools isn’t limited to those occasions when it seems appropriate and important. Rather, the point of departure seems to be: “We’ve decided ahead of time that children will have to do *something* every night (or several times a week). Later on we’ll figure out what to make them do.”","并不是说大多数教师时不时地决定某堂课应该在课后继续进行，因为这样做很可能会带来有意义的结果，所以有必要占用家庭时间。 大多数学校的家庭作业并不局限于那些看似适当和重要的场合。相反，出发点似乎是： ""我们已经提前决定，孩子们每天晚上（或每周几次）都要做*某件事* 。然后，我们再想办法让他们做什么""。"
10,"I’ve heard from countless people across the country about the frustration they feel over homework. Parents who watch a torrent of busywork spill out of their children’s backpacks wish they could help teachers understand how the cons overwhelmingly outweigh the pros. And teachers who have long harbored doubts about the value of homework feel pressured by those parents who mistakenly believe that a lack of afterschool assignments reflects an insufficient commitment to academic achievement. Such parents seem to reason that as long as their kids have lots of stuff to do every night, never mind what it is, then learning must be taking place.",我从全国各地无数的人那里听到了关于家庭作业带来的沮丧感。看着孩子们书包里的作业如洪水般汹涌而出，家长们希望能帮助老师们理解作业的弊大于利。而那些长期以来对家庭作业的价值心存疑虑的老师，则被家长施压。因为家长会认为课后作业少意味着老师对学生成绩不够重视。这些家长似乎认为，只要他们的孩子每天晚上有很多事情要做，不管是什么，那就一定是在学习。
11,"What parents *and* teachers need is support from administrators who are willing to challenge the conventional wisdom. They need principals who question the slogans that pass for arguments: that homework creates a link between school and family (as if there weren’t more constructive ways to make that connection!), or that it “reinforces” what students were taught in class (a word that denotes the repetition of rote behaviors, not the development of understanding), or that it teaches children self-discipline and responsibility (a claim for which absolutely no evidence exists).","家长*和* 教师需要愿意挑战传统的管理者的支持。他们需要校长质疑那些空洞的口号：家庭作业在学校和家庭之间建立了联系（说的好像没有其它更有建设性的方式来建立这种联系似的！），或者是家庭作业 ""强化 ""了学生在课堂上所学的知识（这个词表示重复死记硬背的行为，而不是理解能力的发展），又或者是家庭作业培养了学生自律的能力和责任感（这种说法完全没有证据）。"
12,"Above all, principals need to help their faculties see that the most important criterion for judging decisions about homework (or other policies, for that matter) is the impact they’re likely to have on students’ *attitudes* about what they’re doing. “Most of what homework is doing is driving kids *away* from learning,” says education professor Harvey Daniels. Let’s face it: Most children dread homework, or at best see it as something to be gotten through. Thus, even if it did provide other benefits, they would have to be weighed against its likely effect on kids’ love of learning.",最重要的是，校长需要帮助老师们认识到，在评判有关家庭作业（或其他政策）的决策时，最重要的标准是这些决策对学生对待学习的*态度*可能产生的影响。教育学教授哈维·丹尼尔斯表示：“家庭作业大多数时候只会让孩子们远离学习。” 让我们面对现实吧：大多数孩子都对家庭作业感到厌烦，或者最多把它当作一项必须完成的任务。因此，即使家庭作业确实带来其他好处，也需要权衡这些好处与其对孩子们对学习的热爱可能产生的影响。
13,---,---
14,So what’s a thoughtful principal to do?,那么，有思想的校长该怎么做呢？
15,"**1. Educate yourself and share what you’ve learned with teachers, parents, and central office administrators.** Make sure you know what the research *really* says – that there is no reason to believe that children would be at any disadvantage in terms of their academic learning or life skills if they had much less homework, or even none at all. Whatever decisions are made should be based on fact rather than folk wisdom.",**1. 自学，并与老师、家长和行政老师分享你所学到的知识。** 请确保您了解研究的*真正*结果——如果减少作业量或者完全作业，学生在学业和生活方面不会受到任何影响。无论做出什么决策，都应该基于事实，而非民间智慧。
16,"**2. Rethink standardized “homework policies.”** Requiring teachers to give a certain number of minutes of homework every day, or to make assignments on the same schedule every week (for example, *x* minutes of math on Tuesdays and Thursdays) is a frank admission that homework isn’t justified by a given lesson, much less is it a response to what specific kids need at a specific time. Such policies sacrifice thoughtful instruction in order to achieve predictability, and they manage to do a disservice not only to students but, when imposed from above, to teachers as well.",**2. 反思标准的“作业政策”。** 要求教师每天布置一定分钟的家庭作业，或每周按照相同的时间表布置作业（例如，每周二和周四布置*x*分钟的数学作业），这就等于坦率地承认，家庭作业并不是某堂课的需要，更不是对特定时间特定孩子的需要的回应。这样的政策牺牲了深思熟虑的教学，以实现可预测性，不仅对学生不利，而且从上而下强加给教师时，对教师也是一种伤害。
17,"**3. Reduce the amount – but don’t stop there.** Many parents are understandably upset with how much time their children have to spend on homework. At a minimum, make sure that teachers aren’t exceeding district guidelines and that they aren’t chronically underestimating how long it takes students to complete the assignments. (As one mother told me, “It’s cheating to say this is 20 minutes of homework if only your fastest kid can complete it in that time.”)  Then work on reducing the amount of homework irrespective of such guidelines and expectations so that families, not schools, decide how they will spend most of their evenings."
18,"Quantity, however, is not the only issue that needs to be addressed. Some assignments, frankly, aren’t worth even five minutes of a student’s time. Too many first graders are forced to clip words from magazines that begin with a given letter of the alphabet. Too many fifth graders have to color in an endless list of factor pairs on graph paper. Too many eighth graders spend their evenings inching their way through dull, overstuffed, committee-written textbooks, one chapter at a time. Teachers should be invited to reflect on whether any given example of homework will help students think deeply about questions that matter. What philosophy of teaching, what theory of learning, lies behind each assignment?  Does it seem to assume that children are meaning makers — or empty vessels? Is learning regarded as a process that’s mostly active or passive? Is it about wrestling with ideas or mindlessly following directions?"
19,"**4. Change the default.** Ultimately, it’s not enough just to have less homework or even better homework. We should change the fundamental expectation in our schools so that students are asked to take schoolwork home only when a there’s a reasonable likelihood that a particular assignment will be beneficial to most of them. When that’s not true, they should be free to spend their after-school hours as they choose. The bottom line: No homework except on those occasions when it’s truly necessary. This, of course, is a reversal of the current default state, which amounts to an endorsement of homework for its own sake, regardless of the content, a view that simply can’t be justified."
20,"**5. Ask the kids.** Find out what students think of homework and solicit their suggestions – perhaps by distributing anonymous questionnaires. Many adults simply assume that homework is useful for promoting learning without even inquiring into the experience of the learners themselves! Do students find that homework really is useful? Why or why not? Are certain kinds better than others? How does homework affect their *desire* to learn? What are its other effects on their lives, and on their families?"
21,"**6. Suggest that teachers assign only what they design.** In most cases, students should be asked to do only what teachers are willing to create themselves, as opposed to prefabricated worksheets or generic exercises photocopied from textbooks. Also, it rarely makes sense to give the same assignment to all students in a class because it’s unlikely to be beneficial for most of them. Those who already understand the concept will be wasting their time, and those who don’t understand will become increasingly frustrated. There is no perfect assignment that will stimulate every student because one size simply doesn’t fit all. On those days when homework really seems necessary, teachers should create several assignments fitted to different interests and capabilities. But it’s better to give no homework to anyone than the same homework to everyone."
22,"**7. Use homework as an opportunity to involve students in decision-making.**  One way to judge the quality of a classroom is by the extent to which students participate in [making choices](https://www.alfiekohn.org/choices-children/) about their learning. The best teachers know that children learn how to make good decisions by making decisions, not by following directions. Students should have something to say about what they’re going to learn and the circumstances under which they’ll learn it, as well as how (and when) their learning will be evaluated, how the room will be set up, how conflicts will be resolved, and a lot more."
23,"What is true of education in general is true of homework in particular. At least two investigators have found that the most impressive teachers (as defined by various criteria) tend to involve students in decisions about assignments rather than simply telling them what they’ll have to do at home. A reasonable first question for a parent to ask upon seeing a homework assignment is “How much say did the kids have in determining how this had to be done, and on what schedule, and whether it really needed to be completed at home in the first place?”"
24,"A discussion about whether homework might be useful (and why) can be valuable in its own right. If opinions are varied, the question of what to do when everyone doesn’t agree – take a vote? keep talking until we reach consensus? look for a compromise? – develops social skills as well as intellectual growth. And that growth occurs precisely because the teacher asked rather than told. Teachers who consult with their students on a regular basis would shake their heads vigorously were you to suggest that kids will always say no to homework – or to anything else that requires effort. It’s just not true, they’ll tell you. When students are treated with respect, when the assignments are worth doing, most kids relish a challenge."
25,"If, on the other hand, students groan about, or try to avoid, homework, it’s generally because they get too much of it, or because it’s assigned thoughtlessly and continuously, or simply because they had nothing to say about it. The benefits of even high-quality assignments are limited if students feel “done to” instead of “worked with.”"
26,"**8. Help teachers move away from grading.** Your faculty may need your support, encouragement, and practical suggestions to help them abandon a model in which assignments are checked off or graded, where the point is to enforce compliance, and toward a model in which students explain and explore with one another what they’ve done — what they liked and disliked about the book they read, what they’re struggling with, what new questions they came up with. As the eminent educator Martin Haberman observed, homework in the best classrooms “is not checked – it is shared.” If students conclude that there’s no point in spending time on assignments that aren’t going to be collected or somehow recorded, that’s not an argument for setting up bribes and threats and a climate of distrust; it’s an indictment of the homework itself."
27,"**9. Experiment.** Ask teachers who are reluctant to rethink their long-standing reliance on traditional homework to see what happens if, during a given week or curriculum unit, they tried assigning none. Surely anyone who believes that homework is beneficial should be willing to test that assumption by investigating the consequences of its absence. What are the effects of a moratorium on students’ achievement, on their interest in learning, on their moods and the resulting climate of the classroom? Likewise, the school as a whole can try out a new policy, such as the change in default that I’ve proposed, on a tentative basis before committing to it permanently."
28,---
29,"Principals deal with an endless series of crises; they’re called upon to resolve complaints, soothe wounded egos, negotiate solutions, try to keep everyone happy, and generally make the trains (or, rather, buses) run on time. In such a position there is a strong temptation to avoid new initiatives that call the status quo into question.  Considerable gumption is required to take on an issue like homework, particularly during an era when phrases like “raising the bar” and “higher standards” are used to rationalize practices that range from foolish to inappropriate to hair-raising. But of course a principal’s ultimate obligation is to do what’s right by the children, to protect them from harmful mandates and practices that persist not because they’re valuable but merely because they’re traditional."
30,"For anyone willing to shake things up in order to do what makes sense, beginning a conversation about homework is a very good place to start."
31,**RESOURCES**
32,"We are awash in articles and books that claim homework is beneficial – or simply take the existence or value of homework for granted and merely offer suggestions for how it ought to be assigned, or what techniques parents should use to make children complete it. Here are some resources that question the conventional assumptions about the subject in an effort to stimulate meaningful thinking and conversation."
33,"Barber, Bill. “Homework Does Not Belong on the Agenda for Educational Reform.” *Educational Leadership*, May 1986: 55-57."
34,"Bennett, Sara, and Nancy Kalish. [The Case Against Homework: How Homework Is Hurting Our Children and What We Can Do About It](http://www.amazon.com/Case-Against-Homework-Hurting-Children/dp/030734018X/wwwalfiekohorg) (New York: Crown, 2006)."
35,"Buell, John. *Closing the Book on Homework: Enhancing Public Education and Freeing Family Time*. (Philadelphia: Temple University Press, 2004)."
36,"Dudley-Marling, Curt. [ “How School *Troubles* Come Home: The Impact of Homework on Families of Struggling Learners.”](http://cie.ed.asu.edu/volume6/number4) *Current Issues in Education* [On-line] 6, 4 (2003)."
37,"Hinchey, Patricia. “Rethinking Homework.” *MASCD* [Missouri Association for Supervision and Curriculum Development] *Fall Journal*, December 1995: 13-17."
38,"Kohn, Alfie. [ *The Homework Myth: Why Our Kids Get Too Much of a Bad Thing*](https://www.alfiekohn.org/homework-myth/) (Cambridge, MA: Da Capo Press, 2006)."
39,"Kralovec, Etta, and John Buell. *The End of Homework: How Homework Disrupts Families, Overburdens Children, and Limits Learning* (Boston: Beacon Press, 2000)."
40,"Samway, Katharine. “’And You Run and You Run to Catch Up with the Sun, But It’s Sinking.’” *Language Arts* 63 (1986): 352-57."
41,"Vatterott, Cathy. [“There’s Something Wrong With Homework.”](http://www.homeworklady.com/index2.php?option=com_docman&task=doc_view&gid=3&Itemid=34) *Principal*, January-February 2003: 64."
42,"Waldman, Ayelet. [“Homework Hell.”](http://dir.salon.com/story/mwt/col/waldman/2005/10/22/homework/index.html) Salon.com. October 22, 2005."
