﻿﻿0,# RemNote,# RemNote
1,"[RemNote](https://www.remnote.io/homepage) is a web-based [Note-writing system](https://notes.andymatuschak.org/z8XrKGDz49o6XxEx7tzGewzrXQnw6jSgv3Yyf) with a structured knowledge model and first-class operations for adapting notes into a [Spaced repetition memory system](https://notes.andymatuschak.org/z4eXdSMJFv2qVGXSUEKH4vdcHBrLHcFY1ZGfC), a la [The mnemonic medium can be extended to one’s personal notes](https://notes.andymatuschak.org/z5ARNXtS5VxteskEW91S1yYTgAcLABNXsZuJE).",[RemNote](https://www.remnote.io/homepage) 是网页端的[笔记系统](https://notes.andymatuschak.org/z8XrKGDz49o6XxEx7tzGewzrXQnw6jSgv3Yyf)，强调结构化的知识模型，对于将笔记整合进[间隔重复系统](https://notes.andymatuschak.org/z4eXdSMJFv2qVGXSUEKH4vdcHBrLHcFY1ZGfC)提供了高质量的操作方法。参见：[助记媒介的范畴可以扩展到个人笔记](https://notes.andymatuschak.org/z5ARNXtS5VxteskEW91S1yYTgAcLABNXsZuJE)
2,"It tries to reify a highly opinionated knowledge model, but it’s much too literal: the model has an intense, oppressive formality. The resulting notes work for SRS prompts, but not so much for prose.",它对知识模型很有自己的看法，而且试图施加到软件中去，但这个模型过于一板一眼：它高度形式化，很是压抑。最终的笔记适用于生成 SRS 卡片，但不太适用于散文。
3,e.g. you can generate SRS items for a definition by writing `Foo: foo’s definition` or describe a property of a concept by using bulleted lists:,例如，你可以通过编写 `Foo: foo‘s 的定义` 为来生成一张 SRS 卡片用于学习定义，或者使用项目符号列表描述概念的属性：
4,```,```
5,Forgetting curve,遗忘曲线
6,* discoverer: Ebbinghaus,* 发现者：艾宾浩斯
7,```,```
8,"It has some transclusive elements so that concept hierarchies can be composed into different “documents.” Like [Roam Research](https://notes.andymatuschak.org/z8PkzLcXuVG5xYF7sfUFhwF26WK2A2zCp8nAD), it encodes the belief that text blocks, structured in this model, can be made into reusable units. I’m worried about their composability: [Transclusion is limited by the data model’s composability](https://notes.andymatuschak.org/z7DvEiUpF6dYkFGbpZZTBKQVM9jjNnx8D8Xzu).",RemNote 有嵌入的概念，以便概念层级组合成不同的「文档」。类似 [Roam Research](https://notes.andymatuschak.org/z8PkzLcXuVG5xYF7sfUFhwF26WK2A2zCp8nAD) ，这种设计的内在逻辑是，按此模型构建的文本块可以构成可重用的单元。我担心文本块的可组合性：[嵌入功能受到数据模型的可组合性的限制](https://notes.andymatuschak.org/z7DvEiUpF6dYkFGbpZZTBKQVM9jjNnx8D8Xzu)
9,"It’s an interesting research experiment to learn from. It sounds like the author, {Martin Schnieder}, is trying to commercialize it, but I can’t tell how serious he is about that as a goal. The software [is updated](https://www.remnote.io/updates) quite regularly with a litany of new features.",RemNote 是有趣的研究实验，值得从中学习。好像其作者 {Martin Schnieder} 正试图将其商业化，但我不能判断他对待这个目标有多认真。该软件会定期[更新](https://www.remnote.io/updates)，已经添加了一长串新功能。
link,https://notes.andymatuschak.org/z6jecLFTkHG5MCFDvhwsd2p8YWykaHr6ZkHTi,原文：[RemNote](https://notes.andymatuschak.org/z6jecLFTkHG5MCFDvhwsd2p8YWykaHr6ZkHTi)
