﻿﻿0,# Constraints as cognitive scaffolding,# 约束作为认知脚手架
1,[Constraints as cognitive scaffolding (andymatuschak.org)](https://notes.andymatuschak.org/z8DyCwRiC8HT89mMvtBjwcGVs5ucHPHcrScch),原文：[Constraints as cognitive scaffolding (andymatuschak.org)](https://notes.andymatuschak.org/z8DyCwRiC8HT89mMvtBjwcGVs5ucHPHcrScch)
2,"If you were new to Photoshop and I presented its entire interface immediately, you might have difficulty taking a first step. But you might feel more comfortable if you began in a “welcome” workspace with most of the panels and tools hidden. Then you could reveal each piece of the interface as you discovered that you needed, or in response to your curiosity about something.",如果用户刚接触 Photoshop ，眼前就是功能密密麻麻的完整界面，他可能连第一步做什么都不知道。但如果他从「欢迎」工作区开始，里面大部分面板和工具都被隐藏起来，那就更加容易下手了。之后随着他注意自己需要什么，或者对什么感到好奇，按需展示各部分界面即可。
3,"Similarly, when explaining a new concept, it’s often helpful to begin with a constrained version of the problem. For example, when explaining how to make and balance vinaigrette, you might initially focus on a single oil/acid pair.",类似的，解释概念时，如果能约束其应用场景，那么问题解释起来更简单，对新手理解也更有帮助。比如说，解释如何制作醋油调味汁的时候，先说明一种油跟一种醋的搭配比较好。
4,"In video games, players often begin with a small set of abilities, or in an environment where some types of challenges never appear. This makes the game more tenable at first.",游戏中的玩家开局时只拥有一小部分能力，或者当前环境下根本不会遇到一些挑战。这样游戏一开始才更容易上手。
5,"Constraints are one way to construct fine-grained task progressions (see [Fine-grained task progressions as cognitive scaffolding](https://notes.andymatuschak.org/z2qBbdZidZNjbpdggRbmgeUeVf2H7aCevSYvE)), but they don’t have to be used this way. For example, an aspiring photographer might constructively spend an entire year shooting with a fixed aperture, focal length, and ISO, adjusting only the shutter speed.",约束是构建小跨度任务台阶的一种方式（参见[将小跨度任务阶梯作为认知脚手架](https://notes.andymatuschak.org/z2qBbdZidZNjbpdggRbmgeUeVf2H7aCevSYvE)），但其用途还有很多。比如说，一位有追求的摄影师，可能会花一整年专门研究不同快门速度的摄影，其余孔径、焦距、ISO 等参数都固定不变。
6,Related: [Constraints often breed creativity](https://notes.andymatuschak.org/zfsf2tFq4u5TuCgCMyWgFhwrTSMofHby1ae),相关：[约束培通常能养创造力](https://notes.andymatuschak.org/zfsf2tFq4u5TuCgCMyWgFhwrTSMofHby1ae)
