﻿﻿0,# Fine-grained task progressions as cognitive scaffolding,# 小跨度任务阶梯充当认知脚手架
1,[Fine-grained task progressions as cognitive scaffolding (andymatuschak.org)](https://notes.andymatuschak.org/z2qBbdZidZNjbpdggRbmgeUeVf2H7aCevSYvE),原文：[Fine-grained task progressions as cognitive scaffolding (andymatuschak.org)](https://notes.andymatuschak.org/z2qBbdZidZNjbpdggRbmgeUeVf2H7aCevSYvE)
2,"When engaging with a new skill or concept for the first time, it’s important to break it down into so that you can take a tractable first step. Unfortunately, that factoring process is itself quite taxing, which may interfere with the object-level material. If the concepts are sufficiently foreign, you may not be able to break it down at all.",刚开始学习新技能、新概念，要能将其分析拆解，从而能着手完成第一步。然而拆解本身就是困难的任务，并且常常会干扰学习知识本身。如果新概念对你来说太过陌生，你甚至不知道从何拆起。
3,"Fine-grained task progressions, provided by an expert, can help create [Cognitive scaffolding](https://notes.andymatuschak.org/z8ZWYXFwXV38qiCgRx7zf2ySy9WCxWvcizNVr). For example, if you wanted to learn to program, an expert might suggest you first copy a Processing program which says “Hello, Bob!,” then that you might alter the program to print your name instead of “Bob.” Then they might present three different next programs for you to copy and remix: e.g. animating the text across the screen, printing a message multiple times, using color. And so on…",专家设计的小跨度任务阶梯，可以帮我我们建立[认知脚手架](https://notes.andymatuschak.org/z8ZWYXFwXV38qiCgRx7zf2ySy9WCxWvcizNVr)。举个例子，如果你想学习 Processing 编程，专家会建议你找到一份会说「你好，Bob！」的程序，将其复制下来，略加修改，让它转而输出你的名字。之后他会拿出三个程序供你复制组合：比如说让文字动起来越过屏幕，用不同颜色重复打印一条消息几次，诸如此类……
4,"Game designers are particularly good at this (Cook, 2007). The Witness is a great example: each puzzle unfurls one tiny new element of an unfamiliar skill. Later puzzles introduce combinations of those skills incrementally, until finally you’ll find yourself intricately weaving a dozen different new mechanics in creative ways.",游戏设计师尤其擅长这件事（Cook，2007年）。Witness 是个很好的例子：该游戏有一系列谜题，每道题都会揭示一点点新元素。之后的题目会逐步将这些技能组合起来，最终玩家便能灵巧地应对不少游戏机制。
5,Constraints are one way to construct these progressions ([Constraints as cognitive scaffolding](https://notes.andymatuschak.org/z8DyCwRiC8HT89mMvtBjwcGVs5ucHPHcrScch)).,约束也是构建这样阶梯的方式（[约束充当认知脚手架](https://notes.andymatuschak.org/z8DyCwRiC8HT89mMvtBjwcGVs5ucHPHcrScch)）。
6,------,------
7,## References,## 参考文献
8,"Cook, D. (2007, July 19). The Chemistry of Game Design. *Gamasutra*. Retrieved from [https://www.gamasutra.com/view/feature/129948/the*chemistry*of*game*design.php](https://www.gamasutra.com/view/feature/129948/the_chemistry_of_game_design.php)","Cook, D. (2007, July 19). The Chemistry of Game Design. *Gamasutra*. Retrieved from [https://www.gamasutra.com/view/feature/129948/the*chemistry*of*game*design.php](https://www.gamasutra.com/view/feature/129948/the_chemistry_of_game_design.php)"
9,"Thekla, Inc. (2016). *The Witness*. Berkeley, CA.","Thekla, Inc. (2016). *The Witness*. Berkeley, CA."
