﻿﻿0,# Narrative as cognitive scaffolding,# 文本的叙述作为认知脚手架
1,[Narrative as cognitive scaffolding (andymatuschak.org)](https://notes.andymatuschak.org/zvHfreBts9DHWRtztZihrGKuPsP5j8LSPLQn),原文：[Narrative as cognitive scaffolding (andymatuschak.org)](https://notes.andymatuschak.org/zvHfreBts9DHWRtztZihrGKuPsP5j8LSPLQn)
2,"A good narrative structures and sequences the key elements of a complex topic, focusing participants’ attention on limited subsets of the ideas so that they’re more able to take each step. This creates [Cognitive scaffolding](https://notes.andymatuschak.org/z8ZWYXFwXV38qiCgRx7zf2ySy9WCxWvcizNVr). A reference article, which may provide the same information without scaffolding, may be a more efficient summary of the topic for an expert, but the first step of its comprehension may be too large for a novice to take.",一个好的叙述将一个复杂话题的关键组成要素结构化和序列化*（译注：指将复杂概念以流式方式文字化或言语化），将参与者的注意力集中在想法的有限子集上，这样他们就能轻松地跟随作者的步伐。这就形成了[认知脚手架](https://notes.andymatuschak.org/z8ZWYXFwXV38qiCgRx7zf2ySy9WCxWvcizNVr)。一篇参考文献在没有叙述脚手架的情况下也可以提供同样的信息，对于专家来说，这可能是一个更有效的话题总结，但对于一个新手来说，存在的认知鸿沟，让其难以理解文章的内容
3,"As a narrative progresses, it highlights connections between elements which might be difficult for a novice to observe. It may also remind participants of relevant prior material to draw on. These kinds of supports allow the participant to focus on object-level material initially, without losing sight of the big picture. Over time, they’ll draw their own connections, beyond those the author stated.",随着叙述的进行，新手难以捕捉到的内容之间的关联，被清晰地提炼出来，同时提醒阅读者利用此前的材料。这些帮助阅读者聚焦于颗粒，且兼顾全局。随着时间的推移，他们自行建立起联系，超越作者阐述的联系。
4,"Narratives fuel emotional involvement by offering interpretation, possible implications, and connection to an invested author. Over time, the participant may build their own emotional involvement with the topic, but it can be helpful to scaffold this as well.",叙事通过提供解释、可能的影响和与作者的联系来促进情感交流。随着时间的推移，阅读者会建立他们自己对该主题的情感，但为其提供脚手架也是有帮助的。
5,See also: [Enacted experiences amplify the power of narrative](https://notes.andymatuschak.org/zhZFC1LFDwAcsgJAdaKEDnSHyrf1bR954Ssb),另见：[情景体验增强了叙述的力量](https://notes.andymatuschak.org/zhZFC1LFDwAcsgJAdaKEDnSHyrf1bR954Ssb)
