[
  {
    "key": "0",
    "original": "# Educational games are a doomed approach to creating enabling environments",
    "translation": "# 教育游戏对于创造赋能环境是注定失败的方法",
    "stage": 9
  },
  {
    "key": "1",
    "original": "[Educational games are a doomed approach to creating enabling environments (andymatuschak.org)](https://notes.andymatuschak.org/z7wPt3dxX5hp6LK3PLUBTJXxk7kAhMuh8UDck)",
    "translation": "原文：[Educational games are a doomed approach to creating enabling environments (andymatuschak.org)](https://notes.andymatuschak.org/z7wPt3dxX5hp6LK3PLUBTJXxk7kAhMuh8UDck)",
    "stage": 5
  },
  {
    "key": "2",
    "original": "Because [Games effectively develop players’ skills](https://notes.andymatuschak.org/z2J6v5xtfJaeW5KFF6fNwkHxLWQonxuUA5ndg), people imagine that it’s possible to make a viable [Educational game](https://notes.andymatuschak.org/z5YBATDEy9pSqzTgNhH6MhGqgkG8mAF7QTLK5) which “teaches” specific skills. This usually doesn’t work for several structural reasons:",
    "translation": "因为[游戏能有效地培养玩家的技能](https://notes.andymatuschak.org/z2J6v5xtfJaeW5KFF6fNwkHxLWQonxuUA5ndg)，人们便展开想象，做出可用的、能用于「教授」特定技能的[教育游戏](https://notes.andymatuschak.org/z5YBATDEy9pSqzTgNhH6MhGqgkG8mAF7QTLK5)，是可能的。然而，由于几个结构性原因，这往往做不到：",
    "stage": 5
  },
  {
    "key": "3",
    "original": "Educational game developers usually fail to see that empirically, game design is all about [“Find the fun”](https://notes.andymatuschak.org/z2BH7jhTMRmmjM5UHyVUShW4ZtTSzxaV7oubs). [Skill development in games is subservient to other intrinsically meaningful purposes](https://notes.andymatuschak.org/zeb2g4GbLPhXGKZavqQ7v7iuqe5B8jGhnFKw) and [Most games aren’t enabling environments](https://notes.andymatuschak.org/z6DCZK1JtHU3waXWTk5UbNt3kXU4WRT9EwNND). That’s not an accident: [Enabling environments’ activities directly serve an intrinsically meaningful purpose](https://notes.andymatuschak.org/z7wh92mfgXNTLk8AhaaLxsViQuzqGY5cV56Vm); learning objectives are usually not themselves intrinsically meaningful *or* fun. Particularly when they’re being foisted upon players. More generally speaking, for this reason and several others, [Educational objectives often subvert themselves](https://notes.andymatuschak.org/z6qfYv9SPx6M9FZPzVj7o4qVRD1iTGJpMfz6J).",
    "translation": "教育游戏开发者通常看不到，从经验上看，游戏设计的核心是[「寻找乐趣」](https://notes.andymatuschak.org/z2BH7jhTMRmmjM5UHyVUShW4ZtTSzxaV7oubs)。[游戏中的技能发展服从于其他内在的有意义的目的](https://notes.andymatuschak.org/zeb2g4GbLPhXGKZavqQ7v7iuqe5B8jGhnFKw)，而[大多数游戏不是赋能环境](https://notes.andymatuschak.org/z6DCZK1JtHU3waXWTk5UbNt3kXU4WRT9EwNND)，这并不意外：[赋能环境的活动直接服务于内在有意义的目的](https://notes.andymatuschak.org/z7wh92mfgXNTLk8AhaaLxsViQuzqGY5cV56Vm)；学习目标本身通常没有内在的意义，也并不有趣。若是被强加给玩家的话更是如此。更一般地说，由于这个原因和其他一些原因，[教育计划往往会自我颠覆](https://notes.andymatuschak.org/z6qfYv9SPx6M9FZPzVj7o4qVRD1iTGJpMfz6J)。",
    "stage": 5
  },
  {
    "key": "4",
    "original": "Educational game developers often think: *my* motivation will be “helping children succeed,” but the *kids’* motivation will be “playing a fun game.” That doesn’t work either: [Authored environments are significantly colored by authors’ motivations](https://notes.andymatuschak.org/z34mYTEEEQcrywWkoNnz1Fzr8NmwaDsVRNgTK).",
    "translation": "教育游戏开发者经常想：**我**的动机将是「帮助孩子们成功」，但**孩子们**的动机则是「玩有趣的游戏」。这样也是行不通的：[自创环境极大程度受作者的动机塑造](https://notes.andymatuschak.org/z34mYTEEEQcrywWkoNnz1Fzr8NmwaDsVRNgTK)。",
    "stage": 5
  },
  {
    "key": "5",
    "original": "It’s possible to avoid this trap, but only by not *trying* to make an “educational game.” [Powerful enabling environments usually arise as a byproduct of projects pursuing their own intrinsically meaningful purposes](https://notes.andymatuschak.org/z4N6d29XL2PZXCa64HPcxA64RGWDb6Cagc1gs) Per Bret:",
    "translation": "避免这个陷阱是可能的，但必须不要**试图**制作「教育游戏」。[强大的赋能环境通常是作为追求自身内在意义的项目的副产品出现的](https://notes.andymatuschak.org/z4N6d29XL2PZXCa64HPcxA64RGWDb6Cagc1gs) 如 Bret 所言：",
    "stage": 5
  },
  {
    "key": "6",
    "original": "> [Design](https://notes.andymatuschak.org/z7wPt3dxX5hp6LK3PLUBTJXxk7kAhMuh8UDck) activities where the concepts bear the weight, but focus on making the activity inherently interesting and joyful for both designer and player. Ask yourself: “Do I love playing with this myself?” And trust that players, by spending hours with these concepts “in their hands”, will pick up a familiarity, then fluency, then understanding, that’s hard to design for explicitly.",
    "translation": "[设计](https://notes.andymatuschak.org/z7wPt3dxX5hp6LK3PLUBTJXxk7kAhMuh8UDck) 活动时，要让概念扎实有重量，但设计者和玩家都能感觉活动是有趣而快乐。问问自己：「我自己喜欢玩这个吗？」。要能相信玩家在花了数个小时与这些概念亲手「打交道」后，会逐渐熟悉它们，进而能流畅使用，以至形成自己的理解。这样的过程是难以刻意设计的。",
    "stage": 5
  },
  {
    "key": "7",
    "original": "Another limitation: [Powerful enabling environments focus on expert use](https://notes.andymatuschak.org/z8jg7T3YhvyXiEpy4humYAioLUEjnrdZgwHYs). Educational game developers usually focus on designing representations to serve novices, but this often creates chasms between the concepts players learn and the concepts experts use (e.g. SimCity), and it leads to representations with low ceilings on their power.",
    "translation": "另一个限制：[强大的赋能环境注重专业级用例](https://notes.andymatuschak.org/z8jg7T3YhvyXiEpy4humYAioLUEjnrdZgwHYs)。教育游戏开发者通常专注于设计表征来为新手服务，但由此一来，玩家所习得的概念，与专家使用的概念难以契合（例如《模拟城市》），同时这些表征的能力上界过低。",
    "stage": 5
  },
  {
    "key": "8",
    "original": "------",
    "translation": "------",
    "stage": 5
  },
  {
    "key": "9",
    "original": "## References",
    "translation": "## 参考文献",
    "stage": 5
  },
  {
    "key": "10",
    "original": "Email with Bret Victor, 2015/03/19. [Re: Toys with weight-bearing educative properties](javascript:void(0))",
    "translation": "Email with Bret Victor, 2015/03/19. [Re: Toys with weight-bearing educative properties](javascript:void(0))",
    "stage": 5
  }
]