[
  {
    "key": "0",
    "original": "# Enabling environments focus on creating opportunities for growth and action, not on skill-building",
    "translation": "# 赋能环境的重点是创造成长和行动的机会，而不是技能培养",
    "stage": 9
  },
  {
    "key": "1",
    "original": "[Enabling environments focus on creating opportunities for growth and action, not on skill-building (andymatuschak.org)](https://notes.andymatuschak.org/z5th5bWm6VhB6PPbYB97gUKMdnaZe5atntRza)",
    "translation": "原文：[Enabling environments focus on creating opportunities for growth and action, not on skill-building (andymatuschak.org)](https://notes.andymatuschak.org/z5th5bWm6VhB6PPbYB97gUKMdnaZe5atntRza)",
    "stage": 5
  },
  {
    "key": "2",
    "original": "A great research lab isn’t fixated on instilling heaps of specific knowledge and skills in its graduate students. It enables by creating great opportunities for personal growth, and by highlighting bridges to opportunities for *action* based on that growth. This is generally true of an effective [Enabling environment](https://notes.andymatuschak.org/z3DaBP4vN1dutjUgrk3jbEeNxScccvDCxDgXe).",
    "translation": "卓越的研究所不会执着于给它的研究生灌输大量专业知识和技能。 它通过为个人成长提供大量机会，并在上述成长的基础上强调为**行动**的机会缔造纽带。这对于建立有效的[赋能环境](https://notes.andymatuschak.org/z3DaBP4vN1dutjUgrk3jbEeNxScccvDCxDgXe)来说大体上是正确的。",
    "stage": 5
  },
  {
    "key": "3",
    "original": "Critically, such environments aren’t about pushing growth for growth’s sake. [Y Combinator](https://notes.andymatuschak.org/z2kQbKXThuY4FrdXVcE7JCt974sPATVhSpita) founders are primarily trying to start a successful company, not to achieve personal growth ([Enabling environments’ activities directly serve an intrinsically meaningful purpose](https://notes.andymatuschak.org/z7wh92mfgXNTLk8AhaaLxsViQuzqGY5cV56Vm)). And insofar as the environment creates personal growth, it will generally emphasize the ultimate goal in all things (e.g. making that startup successful), rather than focusing on “practice.”",
    "translation": "不得不说的是，像这样的环境并不会为了成长而促进成长。[Y Combinator](https://notes.andymatuschak.org/z2kQbKXThuY4FrdXVcE7JCt974sPATVhSpita) 的创始人主要致力于缔造一家成功的公司，而不是实现个人成长（[赋能环境中的活动直接服务于有内在意义的目的](https://notes.andymatuschak.org/z7wh92mfgXNTLk8AhaaLxsViQuzqGY5cV56Vm)）。并且到了环境创造个人成长的地步，与其关注「练习」，不如强调所有事情的终极目标（例如让新公司风生水起）。",
    "stage": 3
  },
  {
    "key": "4",
    "original": "This heuristic gives us a new way to view existing media. For instance, books are rarely focused on creating opportunities for personal growth or action: they’re generally about communicating knowledge, in an abstract context. This leads us to a compelling prompt:",
    "translation": "这启发给我们以新的眼光审视现存的媒介。例如，书籍很少侧重于为个人成长或行动提供机会：它们通常是在一个抽象的背景下传达知识。这引出了一个扣人心弦的启示：",
    "stage": 3
  },
  {
    "key": "5",
    "original": "> What would it mean to design “books” which are primarily about creating growth opportunities for people, and bridges to opportunities for action based on that growth?",
    "translation": "> 那么，撰写「书籍」，其主要关于给人们创造成长机会，和在该成长的基础上通向行动机会的纽带，这意味着什么？",
    "stage": 3
  },
  {
    "key": "6",
    "original": "------",
    "translation": "------",
    "stage": 5
  },
  {
    "key": "7",
    "original": "## References",
    "translation": "## 参考文献",
    "stage": 5
  },
  {
    "key": "8",
    "original": "Conversation with Michael Nielsen, 2019-12-10",
    "translation": "与迈克尔·尼尔森的对话，2019-12-10",
    "stage": 5
  }
]