[
  {
    "key": "0",
    "original": "# Enabling environments’ activities directly serve an intrinsically meaningful purpose",
    "translation": "# 赋能环境中的活动直接服务于有内在意义的目的",
    "stage": 9
  },
  {
    "key": "1",
    "original": "[Enabling environments’ activities directly serve an intrinsically meaningful purpose (andymatuschak.org)](https://notes.andymatuschak.org/z7wh92mfgXNTLk8AhaaLxsViQuzqGY5cV56Vm)",
    "translation": "原文：[Enabling environments’ activities directly serve an intrinsically meaningful purpose (andymatuschak.org)](https://notes.andymatuschak.org/z7wh92mfgXNTLk8AhaaLxsViQuzqGY5cV56Vm)",
    "stage": 5
  },
  {
    "key": "2",
    "original": "When designing an [Enabling environment](https://notes.andymatuschak.org/z3DaBP4vN1dutjUgrk3jbEeNxScccvDCxDgXe), it’s tempting to fixate on the skills or understandings being developed or amplified. This approach generally subverts its own aims. The most successful enabling environments comprise activities which are primarily about those skills or understandings are *for.* (See [Powerful enabling environments usually arise as a byproduct of projects pursuing their own intrinsically meaningful purposes](https://notes.andymatuschak.org/z4N6d29XL2PZXCa64HPcxA64RGWDb6Cagc1gs), [Enabling environments focus on doing what’s enabled](https://notes.andymatuschak.org/z6tuZZKaNeLM7c9jPZwNVGURGTuXLy8jesv5i))",
    "translation": "在设计[赋能环境](https://notes.andymatuschak.org/z3DaBP4vN1dutjUgrk3jbEeNxScccvDCxDgXe)时，注意力很容易集中在环境所意图发展或增强的技能或理解上。这种做法通常会辜负原本的目标。赋能环境要想成功，环境中的活动必须直接服务于那些技能或理解的**目的**。（见[强大的赋能环境通常是作为项目追求其自身内在意义的目的的副产品出现的](https://notes.andymatuschak.org/z4N6d29XL2PZXCa64HPcxA64RGWDb6Cagc1gs)，[赋能环境着重于环境所赋能的事](https://notes.andymatuschak.org/z6tuZZKaNeLM7c9jPZwNVGURGTuXLy8jesv5i)）",
    "stage": 5
  },
  {
    "key": "3",
    "original": "[Internally-modulated learning is self-actualizing; externally-modulated learning is self-abnegating](https://notes.andymatuschak.org/z593cFAtL3wWfMEFZodUYcM9TPQyMDHzEXxvS). Without an intrinsically meaningful purpose, the activities will be primarily motivated and modulated by forces external to the individuals involved.",
    "translation": "[内驱调节的学习是自我实现的；外驱调节的学习是自我否定的](https://notes.andymatuschak.org/z593cFAtL3wWfMEFZodUYcM9TPQyMDHzEXxvS)。如果缺少具有内在意义的目的，这些活动将主要由学习者以外的外部力量来激励和调节。",
    "stage": 5
  },
  {
    "key": "4",
    "original": "[Deep understanding requires (and is a result of) intense personal connection](https://notes.andymatuschak.org/z5gCpoFJJThDFHK1a7Vv3ssxF3kkjeRaTrJHK). Without an intrinsically meaningful purpose, that connection is unlikely.",
    "translation": "[深刻的理解需要强烈的个人联系（也是其结果）](https://notes.andymatuschak.org/z5gCpoFJJThDFHK1a7Vv3ssxF3kkjeRaTrJHK)。如果没有一个内在的有意义的目的，这种联系是不可能的。",
    "stage": 5
  },
  {
    "key": "5",
    "original": "It’s not enough for the *authors* to have some intrinsically meaningful motive for creating the activities, and it’s not enough for the participants alone to find the activities intrinsically meaningful. Authored activities must have intrinsically meaningful purpose for both author and participant. Ideally, those purposes align: [Authored environments are significantly colored by authors’ motivations](https://notes.andymatuschak.org/z34mYTEEEQcrywWkoNnz1Fzr8NmwaDsVRNgTK).",
    "translation": "仅仅是**作者**有一些创造活动的内在意义的动机是不够的，仅仅是参与者发现活动有内在意义也是不够的。创制活动必须对作者和参与者都有内在意义的目的。理想情况下，这些目的是一致的：[创制环境极大程度受作者的动机塑造](https://notes.andymatuschak.org/z34mYTEEEQcrywWkoNnz1Fzr8NmwaDsVRNgTK)。",
    "stage": 5
  },
  {
    "key": "6",
    "original": "For example, Mathematica might contain [Cognitive scaffolding](https://notes.andymatuschak.org/z8ZWYXFwXV38qiCgRx7zf2ySy9WCxWvcizNVr), but its activities are primarily about doing math and science. [Games effectively develop players’ skills](https://notes.andymatuschak.org/z2J6v5xtfJaeW5KFF6fNwkHxLWQonxuUA5ndg), but [Skill development in games is subservient to other intrinsically meaningful purposes](https://notes.andymatuschak.org/zeb2g4GbLPhXGKZavqQ7v7iuqe5B8jGhnFKw).",
    "translation": "例如，Mathematica 可能包含[认知脚手架](https://notes.andymatuschak.org/z8ZWYXFwXV38qiCgRx7zf2ySy9WCxWvcizNVr)，但 Mathematica 中的活动主要围绕做数学和科学展开。[游戏能有效地培养玩家的技能](https://notes.andymatuschak.org/z2J6v5xtfJaeW5KFF6fNwkHxLWQonxuUA5ndg)，但[游戏中的技能培养服从于其他有内在意义的目的](https://notes.andymatuschak.org/zeb2g4GbLPhXGKZavqQ7v7iuqe5B8jGhnFKw)。",
    "stage": 5
  },
  {
    "key": "7",
    "original": "Educational environments may ultimately aspire to intrinsically meaningful purposes like supporting your family or joining a professional community. Those high-level purposes often don’t translate to practical experiences in the environments. [Some “educational” activities have intrinsically meaningful purposes](https://notes.andymatuschak.org/z3bjAHBa3Rx5DRwmVsmmeNUTceS9ErxLfSAiM), but in most cases, their activities are primarily about skill development, which is rarely intrinsically meaningful ([Enabling environments focus on creating opportunities for growth and action, not on skill-building](https://notes.andymatuschak.org/z5th5bWm6VhB6PPbYB97gUKMdnaZe5atntRza)). For more: [Educational objectives often subvert themselves](https://notes.andymatuschak.org/z6qfYv9SPx6M9FZPzVj7o4qVRD1iTGJpMfz6J).",
    "translation": "教育环境最终可能渴望有内在意义的目的，如供养你的家庭或加入专业社区。这些高层次的目的往往不能转化为环境中的实际经验。[一些「教育」活动具有内在意义的目的](https://notes.andymatuschak.org/z3bjAHBa3Rx5DRwmVsmmeNUTceS9ErxLfSAiM)，但在大多数情况下，它们的活动主要是关于培养技能，而培养技能很少具有内在意义（[赋能环境着重为成长和行动创造机会，而不是培养技能](https://notes.andymatuschak.org/z5th5bWm6VhB6PPbYB97gUKMdnaZe5atntRza)）。详情请见：[教育计划往往会自我颠覆](https://notes.andymatuschak.org/z6qfYv9SPx6M9FZPzVj7o4qVRD1iTGJpMfz6J)。",
    "stage": 5
  },
  {
    "key": "8",
    "original": "------",
    "translation": "------",
    "stage": 5
  },
  {
    "key": "9",
    "original": "## References",
    "translation": "## 参考文献",
    "stage": 5
  },
  {
    "key": "10",
    "original": "Email with Michael Nielsen, 2019/08/23. [Re: Transcending the Primer](javascript:void(0))",
    "translation": "Email with Michael Nielsen, 2019/08/23. [Re: Transcending the Primer](javascript:void(0))",
    "stage": 5
  },
  {
    "key": "11",
    "original": "> Of course, in some sense I’m quite enamoured of goals like “enabling people” … But I’m also very suspicious of such goals. I think > 99.9% of the time they end up patronizing. The only thing I know of which consistently gets away from that failure pattern is to make the primary goal something else, something that’s intrinsically important.",
    "translation": "> 当然，从某种意义上说，我对「赋能他人」这样的目标相当迷恋......但我也对这样的目标非常怀疑。我认为 > 99.9% 的情况下，它会以单方面的施舍告终。我所知道的唯一能持续摆脱这种失败模式的方法是把主要目标变成别的东西，变成内在的重要东西。",
    "stage": 5
  },
  {
    "key": "12",
    "original": ">",
    "translation": ">",
    "stage": 5
  },
  {
    "key": "13",
    "original": "> E.g., if you run the Apollo program you’ll certainly be enabling people. But it’ll be secondary to getting to the moon. If you create Mathematica you’ll certainly be enabling people. But it’ll be secondary to doing kick-ass mathematics / theoretical physics. …",
    "translation": "> 例如，如果你执行阿波罗计划，你肯定会使人受益。但这对于登月来说是次要的。如果你创造了 Mathematica，你肯定会使人们受益。但是，这对于做一流的数学/理论物理学来说是次要的。...",
    "stage": 5
  }
]