[
  {
    "key": "0",
    "original": "# Most games aren’t enabling environments",
    "translation": "# 大多数游戏都不是赋能环境",
    "stage": 9
  },
  {
    "key": "1",
    "original": "[Most games aren’t enabling environments (andymatuschak.org)](https://notes.andymatuschak.org/z6DCZK1JtHU3waXWTk5UbNt3kXU4WRT9EwNND)",
    "translation": "原文：[Most games aren’t enabling environments (andymatuschak.org)](https://notes.andymatuschak.org/z6DCZK1JtHU3waXWTk5UbNt3kXU4WRT9EwNND)",
    "stage": 5
  },
  {
    "key": "2",
    "original": "[Games effectively develop players’ skills](https://notes.andymatuschak.org/z2J6v5xtfJaeW5KFF6fNwkHxLWQonxuUA5ndg), so it’s tempting to think of a good game as an [Enabling environment](https://notes.andymatuschak.org/z3DaBP4vN1dutjUgrk3jbEeNxScccvDCxDgXe), but they rarely “ unlock or significantly expands [players’](https://notes.andymatuschak.org/z6DCZK1JtHU3waXWTk5UbNt3kXU4WRT9EwNND) capacity to do things they find meaningful and important.” The primary purpose of most games is to create an aesthetic or emotional experience. That experience might be extremely powerful (which is why the skill-building works: [Skill development in games is subservient to other intrinsically meaningful purposes](https://notes.andymatuschak.org/zeb2g4GbLPhXGKZavqQ7v7iuqe5B8jGhnFKw)), but it generally won’t expand the player’s capacity to *do things* they find meaningful and important. Related: [Educational games are a doomed approach to creating enabling environments](https://notes.andymatuschak.org/z7wPt3dxX5hp6LK3PLUBTJXxk7kAhMuh8UDck).",
    "translation": "[游戏能有效地培养玩家的技能](https://notes.andymatuschak.org/z2J6v5xtfJaeW5KFF6fNwkHxLWQonxuUA5ndg)，所以人们很容易把好游戏看作一种[赋能环境](https://notes.andymatuschak.org/z3DaBP4vN1dutjUgrk3jbEeNxScccvDCxDgXe)，但它们很少「释放或显著扩展[玩家](https://notes.andymatuschak.org/z6DCZK1JtHU3waXWTk5UbNt3kXU4WRT9EwNND)的能力，去做他们认为有意义和重要的事情。」大多数游戏的主要目的是创造一种审美或情感体验。这种体验可能非常强大（这就是技能培养很有效的原因：[游戏中的技能发展服从于其他有内在意义的目的](https://notes.andymatuschak.org/zeb2g4gblphxgkzavqq7v7iuqe5b8jghnfkw)），但它通常不会扩展玩家的能力去**做**他们认为有意义和重要的事情。相关笔记：[教育游戏对于创造赋能环境是注定失败的方法](https://notes.andymatuschak.org/z7wPt3dxX5hp6LK3PLUBTJXxk7kAhMuh8UDck)。",
    "stage": 3
  },
  {
    "key": "3",
    "original": "## Counter-examples",
    "translation": "## 反例",
    "stage": 5
  },
  {
    "key": "4",
    "original": "Minecraft is an interesting counter-example: the single-player experience contains extensive [Cognitive scaffolding ](https://notes.andymatuschak.org/z8ZWYXFwXV38qiCgRx7zf2ySy9WCxWvcizNVr)which later enables endless meaningful action in the “creative” mode. Lots of people use that mode for serious creative expression. If all those people had was Blender or Maya, many of them never would have made anything.",
    "translation": "《我的世界》是一个有趣的反例：单人游戏体验包含大量的[认知脚手架](https://notes.andymatuschak.org/z8ZWYXFwXV38qiCgRx7zf2ySy9WCxWvcizNVr)，随后在「创造」模式中实现了意义无穷的行动。很多人用这种模式来进行严肃的创造性表达。如果这些人用 Blender 或 Maya 的话，他们中的许多人永远不会做出任何东西。",
    "stage": 3
  },
  {
    "key": "5",
    "original": "Massively-multiplayer online games’ structured social environments can enable people to connect interpersonally and form communities. Many games can do this even for otherwise isolated or introverted people.",
    "translation": "大型多人在线游戏的结构化社交环境可以使人们建立人际联系并形成社区。许多游戏甚至可以为离群或内向的人做到这一点。",
    "stage": 3
  }
]