[
  {
    "key": "0",
    "original": "# Novices in enabling environments often can’t do what’s enabled",
    "translation": "# 对赋能环境不熟悉的人往往不能完成环境所赋能的事情",
    "stage": 9
  },
  {
    "key": "1",
    "original": "[Novices in enabling environments often can’t do what’s enabled (andymatuschak.org)](https://notes.andymatuschak.org/z3XsSKarN8i3pV4WjPiJ7pVGG6akRVQvU7ngK)",
    "translation": "原文：[Novices in enabling environments often can’t do what’s enabled (andymatuschak.org)](https://notes.andymatuschak.org/z3XsSKarN8i3pV4WjPiJ7pVGG6akRVQvU7ngK)",
    "stage": 5
  },
  {
    "key": "2",
    "original": "New participants in an [Enabling environment](https://notes.andymatuschak.org/z3DaBP4vN1dutjUgrk3jbEeNxScccvDCxDgXe) may not immediately be able to do what it enables. The typical solution is an abstract introductory experience: explanatory guides, onboarding classes, background readings, etc. These supports can help new participants eventually access what an environment enables, but they’re not ideal: [Enabling environments focus on doing what’s enabled](https://notes.andymatuschak.org/z6tuZZKaNeLM7c9jPZwNVGURGTuXLy8jesv5i).",
    "translation": "刚进入[赋能环境](https://notes.andymatuschak.org/z3DaBP4vN1dutjUgrk3jbEeNxScccvDCxDgXe)的新手，可能无法立即做到环境所赋能的事情。对此，常见的解决方案是较为不直接的引导：指导手册、入门课程、背景阅读等等。有了这些支持，新手总归能完成环境所赋能的事情，但这并不是最理想的做法：[赋能环境着重于环境所赋能的事](https://notes.andymatuschak.org/z6tuZZKaNeLM7c9jPZwNVGURGTuXLy8jesv5i)。",
    "stage": 5
  },
  {
    "key": "3",
    "original": "It’s often possible to improve an environment’s design to support more immediate participation (e.g. with [Cognitive scaffolding](https://notes.andymatuschak.org/z8ZWYXFwXV38qiCgRx7zf2ySy9WCxWvcizNVr)). One powerful design approach: [Enacted experiences can bootstrap active participation in enabling environments](https://notes.andymatuschak.org/z2FDTR2NfpW1AtA4SAETevmKC2uDGEHfKrbhG).",
    "translation": "为了让新手能更早融入赋能环境，我们可以对其设计加以改进（例如，使用[认知脚手架](https://notes.andymatuschak.org/z8ZWYXFwXV38qiCgRx7zf2ySy9WCxWvcizNVr)）。有一种强大的设计方法：[设赋体验可以让人逐步深入参与赋能环境](https://notes.andymatuschak.org/z2FDTR2NfpW1AtA4SAETevmKC2uDGEHfKrbhG)。",
    "stage": 5
  }
]