[
  {
    "key": "0",
    "original": "# Powerful enabling environments focus on expert use",
    "translation": "# 强大的赋能环境注重专业用例",
    "stage": 9
  },
  {
    "key": "1",
    "original": "[Powerful enabling environments focus on expert use (andymatuschak.org)](https://notes.andymatuschak.org/z8jg7T3YhvyXiEpy4humYAioLUEjnrdZgwHYs)",
    "translation": "原文：[Powerful enabling environments focus on expert use (andymatuschak.org)](https://notes.andymatuschak.org/z8jg7T3YhvyXiEpy4humYAioLUEjnrdZgwHYs)",
    "stage": 5
  },
  {
    "key": "2",
    "original": "Because an [Enabling environment](https://notes.andymatuschak.org/z3DaBP4vN1dutjUgrk3jbEeNxScccvDCxDgXe) can help people do new things, it’s tempting to design environments which aspire to help novices enter a discipline, perhaps through simplified versions of its activities. This approach is usually quite limited. [Powerful enabling environments usually arise as a byproduct of projects pursuing their own intrinsically meaningful purposes](https://notes.andymatuschak.org/z4N6d29XL2PZXCa64HPcxA64RGWDb6Cagc1gs). Those purposes are usually best served by enabling experts. From that position, environments may also include structures to help novices pursue those same purposes.",
    "translation": "[赋能环境](https://notes.andymatuschak.org/z3DaBP4vN1dutjUgrk3jbEeNxScccvDCxDgXe)可以帮助人们做新的事情，所以我们总是向往设计出一个能够帮助新手进入某个知识领域的环境。这可以借鉴这个领域的日常活动的简化版本来设计。但这种方法通常是相当有限的。[强大的赋能环境通常作为副产品在追求其自身内在意义的项目时产生](https://notes.andymatuschak.org/z4N6d29XL2PZXCa64HPcxA64RGWDb6Cagc1gs)。这些目的通常是由赋能专家们最佳确定的。从这一角度来看，环境也包括一些结构，这些结构可以帮助新手在追求过程中与专家保持相同的目的。",
    "stage": 5
  },
  {
    "key": "3",
    "original": "When environments focus on enabling simplified versions of an activity, the goal often becomes skill-building itself. This tends to subvert its own purpose (see [Educational objectives often subvert themselves](https://notes.andymatuschak.org/z6qfYv9SPx6M9FZPzVj7o4qVRD1iTGJpMfz6J)). Environments designed for e.g. solving important problems in a field will almost automatically avoid this trap.",
    "translation": "当环境专注于促成一个活动的简化版本时，其目标往往变成了技能培养本身。这往往会颠覆它自己的目的（见 [教育计划往往会自我颠覆](https://notes.andymatuschak.org/z6qfYv9SPx6M9FZPzVj7o4qVRD1iTGJpMfz6J) ）。为解决某个领域的重要问题而设计的环境几乎会自动规避这个陷阱。",
    "stage": 3
  },
  {
    "key": "4",
    "original": "Representation design is one of the most important parts of designing enabling environments ::TODO write note::. Representations designed specifically for simplified versions of an activity usually won’t also enable expert practice. That means these representations have limited power. Worse: they’ll often be *discontiguous* with representations used by experts. But representations designed for experts often can service novices. When apprentices are building their skills in environments of authentic practice, they may use simplified representations. But because those representations were conceived in the context of expert practice, they’re often contiguous with expert representations so they can evolve smoothly. (See also [Most dynamic representations developed for communication aren’t very enabling](https://notes.andymatuschak.org/zB5wf5crA1jVZb6CycZSjGRTjSkw2BpsdjG))",
    "translation": "如何表述是设计赋能环境的最重要的部分之一 ::TODO write note:: 。专门为某项活动的简化版本设计的表述常不会促成专业级别的练习。这意味着这些表述的力量是有限的。更糟的是：它们往往与专家使用的表达**不一致**。但是，为专家设计的表述往往可以为新手服务。当学徒在真实的实践环境中培养他们的技能时，他们会使用简化过的表述。但由于这些表述是在专家实践的背景下构思的，它们往往与专家的表述一致，所以二者之间可以平滑地完成过渡。（参见[大多数为交流而开发的动态表现都不是很赋能](https://notes.andymatuschak.org/zB5wf5crA1jVZb6CycZSjGRTjSkw2BpsdjG)）",
    "stage": 5
  },
  {
    "key": "5",
    "original": "## Examples and counter-examples",
    "translation": "## 例子和反例",
    "stage": 5
  },
  {
    "key": "6",
    "original": "Research labs can be powerful enabling environments. They may include lots of structures which help junior scholars develop: reading groups, colloquiums, writing workshops, etc. When they’re working well, these activities are all about producing better research—not simply to build skills. Many of these activities (e.g. colloquiums) may actually be more important for experienced scholars. They were created for that purpose, and then perhaps additional structures were added to make them more accessible to junior faculty. Participation in these activities is participation in the discipline, for everyone. These activities grow with their participants.",
    "translation": "研究实验室可以是强大的赋能环境。它们具备完备的结构去辅助初级学者发展：阅读小组、座谈会、写作研讨会等等。如果结构运作良好，将会有助于实验室产出更优质的研究成果，而不只是单纯为了培养技能。许多这样的活动（如座谈会）实际上对有经验的学者来说可能更为重要。它们是为了这个目的而设立的，甚至增加了额外的结构，使相关的初级教师更容易参与进来。对每个人来说，参与活动等价于参与这个学科。这些活动将伴随它们的参与者共同成长。",
    "stage": 5
  },
  {
    "key": "7",
    "original": "Mathematica enables high-school students to visualize and manipulate the data from simple experiments. But more importantly, it helps professional scientists do their work more effectively. A tool designed primarily for the students probably wouldn’t help the pros do better science; this tool, designed for the pros, also helps the students do better science—and it grows with them to the frontiers of knowledge.",
    "translation": "有了 Mathematica，高中生也能处理简单的实验数据，并将其可视化。但更重要的是，Mathematica 可以帮助职业科学家更有效地完成工作。专门为学生设计的工具，可能就无法帮助专家更好地做科学；面向专家设计的工具，也能帮助学生更好地做科学——接触前沿的知识。",
    "stage": 5
  },
  {
    "key": "8",
    "original": "SimCity is fun—at least skill-building is not its primary purpose—but its representations encode many assumptions so fundamentally that they can’t be smoothly evolved to the representations of experts. If your goal is to do urban planning, SimCity will not help you much.",
    "translation": "模拟城市很有趣——起码技能培养不是它的主要目的——但它的表述从根源上编码了许多假设，因此它们不能顺利地演化为专业的表述。如果你的目的是专业的城市规划，《模拟城市》不会对你有什么帮助。",
    "stage": 5
  },
  {
    "key": "9",
    "original": "Likewise, Logo enables children to access ideas in differential geometry. This is wonderful! But professional geometers don’t seem to find Logo’s representations relevant for their research. So the children can only be said to be *doing* differential geometry in a limited sense because to *do* math is to ask and answer original questions, and this environment doesn’t seem to help much with that. Papert wasn’t interested in helping differential geometers first and foremost, and he didn’t necessarily have the expertise to do so, but it’s interesting to imagine an alternative Logo designed around powerful computational representations *for geometers?*",
    "translation": "同样地，Logo 使儿童能够获得微分几何的思想。这是很好的！但专业的几何学家似乎并不觉得 Logo 的表征与他们的研究有关。因此，孩子们只能说是在有限的意义上做微分几何，因为做数学是为了提出和回答独创问题，而这个环境似乎对这一点没有什么帮助。首先 Papert 对帮助微分几何学家不感兴趣，他也不一定有这样的专业知识，但想象一下围绕强大的计算表征为几何学家设计的另一个 Logo 是很有意思的。",
    "stage": 3
  },
  {
    "key": "10",
    "original": "------",
    "translation": "------",
    "stage": 5
  },
  {
    "key": "11",
    "original": "## References",
    "translation": "## 参考文献",
    "stage": 5
  },
  {
    "key": "12",
    "original": "Email with Michael Nielsen, 2019/08/23. [Re: Transcending the Primer](javascript:void(0))",
    "translation": "Email with Michael Nielsen, 2019/08/23. [Re: Transcending the Primer](javascript:void(0))",
    "stage": 3
  },
  {
    "key": "13",
    "original": "> If you create Mathematica you’ll certainly be enabling people. But it’ll be secondary to doing kick-ass mathematics / theoretical physics.",
    "translation": "> 如果你创造了 Mathematica，你肯定会使人们受益。但是，这对于做一流的数学/理论物理学来说是次要的。",
    "stage": 3
  },
  {
    "key": "14",
    "original": "Email with Michael Nielsen, 2019/09/03. [Re: ❲FYI❳ Some notes on enabling environments / anti-educationalism](javascript:void(0))",
    "translation": "Email with Michael Nielsen, 2019/09/03. [Re: ❲FYI❳ Some notes on enabling environments / anti-educationalism](javascript:void(0))",
    "stage": 3
  },
  {
    "key": "15",
    "original": "[Alan Kay’s ideas about SimCity for OLPC | Don Hopkins](https://web.archive.org/web/20130904163228/https://www.donhopkins.com/drupal/node/134)",
    "translation": "[Alan Kay 为每个孩子一台笔记本电脑计划撰写的关于模拟城市的看法 | Don Hopkins](https://web.archive.org/web/20130904163228/https://www.donhopkins.com/drupal/node/134)",
    "stage": 3
  },
  {
    "key": "16",
    "original": "> Scalability and non-scalability of ideas are interesting. Rocky’s Boots is still one of the best ever games that provide profound learning experiences. The extension of this to Robot Odyssey didn’t work because the logic and wires programming didn’t scale well enough — the bang per effort dropped off precipitously",
    "translation": "> 思想的可扩展性和非可扩展性是很有趣的。《Rocky’s Boots》仍然是有史以来最好的游戏之一，它提供了深刻的学习经验。这一点延伸到《Robot Odyssey》上并不奏效，因为逻辑和电线编程的规模不够大——每项努力的收益急剧下降。",
    "stage": 3
  }
]