[
  {
    "key": "0",
    "original": "# Powerful enabling environments usually arise as a byproduct of projects pursuing their own intrinsically meaningful purposes",
    "translation": "# 强大的赋能环境通常是追求自身内在意义的项目的副产品",
    "stage": 9
  },
  {
    "key": "1",
    "original": "[Powerful enabling environments usually arise as a byproduct of projects pursuing their own intrinsically meaningful purposes (andymatuschak.org)](https://notes.andymatuschak.org/z4N6d29XL2PZXCa64HPcxA64RGWDb6Cagc1gs)",
    "translation": "原文：[Powerful enabling environments usually arise as a byproduct of projects pursuing their own intrinsically meaningful purposes (andymatuschak.org)](https://notes.andymatuschak.org/z4N6d29XL2PZXCa64HPcxA64RGWDb6Cagc1gs)",
    "stage": 5
  },
  {
    "key": "2",
    "original": "The Apollo program was an incredibly powerful [Enabling environment](https://notes.andymatuschak.org/z3DaBP4vN1dutjUgrk3jbEeNxScccvDCxDgXe), but it did not emerge from a project aiming to give scientists lots of great opportunities for personal growth. Rather, it was about putting people on the moon (and, er, saving the world from the Soviets). The enabling environment was a byproduct of that deeply meaningful effort.",
    "translation": "阿波罗计划是一个非常强大的[赋能环境](https://notes.andymatuschak.org/z3DaBP4vN1dutjUgrk3jbEeNxScccvDCxDgXe)，但它并不伴生于一个专门为科学家提供大量个人成长的好机会而产生的项目。相反，它是为了把人送上月球（还有，额，从苏联人手中「拯救世界」）。赋能环境是这一深具意义的努力的副产品。",
    "stage": 5
  },
  {
    "key": "3",
    "original": "Likewise, when Pixar created its revolutionary animation tools, many teams had been working on computer graphics for years, but Pixar’s systems emerged from a zealous pursuit of a storytelling dream: [Pixar’s movies and technology development act as coupled flywheels](https://notes.andymatuschak.org/z45gUHaD2DcqH3zMWhwHaXESZLCWWk6tHLDi6).",
    "translation": "同样，当皮克斯创造其革命性的动画工具时，许多团队已经在计算机图形方面工作了多年，但皮克斯的系统出现在对讲故事的梦想的狂热追求中。[皮克斯的电影和技术发展就像耦合的飞轮](https://notes.andymatuschak.org/z45gUHaD2DcqH3zMWhwHaXESZLCWWk6tHLDi6)。",
    "stage": 5
  },
  {
    "key": "4",
    "original": "Cathedrals! University research labs! Mathematica! They all follow this pattern.",
    "translation": "大教堂！大学研究实验室！Mathematica！它们都遵循这个模式。",
    "stage": 5
  },
  {
    "key": "5",
    "original": "Practically speaking, such contexts provide deeply meaningful feedback: [Effective system design requires insights drawn from serious contexts of use](https://notes.andymatuschak.org/z3H98n8DGZmu8XArqHZVsckyWvbTe8wK4kAt2). They also avoid the issues described in [Authored environments are significantly colored by authors’ motivations](https://notes.andymatuschak.org/z34mYTEEEQcrywWkoNnz1Fzr8NmwaDsVRNgTK). But perhaps most importantly, these projects also provide the intense personal connection which makes great work possible.",
    "translation": "实际上，这样的情境提供了有深刻意义的反馈：[有效的系统设计需要从真刀真枪的情境中汲取洞见](https://notes.andymatuschak.org/z3H98n8DGZmu8XArqHZVsckyWvbTe8wK4kAt2)。它们也避免了[创制环境极大程度受作者的动机塑造](https://notes.andymatuschak.org/z34mYTEEEQcrywWkoNnz1Fzr8NmwaDsVRNgTK)中所描述的问题。但也许最重要的是，这些项目还提供了强烈的个人联系，使伟大的工作成为可能。",
    "stage": 5
  },
  {
    "key": "6",
    "original": "Some implications:",
    "translation": "衍生例子：",
    "stage": 5
  },
  {
    "key": "7",
    "original": "- [Powerful enabling environments focus on expert use](https://notes.andymatuschak.org/z8jg7T3YhvyXiEpy4humYAioLUEjnrdZgwHYs)",
    "translation": "- [强大的赋能环境聚焦于专业化使用](https://notes.andymatuschak.org/z8jg7T3YhvyXiEpy4humYAioLUEjnrdZgwHYs)",
    "stage": 5
  },
  {
    "key": "8",
    "original": "- [Enabling environments focus on doing what’s enabled](https://notes.andymatuschak.org/z6tuZZKaNeLM7c9jPZwNVGURGTuXLy8jesv5i)",
    "translation": "- [赋能环境的重点是做被赋能的事](https://notes.andymatuschak.org/z6tuZZKaNeLM7c9jPZwNVGURGTuXLy8jesv5i)",
    "stage": 5
  },
  {
    "key": "9",
    "original": "Is it possible to make the tail wag the dog? To initiate a project pursuing some intrinsically meaningful purpose *in order to* reap the enabling environments which emerge in that context? It’s not clear. The most likely failure mode is that the resulting project wouldn’t *really* create the intense personal connection required. But this is what we’re trying for with [Ladder](https://notes.andymatuschak.org/z62KCVNbi7fBXMNzcDBUeEu2ePfc3EwUws9oa).",
    "translation": "是否有可能反其道而行之？启动一个以追求内在意义为目的的项目，**是为了**收获在这种情况下出现的赋能环境？这并不清楚。最有可能的失败模式是，所产生的项目不会**真正**创造所需的强烈的个人联系。但这正是我们在 [Ladder](https://notes.andymatuschak.org/z62KCVNbi7fBXMNzcDBUeEu2ePfc3EwUws9oa) 中所尝试的。",
    "stage": 5
  },
  {
    "key": "10",
    "original": "Building on [Seymour Papert. (2005). You Can’t Think About Thinking Without Thinking About Thinking About Something. Contemporary Issues in Technology and Teacher Education, 5(3), 366–367.](https://notes.andymatuschak.org/z246TsTf2Swmj6B1j93Q9FLd9L3VskhpMoUs): you can’t teach children “logical thinking” in a vacuum, in an abstract sense; in the same way, you can’t make “tools for thought” in an abstract sense. You have to make a tool for thinking about something in particular; likewise, you have to understand logical thinking *about* something in particular.",
    "translation": "根据 [Seymour Papert. (2005). You Can’t Think About Thinking Without Thinking About Thinking About Something. Contemporary Issues in Technology and Teacher Education, 5(3), 366–367.](https://notes.andymatuschak.org/z246TsTf2Swmj6B1j93Q9FLd9L3VskhpMoUs)：你不能在真空中、在抽象的意义上教儿童「逻辑思维」（译者按：无语义学习）；同样，你也不能凭空在抽象的意义上制造「思想工具」，你只能为了思考特定事物去制造一个工具；同样地，你必须理解**有关**特定事物的逻辑思维。",
    "stage": 5
  },
  {
    "key": "11",
    "original": "------",
    "translation": "------",
    "stage": 5
  },
  {
    "key": "12",
    "original": "## References",
    "translation": "## 参考文献",
    "stage": 5
  },
  {
    "key": "13",
    "original": "https://github.com/mnielsen/tpft/blob/master/big_picture.md",
    "translation": "https://github.com/mnielsen/tpft/blob/master/big_picture.md",
    "stage": 5
  },
  {
    "key": "14",
    "original": "> The most powerful tools are not developed in isolation. Rather, they arise as part of projects done for their own, intrinsic reasons. Think of the art of stained glass windows, developed in service of God in the great cathedrals. Or of the development of computer animation in service of story by Pixar. These larger goals orient the development of the tools, ensuring they *can* be used seriously. This sounds like a platitude, but is often violated. “Tools” for mathematics or art or *etc* are often developed by people who are not deeply active in the area themselves. Unless they do extremely intensive user research—effectively, a collaboration with serious users—it’s extremely difficult for them to build anything other than plausible-seeming toys.",
    "translation": "> 最强大的工具不是被单独开发出来的。相反，它们是作为项目的一部分出现的，是为了其自身的内在原因而完成的。想想彩色玻璃窗的艺术，它是为大教堂的上帝服务而开发的。或者想想皮克斯为故事服务的电脑动画的发展。这些更大的目标引导着工具的发展，确保它们**能**被认真使用。这听起来像是一句陈词滥调，但却经常被违反。数学或艺术或**等**的 「工具」往往是由那些本身并不深入该领域的人开发的。除非他们做了极其深入的用户研究，有效地与严肃的用户合作，否则他们很难建立任何其他「看似合理」的玩具。",
    "stage": 5
  },
  {
    "key": "15",
    "original": ">",
    "translation": ">",
    "stage": 5
  },
  {
    "key": "16",
    "original": "> To this end, we will develop a series of ambitious media projects. These will—indeed, must!—be intrinsically worth doing in their own right. But they will also serve as a vehicle for the development of tools for thought.",
    "translation": "> 为此，我们将开发一系列雄心勃勃的媒体项目。这些项目本身将——事实上，必须！——具有内在的价值。但它们也将作为发展思想工具的载体。",
    "stage": 5
  },
  {
    "key": "17",
    "original": "[Bret Victor’s 2021-06-14 reply to my email about research-context fit](https://notes.andymatuschak.org/zTsykmF3t4cZqqctk8MS8sz3i7JTyvfAp7m)",
    "translation": "[Bret Victor’s 2021-06-14 reply to my email about research-context fit](https://notes.andymatuschak.org/zTsykmF3t4cZqqctk8MS8sz3i7JTyvfAp7m)",
    "stage": 5
  },
  {
    "key": "18",
    "original": "> DNA origami is a powerful emerging tool; it didn’t come out of a field centered on tool-making, but rather Paul Rothemund invented it as a means to the end of making self-assembling computers. The Scanning Tunneling Microscope didn’t come out of the field of microscopy, but rather Heinrich Rohrer wanted to help his colleagues fabricate Josephson junctions and needed a better spectrometer.",
    "translation": "> DNA 折纸术（译注：合成生物学极客们的“最爱”）是一个强大的新兴工具；它不是来自以工具制造为中心的领域，而是 Paul Rothemund 发明了它，作为实现制造自组装计算机目的的一种手段。扫描隧道显微镜并不是出自显微镜领域，而是 Heinrich Rohrer 想帮助他的同事制造 Josephson 结创造一个更好的光谱仪。",
    "stage": 5
  },
  {
    "key": "19",
    "original": "> (see also [Shawn Douglas](https://notes.andymatuschak.org/zq5tFP6gqpapKkwgNa6DWuWk5yVrbTy4ZCE) on DNA origami)",
    "translation": ">（另见 [Shawn Douglas](https://notes.andymatuschak.org/zq5tFP6gqpapKkwgNa6DWuWk5yVrbTy4ZCE) 关于 DNA 折纸术的内容）",
    "stage": 5
  },
  {
    "key": "20",
    "original": "Quote from [Alan Kay](https://notes.andymatuschak.org/zFXW7zSLgsJsiHhQejeZGYcrKLoRvbeWrRt) in that same email:",
    "translation": "引用 [Alan Kay](https://notes.andymatuschak.org/zFXW7zSLgsJsiHhQejeZGYcrKLoRvbeWrRt) 在同一封邮件中的说法：",
    "stage": 5
  },
  {
    "key": "21",
    "original": "> ::I don’t think you can start with “text” or “programming” and get very far::. I think it’s always better to have something important and big you want to do better with — eventually this provides clues to various kinds of media (including “languages”) that need to be invented to help. This is what people miss. McCarthy wasn’t trying to invent Lisp, he was trying to create ways to make an “Advice Taker”. Doug wasn’t trying to do hypertext, he was trying to synergize human effort for good.",
    "translation": "> ::我不认为你可以从「文本」或「编程」开始并走得很远::. 我认为有一些重要的、大的、你想做得更好的东西总是更好的——最终这提供了需要发明的各种媒体（包括「语言」）的线索，以帮助。这就是人们所错过的。McCarthy 并不是想发明 Lisp，他是想创造方法来做一个「建议接受者」。Doug 并不是想做超文本，他是想把人类的努力协同起来做好。",
    "stage": 5
  }
]