﻿﻿0,# Evergreen notes are a safe place to develop wild ideas,# 常青笔记是发展大胆想法的安全场所
1,[Evergreen notes are a safe place to develop wild ideas (andymatuschak.org)](https://notes.andymatuschak.org/z8RTzukqNLKFXzqLwx25HrUrg5E5jiziGznWB),原文：[Evergreen notes are a safe place to develop wild ideas (andymatuschak.org)](https://notes.andymatuschak.org/z8RTzukqNLKFXzqLwx25HrUrg5E5jiziGznWB)
2,"When you have some inkling about a novel idea, it’s tempting to try to immediately write down the idea and develop it in-place. But often, that’s not possible, practically or emotionally: the idea may just not be solid enough yet to attack directly. The blank page may feel intimidating; the claims may still feel mushy.",人一旦隐约冒出了个新想法，很容易开始蠢蠢欲动，想立即写下这个想法，并将其就地完善。但是写不下来才是常事，因为有实际困难和感情障碍的因素：这个想法可能还不够坚实，不足以直接处理。空空白纸可能会让人心生畏惧；想法中的主张似乎还是比较模糊。
3,"Instead, nurture the wild idea and let it develop over time by incrementally writing [Evergreen notes](https://notes.andymatuschak.org/z4SDCZQeRo4xFEQ8H4qrSqd68ucpgE6LU155C) about small facets of the idea. Those notes have much tighter scope: they just have to describe one atomic concept ([Evergreen notes should be atomic](https://notes.andymatuschak.org/z4Rrmh17vMBbauEGnFPTZSK3UmdsGExLRfZz1), [Evergreen notes should be concept-oriented](https://notes.andymatuschak.org/z6bci25mVUBNFdVWSrQNKr6u7AZ1jFzfTVbMF)).","不如逐步孕育这个大胆想法，任其逐步发展。具体而言，就是渐进地书写一些[常青笔记](https://notes.andymatuschak.org/z4SDCZQeRo4xFEQ8H4qrSqd68ucpgE6LU155C)，其中每则笔记都描述这个想法的某个侧面。所有笔记的范围则是具体确凿的：只描述一个原子概念即可 （[常青笔记应该是原子化的](https://notes.andymatuschak.org/z4Rrmh17vMBbauEGnFPTZSK3UmdsGExLRfZz1), [常青笔记应面向概念](https://notes.andymatuschak.org/z6bci25mVUBNFdVWSrQNKr6u7AZ1jFzfTVbMF)）。"
4,"The idea doesn’t even initially have to be related to any pre-existing line of thought. But over time, you can incrementally connect it to other concepts, old or new. See also: [Spaced repetition may be a helpful tool to incrementally develop inklings](https://notes.andymatuschak.org/z7iCjRziX6V6unNWL81yc2dJicpRw2Cpp9MfQ).",一开始甚至不需要将这个想法与任何先前思路关联上。但随着时间的推移，你可以逐步将其与其他或新或旧的概念连接起来。另见：[间隔重复对于逐步完善灵光一闪可能有用](https://notes.andymatuschak.org/z7iCjRziX6V6unNWL81yc2dJicpRw2Cpp9MfQ)。
5,"You can [Create speculative outlines while you write](https://notes.andymatuschak.org/z2uXyfV67dnWLUKg1iDbsrHk3DGjtNWTxSTah) to tie those pieces together, and in time, they’ll accumulate into a more coherent whole. ([Notes should surprise you](https://notes.andymatuschak.org/z4KZ9973AoHhvM9Pj5Qrds48JXNbMEwVJmVRw) and [Knowledge work should accrete](https://notes.andymatuschak.org/z6UDDkom8Aifg6mLdjT1sPtbMBweCmpyTwmJT)).",你可以[在写作的同时创建推测性的大纲](https://notes.andymatuschak.org/z2uXyfV67dnWLUKg1iDbsrHk3DGjtNWTxSTah)，将这些碎片串联起来，随着时间的推移而聚沙成塔，形成更连贯的整体。（[笔记应该让你吃惊](https://notes.andymatuschak.org/z4KZ9973AoHhvM9Pj5Qrds48JXNbMEwVJmVRw)和[知识工作应能聚沙成塔](https://notes.andymatuschak.org/z6UDDkom8Aifg6mLdjT1sPtbMBweCmpyTwmJT)）。
6,By contrast: [Brainstorming may often substitute for missing insight accretion systems](https://notes.andymatuschak.org/z5cVs9BKLJsCYifhYBstAEKuZ8driDzLB3gFd),相比之下：[头脑风暴往往可以替代缺位的见解积累系统](https://notes.andymatuschak.org/z5cVs9BKLJsCYifhYBstAEKuZ8driDzLB3gFd)
7,------,------
8,## References,## 参考文献
9,"Ahrens, S. (2017). *How to Take Smart Notes: One Simple Technique to Boost Writing, Learning and Thinking – for Students, Academics and Nonfiction Book Writers*.","Ahrens, S. (2017). *How to Take Smart Notes: One Simple Technique to Boost Writing, Learning and Thinking – for Students, Academics and Nonfiction Book Writers*."
10,"> Steven Johnson, who wrote an insightful book about how people in science and in general come up with genuine new ideas, calls it the “slow hunch.” As a precondition to make use of this intuition, he emphasises the importance of experimental spaces where ideas can freely mingle (Johnson 2011). A laboratory with open-minded colleagues can be such a space, much as intellectuals and artists freely discussed ideas in the cafés of old Paris. I would add the slip-box as such a space in which ideas can mingle freely, so they can give birth to new ones.","> 史蒂芬·约翰逊（Steven Johnson）有本书颇富洞见，这本书描述了科研工作者和普通人得到新想法的过程，并将其称为「慢直觉」。他强调，实验空间对此不可或缺。这种空间使得各种想法可以自由交融（Johnson,2011），因而是慢直觉得以运转的先决条件。人人思路开阔的实验室便可以提供实验空间，旧巴黎里的咖啡馆也可以，在那里知识分子和艺术家能自由地讨论各种想法。我认为卡片盒同样是实验空间，因为卡片盒也能实现各种想法的自由交融，并从中孕育出新颖见解。"
11,"> Every intellectual endeavour starts from an already existing preconception, which then can be transformed during further inquires and can serve as a starting point for following endeavours. Basically, that is what Hans-Georg Gadamer called the hermeneutic circle (Gadamer 2004).","> 每一项知识性的努力都是从已有的观念开始的。之后这些观念在进一步的探究过程中转化，并能成为后续努力的起点。这基本上就是汉斯·乔治·加达默尔（Hans-Georg Gadamer）所说的解释学循环（Gadamer,2004）。"
12,"Pirsig, R. M. (1991). *Lila: An inquiry into morals*. New York: Bantam Books.","Pirsig, R. M. (1991). *Lila: An inquiry into morals*. New York: Bantam Books."
13,"> Because he didn’t pre-judge the fittingness of new ideas or try to put them in order but just let them flow in, these ideas sometimes came in so fast he couldn’t write them down quickly enough. The subject matter, a whole metaphysics, was so enormous the flow had turned into an avalanche. The slips kept expanding in every direction so that the more he saw the more he saw there was to see. It was like a Venturi effect which pulled ideas into it endlessly, on and on. He saw there were a million things to read, a million leads to follow… too much… too much… and not enough time in one life to get it all together. Snowed under.",> 他没有预先判断新想法是否合适，也没有试图将他们有序排放，而是仅仅让它们流入脑海。因此，这些新想法有时冒得如此之快，他的记录速度甚至都跟不上了。当前问题，以及一整套形而上学的思辨，其内容丰沛之极，思想之流已然化作一场山洪。思绪片段不断向各个方向延展，因此他读得越多，需要看的东西就越多。这就像文丘里效应，无穷无尽地把各种想法吸纳过来。他发现有无数的东西要读，有无数的线索要跟......太多......太多......穷尽凡人一生也无法将其清晰梳理。他业已身陷其中。（译注：文丘里效应，高速流动的气体附近压强减少，从而产生吸附作用）
