﻿﻿0,# Evergreen notes should be atomic,# 常青笔记应该是原子化的
1,[Evergreen notes should be atomic (andymatuschak.org)](https://notes.andymatuschak.org/z4Rrmh17vMBbauEGnFPTZSK3UmdsGExLRfZz1),原文：[Evergreen notes should be atomic (andymatuschak.org)](https://notes.andymatuschak.org/z4Rrmh17vMBbauEGnFPTZSK3UmdsGExLRfZz1)
2,"It’s best to create notes which are only about one thing—but which, as much as possible, capture the entirety of that thing.",笔记最好只讲一件事——但要尽量描述得全面完整。
3,"This way, it’s easier to form connections across topics and contexts. If your notes are too broad, you might not notice when you encounter some new idea about one of the notions contained within, and links to that note will be muddied. If your notes are too fragmented, you’ll also fragment your link network, which may make it harder to see certain connections. [Evergreen notes should be densely linked](https://notes.andymatuschak.org/z2HUE4ABbQjUNjrNemvkTCsLa1LPDRuwh1tXC)",这样一来，不同话题与上下文之间就更容易建立联系。对于包罗万象的笔记，若只对笔记中的一个概念有了新想法，这个想法就难以察觉，此外指向该笔记的链接会所指不清；如果笔记过于零散，笔记间的链接网络也落得支离破碎，一些联系因此不甚明晰。[常青笔记之间应该建立大量链接](https://notes.andymatuschak.org/z2HUE4ABbQjUNjrNemvkTCsLa1LPDRuwh1tXC)
4,There’s no clear litmus test or correct answer here—just a bunch of tradeoffs.,写笔记没有试金石或者唯一正解，只有各种权衡。
5,"The notion is quite similar to the software engineering principle of *separation of concerns,* which suggests that modules should only be “about” one thing, so that they’re more easily reusable. But likewise, if you fragment modules too much, you’ll have a cohesion problem. In this way, [Evergreen note titles are like APIs](https://notes.andymatuschak.org/z3XP5GRmd9z1D2qCE7pxUvbeSVeQuMiqz9x1C).",常青笔记原子化与软件工程中的 「关注点分离」原则如出一辙。「关注点分离」原则认为，软件的模块应该只「关注」一件事，以便日后复用。但同样地，如果模块切分得太细碎，内聚不足的问题便会浮现。从这个角度看，[常青笔记标题就像 API](https://notes.andymatuschak.org/z3XP5GRmd9z1D2qCE7pxUvbeSVeQuMiqz9x1C)。
6,------,------
7,## References,## 参考文献
8,[Create Zettel from Reading Notes • Zettelkasten Method](https://zettelkasten.de/posts/create-zettel-from-reading-notes/),[从阅读笔记中创建 Zettel 笔记 • Zettelkasten 方法](https://zettelkasten.de/posts/create-zettel-from-reading-notes/)
9,"> The underlying principle I’d call the **principle of atomicity:** put things which belong together in a *Zettel*, but try to separate concerns from one another. For example, I might collect a list of assumptions in one *Zettel* which serves as an overview. like [hard determinism](http://en.wikipedia.org/wiki/Hard_determinism) . A related argument and its conclusion will be kept in another *Zettel*. [Moral responsibility under hard determinism](http://en.wikipedia.org/wiki/Moral_responsibility#Hard_determinism) is a good example. I can re-use the arguments without buying into the assumptions because the arguments are of sufficiently general form. Atomicity fosters re-use which in turn multiplies the amount of connections in the network of *Zettels.*",> 我将这条原则的深层原则称为**原子性原则**：把同类事物放在同一个 **Zettel** 里，而 **Zettel** 之间做到关注点分离。例如，我可能在一个 **Zettel** 中列出很多假设当作综述。如对于[严格决定论](http://en.wikipedia.org/wiki/Hard_determinism) 的综述。有个与严格决定论相关的论证和相应结论则保存在另一个 **Zettel** 中。[严格决定论下的道德责任](http://en.wikipedia.org/wiki/Moral_responsibility#Hard_determinism)就是一个很好的例子。这样我便能复用这篇论证，却不需要接受另一个 **Zettel** 中的假设，因为论证本身是足够通用的。原子化笔记促进笔记复用，而 **Zettel** 网络中的链接也大大增加。
