﻿﻿0,# Evergreen note-writing helps reading efforts accumulate,# 常青笔记有助于积累阅读成果
1,[Evergreen note-writing helps reading efforts accumulate (andymatuschak.org)](https://notes.andymatuschak.org/z6M8kex6kDF2FT6MWqAMDQddsqUr8sphLmyy1),原文：[Evergreen note-writing helps reading efforts accumulate (andymatuschak.org)](https://notes.andymatuschak.org/z6M8kex6kDF2FT6MWqAMDQddsqUr8sphLmyy1)
2,"It’s important to [Write about what you read to internalize texts deeply](https://notes.andymatuschak.org/zg3fYweZpbHeBTpcYke5mF4ZfrJutYcQEtFo), but instead of just writing about the specific book you’re reading, you can (and should) write your notes such that your reading observations accumulate over time as they interact with each other and with your own ideas (see [Evergreen note-writing helps insight accumulate](https://notes.andymatuschak.org/z6cFzJWgj9vZpnrQsjrZ8yCNREzCTgyFeVZTb), [Knowledge work should accrete](https://notes.andymatuschak.org/z6UDDkom8Aifg6mLdjT1sPtbMBweCmpyTwmJT)).",[围绕所读内容写笔记，以求深刻内化文本](https://notes.andymatuschak.org/zg3fYweZpbHeBTpcYke5mF4ZfrJutYcQEtFo)很重要，但不要仅仅描述你所读的具体书籍写了什么，你可以（也应该）写下你的笔记，让你的阅读所得在彼此之间，在你自己的想法之间相互作用，从而逐步聚沙成塔（见[常青笔记有助于洞察力的积累](https://notes.andymatuschak.org/z6cFzJWgj9vZpnrQsjrZ8yCNREzCTgyFeVZTb)，[知识工作应能聚沙成塔](https://notes.andymatuschak.org/z6UDDkom8Aifg6mLdjT1sPtbMBweCmpyTwmJT)）。
3,"This is also why we write [Evergreen notes](https://notes.andymatuschak.org/z4SDCZQeRo4xFEQ8H4qrSqd68ucpgE6LU155C): so that if we encounter a book which discusses a concept we’ve already written about, we’re pushed to integrate new ideas with our prior conception. Certainly, we normally do this when we read, but we’re limited to our faulty memory of other works which might be related. The externalized note-taking system substantially removes this limitation.",这也是我们写[常青笔记](https://notes.andymatuschak.org/z4SDCZQeRo4xFEQ8H4qrSqd68ucpgE6LU155C)的原因：如此一来，如果我们遇到一本书，其中讨论了我们已经写过的概念，我们就会被逼着把新的想法与我们先前的概念结合起来。当然，我们在阅读时通常会这样做，但我们仅限于调用容易出错的记忆，找出可能与此相关的作品。外化的笔记系统大大消除了这种限制。
4,"This is why part of why [Evergreen notes should be concept-oriented](https://notes.andymatuschak.org/z6bci25mVUBNFdVWSrQNKr6u7AZ1jFzfTVbMF): so that the structure of our notes pushes us to notice the relationships between the ideas in different texts—and in our own work (see [Evergreen notes should be densely linked](https://notes.andymatuschak.org/z2HUE4ABbQjUNjrNemvkTCsLa1LPDRuwh1tXC), [Notes should surprise you](https://notes.andymatuschak.org/z4KZ9973AoHhvM9Pj5Qrds48JXNbMEwVJmVRw)).",这就是为什么[常青笔记应面向概念](https://notes.andymatuschak.org/z6bci25mVUBNFdVWSrQNKr6u7AZ1jFzfTVbMF)的部分原因：这样，我们的笔记结构就会促使我们注意到不同文本——以及我们自己作品中的观点之间的关系（见[常青笔记之间应该建立大量链接](https://notes.andymatuschak.org/z2HUE4ABbQjUNjrNemvkTCsLa1LPDRuwh1tXC)，[笔记应让你吃惊](https://notes.andymatuschak.org/z4KZ9973AoHhvM9Pj5Qrds48JXNbMEwVJmVRw)）。
5,The notes you write will also produce the foundations of new manuscripts ([Executable strategy for writing](https://notes.andymatuschak.org/z3PBVkZ2SvsAgFXkjHsycBeyS6Cw1QXf7kcD8)).,你写的笔记也会打下新的手稿的基础（[可执行的写作策略](https://notes.andymatuschak.org/z3PBVkZ2SvsAgFXkjHsycBeyS6Cw1QXf7kcD8)）。
6,This is one reason for [Evergreen note-writing as fundamental unit of knowledge work](https://notes.andymatuschak.org/z3SjnvsB5aR2ddsycyXofbYR7fCxo7RmKW2be).,这是[常青笔记写作是知识工作的基本单位](https://notes.andymatuschak.org/z3SjnvsB5aR2ddsycyXofbYR7fCxo7RmKW2be)的原因之一。
