﻿﻿0,# Evergreen notes should be densely linked,# 常青笔记之间应该建立大量链接
1,[Evergreen notes should be densely linked (andymatuschak.org)](https://notes.andymatuschak.org/z2HUE4ABbQjUNjrNemvkTCsLa1LPDRuwh1tXC),原文：[Evergreen notes should be densely linked (andymatuschak.org)](https://notes.andymatuschak.org/z2HUE4ABbQjUNjrNemvkTCsLa1LPDRuwh1tXC)
2,"If we push ourselves to add lots of links between our notes, that makes us think expansively about what other concepts might be related to what we’re thinking about. It creates pressure to think carefully about how ideas relate to each other (see [Understanding requires effortful engagement](https://notes.andymatuschak.org/zX1WtJ4ouE8sjN1NgWHsGVg8ZnVfp5Kz74Vs) and [Evergreen notes should be concept-oriented](https://notes.andymatuschak.org/z6bci25mVUBNFdVWSrQNKr6u7AZ1jFzfTVbMF)). It’ll also help you internalize the ideas more deeply through [Elaborative encoding](https://notes.andymatuschak.org/z3ZTBNhJddpewTBgbKAFy2cnSMBiJRpMZWsfB).",强迫自己在笔记之间添加大量链接，我们便能打开视野，围绕眼下关心的问题，考虑还有些概念能与其关联。添加链接的行为施加了一股压力，促使我们仔细思考各个概念如何彼此联系（见[理解概念需与其尽力较量](https://notes.andymatuschak.org/zX1WtJ4ouE8sjN1NgWHsGVg8ZnVfp5Kz74Vs)和[常青笔记应该面向概念](https://notes.andymatuschak.org/z6bci25mVUBNFdVWSrQNKr6u7AZ1jFzfTVbMF)），同时也实现了[精细编码](https://notes.andymatuschak.org/z3ZTBNhJddpewTBgbKAFy2cnSMBiJRpMZWsfB)，能更深入地内化这些想法。
3,"Finding the right links requires reading old notes, so it’s also an organic mechanism for intermittently reviewing the notes we’ve written ([Evergreen note maintenance approximates spaced repetition](https://notes.andymatuschak.org/z6yfTwYekzvBkVjeH7WBUrSAJhyGTMYDAyYW7)). This may lead to surprising discoveries ([Notes should surprise you](https://notes.andymatuschak.org/z4KZ9973AoHhvM9Pj5Qrds48JXNbMEwVJmVRw)).",为建立合适的链接，我们需要阅读先前的笔记，这样也有机地实现了对写就笔记的间歇性回顾（[常青笔记维护近似于间隔重复](https://notes.andymatuschak.org/z6yfTwYekzvBkVjeH7WBUrSAJhyGTMYDAyYW7)）。由此便会得出意料之外的发现（[笔记应该让你吃惊](https://notes.andymatuschak.org/z4KZ9973AoHhvM9Pj5Qrds48JXNbMEwVJmVRw)）。
4,"And by recording the connections, we document how we came to our conclusions, which may be useful to us (or our colleagues) later. As much as is possible, we should [Prefer fine-grained associations](https://notes.andymatuschak.org/z68tVM68dEAuH4acs7HY6K76tTVzBdoBGKMZB). By contrast, [Tags are an ineffective association structure](https://notes.andymatuschak.org/z3MzhvmesiD2htMaEFQJif7gJgyaHAQvKH49Z).",而通过记录这些联系，我们也记录了我们得出结论的过程，可能日后对我们（或我们的同事）派上用场。我们应该尽可能[倾向于建立细粒度的关联](https://notes.andymatuschak.org/z68tVM68dEAuH4acs7HY6K76tTVzBdoBGKMZB)。相比之下，[标签是无效的关联结构](https://notes.andymatuschak.org/z3MzhvmesiD2htMaEFQJif7gJgyaHAQvKH49Z)。
5,"When just reading through our notes, the connections offer many paths to move through idea-space. The temptation is to navigate hierarchically, but the links cut across fields and topics. [Prefer associative ontologies to hierarchical taxonomies](https://notes.andymatuschak.org/z29hLZHiVt7W2uss2uMpSZquAX5T6vaeSF6Cy)",翻阅笔记间，这些链接结成了一条条小径，以供思想空间里漫步遨游。我们忍不住就想按照层级浏览，但链接超越了一切领域和主题。[优先选择关联分类法，而非层级分类法](https://notes.andymatuschak.org/z29hLZHiVt7W2uss2uMpSZquAX5T6vaeSF6Cy)
6,Luhmann actually argues that…,卢曼实际上认为，...
7,"> In comparison with this structure, which offers possibilities of connection that can be actualized, the importance of what has actually been noted is secondary.",> 这种结构（链接）让可能的关联具象化，相比之下，实际上记录了什么反而是次要的了。
8,You don’t necessarily have to link to notes you’ve already written: [Backlinks can be used to implicitly define nodes in knowledge management systems](https://notes.andymatuschak.org/z2newCwFfd6iZFyf9bgspkbyt1G8wbQxJVgTK). It feels high-friction to stop and add a new note whenever it feels necessary; it’s very freeing to be able to link to a stub. (see also [Evergreen notes permit smooth incremental progress in writing (“incremental writing”)](https://notes.andymatuschak.org/z6C5H4eYH2A4omfNLuUcDiKibQ1hZG2RGNZ97)).,你不一定要链接到你已经写过的笔记：[在知识管理系统中，反向链接可以用来隐式定义节点](https://notes.andymatuschak.org/z2newCwFfd6iZFyf9bgspkbyt1G8wbQxJVgTK)。一感觉有必要就停下来写新笔记是很磨人的；链接到只有标题的页面则毫无拘束。（参见[常青笔记实现顺畅而渐进的写作（「渐进写作」）](https://notes.andymatuschak.org/z6C5H4eYH2A4omfNLuUcDiKibQ1hZG2RGNZ97)）。
9,"Aside from the ongoing value of the captured links, they may help you shepherd your attention while drafting: [Release valves for non-linear thought may support improved linear output](https://notes.andymatuschak.org/z3iT7pPmhbY8WtofoCccd58xtnhJUfkJPztGP).",捕捉到的链接不仅能持续提供价值，它们还可以帮助你在起草时引导你的注意力：[非线性思维的释放阀可能支持改善线性输出](https://notes.andymatuschak.org/z3iT7pPmhbY8WtofoCccd58xtnhJUfkJPztGP)。
10,------,------
11,## References,## 参考文献
12,"Luhmann, N. (1992). Communicating with Slip Boxes. In A. Kieserling (Ed.), & M. Kuehn (Trans.), *Universität als Milieu: Kleine Schriften* (pp. 53–61). Retrieved from http://luhmann.surge.sh/communicating-with-slip-boxes","Luhmann, N. (1992). Communicating with Slip Boxes. In A. Kieserling (Ed.), & M. Kuehn (Trans.), *Universität als Milieu: Kleine Schriften* (pp. 53–61). Retrieved from http://luhmann.surge.sh/communicating-with-slip-boxes"
13,"> **2. Possibility of linking (Verweisungsmöglichkeiten).** Since all papers have fixed numbers, you can add as many references to them as you may want. Central concepts can have many links which show on which other contexts we can find materials relevant for them. Through references, we can, without too work or paper, solve the problem of multiple storage. Given this technique, it is less important where we place a new note. If there are several possibilities, we can solve the problem as we wish and just record the connection by a link [or reference](https://notes.andymatuschak.org/z2HUE4ABbQjUNjrNemvkTCsLa1LPDRuwh1tXC). Often the context in which we are working suggests a multiplicity of links to other notes. This is especially the case when the card index is already voluminous. In such cases it is important to capture the connections radially, as it were, but at the same time also by right away recording back links in the slips that are being linked to. In this working procedure, the content that we take note of is usually also enriched",> **2. 链接的可能性。**因为所有的卡片都有固定的数字编号，你可以添加尽可能多的引用（译者注：指链接其他卡片笔记）。核心的概念可以有许多链接，这些链接显示了我们可以在哪些上下文中记录了与它们相关的材料。通过链接，我们可以在不需要太多工作或纸张的情况下，解决多重存储的问题。使用这种技术，我们把一个新的卡片笔记放在哪里就不那么重要了。如果有几种可能放置的位置，我们可以按自己的意愿选择一个，只需通过链接[或引用](https://notes.andymatuschak.org/z2HUE4ABbQjUNjrNemvkTCsLa1LPDRuwh1tXC)来记录联系就好了。通常情况下，我们正在工作的上下文都会暗示了与其他笔记多种多样的链接，特别是当卡片索引已经很庞大的时候。在这种情况下，重要的是要捕捉到这些链接，但同时也要马上在被链接到的笔记中记录下反向链接。在这个过程中，我们卡片盒中的内容变得更加丰富了。
14,"> In any case, communication becomes more fruitful when we succeed to activate the internal network of links at the occasion of writing notes or making queries. Memory does not function as the sum of point by point accesses, but rather utilizes internal relationships and becomes fruitful only at this level of the reduction of its own complexity. In this way, more information becomes available at this isolated moment of an search impulse than one had in mind. There is also more information than was ever stored in the form of notes, The slip box provides combinatorial possibilities which were never planned, never preconceived, or conceived in this way.",> 在任何情况下，我们写笔记或进行查询的过程中，如果能成功激活卡片盒内部的链接网络，与卡片盒的交流就会更加有成效。记忆并不是逐点存取的总和，而是利用内部关系，并且只有在降低自身复杂性的情况下才会有效。这样一来，当你想要检索的时候，我们可以获得比大脑当时所能想到的更多的信息。最重要的是，这些信息比以往以笔记形式存储的信息更多，卡片盒提供了从未计划过的，从未预想过的信息组合的可能性。
15,"> If we ask, for instance, why on the one hand museums are empty, while on the other hand exhibitions of paintings by Monet, Picasso, or Medici are too crowded, the slip box accepts this question under the perspective of “preference for what is temporally limited.” The connections that already exist internally are, of course, selective, as this example was to prove. They also do not fall into the limits of what is obvious because we must cross the border between the one who takes note and the slip box itself.",> 例如，我们可以问为什么博物馆总是门可罗雀，而另一方面，莫奈、毕加索或美第奇的画展又人山人海，太过拥挤。卡片盒在「偏爱有时间限制的东西 」的角度下接受了这个问题。当然，（卡片盒）内部已经存在的联系是有选择性的，正如这个例子要证明的那样。这些联系并非显然，因为我们必须跨越笔记者和卡片盒本身之间的边界。
16,"> In comparison with this structure, which offers possibilities of connection that can be actualized, the importance of what has actually been noted is secondary.",> 这种结构（链接）让可能的关联具象化，相比之下，实际上记录了什么反而是次要的了。
