﻿﻿0,# Evergreen note-writing as fundamental unit of knowledge work,# 常青笔记写作是知识工作的基本单位
1,[Evergreen note-writing as fundamental unit of knowledge work (andymatuschak.org)](https://notes.andymatuschak.org/z3SjnvsB5aR2ddsycyXofbYR7fCxo7RmKW2be),原文：[Evergreen note-writing as fundamental unit of knowledge work (andymatuschak.org)](https://notes.andymatuschak.org/z3SjnvsB5aR2ddsycyXofbYR7fCxo7RmKW2be)
2,"If you had to set one metric to use as a leading indicator for yourself as a knowledge worker, the best I know might be the number of [Evergreen notes](https://notes.andymatuschak.org/z4SDCZQeRo4xFEQ8H4qrSqd68ucpgE6LU155C) written per day. [Note-writing can be a virtuosic skill](https://notes.andymatuschak.org/z4erJ1AQZ28DEMUv3p7AfGNqooWp8pLUVFnQ8), but [Most people use notes as a bucket for storage or scratch thoughts](https://notes.andymatuschak.org/z5nw1rPzimCJYyMknDujwvP344Hv3ixCZRZV2) and [Note-writing practices are generally ineffective](https://notes.andymatuschak.org/z8V2q398qu89vdJ73N2BEYCgevMqux3yxQUAC).",如果非要为知识工作者找一个主要标志，我所知的最好指标，可能是每天所写的[常青笔记](https://notes.andymatuschak.org/z4SDCZQeRo4xFEQ8H4qrSqd68ucpgE6LU155C)的数量。[写笔记可以是高超的技能](https://notes.andymatuschak.org/z4erJ1AQZ28DEMUv3p7AfGNqooWp8pLUVFnQ8)，但是[大多数人把笔记当作一个存放想法、给想法打草稿的容器](https://notes.andymatuschak.org/z5nw1rPzimCJYyMknDujwvP344Hv3ixCZRZV2)而[笔记写作实践通常是无效的](https://notes.andymatuschak.org/z8V2q398qu89vdJ73N2BEYCgevMqux3yxQUAC) 。
3,- [Evergreen note-writing helps insight accumulate](https://notes.andymatuschak.org/z6cFzJWgj9vZpnrQsjrZ8yCNREzCTgyFeVZTb),- [常青笔记有助于积累洞见](https://notes.andymatuschak.org/z6cFzJWgj9vZpnrQsjrZ8yCNREzCTgyFeVZTb)
4,- [Evergreen note-writing helps reading efforts accumulate](https://notes.andymatuschak.org/z6M8kex6kDF2FT6MWqAMDQddsqUr8sphLmyy1),- [常青笔记有助于积累阅读成果](https://notes.andymatuschak.org/z6M8kex6kDF2FT6MWqAMDQddsqUr8sphLmyy1)
5,"- Note-writing helps writing accumulate: these notes are the fuel for the [Executable strategy for writing](https://notes.andymatuschak.org/z3PBVkZ2SvsAgFXkjHsycBeyS6Cw1QXf7kcD8), particularly if you [Create speculative outlines while you write](https://notes.andymatuschak.org/z2uXyfV67dnWLUKg1iDbsrHk3DGjtNWTxSTah).",- 写笔记有助于写下的文本积累：这些笔记是[可执行的写作策略](https://notes.andymatuschak.org/z3PBVkZ2SvsAgFXkjHsycBeyS6Cw1QXf7kcD8)的燃料，特别是如果你[在写作时创建推测性大纲](https://notes.andymatuschak.org/z2uXyfV67dnWLUKg1iDbsrHk3DGjtNWTxSTah)。
6,A caveat: [“Better note-taking” misses the point; what matters is “better thinking”](https://notes.andymatuschak.org/z7kEFe6NfUSgtaDuUjST1oczKKzQQeQWk4Dbc),注意事项：[「更好地记笔记」这个描述太过流于表面；核心在于「更好地思考」](https://notes.andymatuschak.org/z7kEFe6NfUSgtaDuUjST1oczKKzQQeQWk4Dbc)
7,------,------
8,## References,## 参考文献
9,"Ahrens, S. (2017). *How to Take Smart Notes: One Simple Technique to Boost Writing, Learning and Thinking – for Students, Academics and Nonfiction Book Writers*.","Ahrens, S. (2017). *How to Take Smart Notes: One Simple Technique to Boost Writing, Learning and Thinking – for Students, Academics and Nonfiction Book Writers*."
10,"> If writing is the medium of research and studying nothing else than research, then there is no reason not to work as if nothing else counts than writing.",> 如果写作是探索性研究和一般性研究的媒介，并且除了做研究，不必学别的，那么就没有什么比写作更重要了。
11,"> Focusing on writing as if nothing else counts does not necessarily mean you should do everything else less well, but it certainly makes you do everything else differently. Having a clear, tangible purpose when you attend a lecture, discussion or seminar will make you more engaged and sharpen your focus.",> 专注于写作，好像其他的都不重要，并不意味着其他事情就敷衍了事，相反，专注写作一定会让你做事方法有所该关注。当你参加讲座、讨论或研讨会时，有明确、具体的目的，你就会更加投入、更有的放矢。
12,"> Even if you decide never to write a single line of a manuscript, you will improve your reading, thinking and other intellectual skills just by doing everything *as if nothing counts other than writing*.",> 即使你永远不会去写草稿，**写作第一**的策略也会提高阅读、思考和其他方面的技能。
