﻿﻿0,# Evergreen notes should be concept-oriented,# 常青笔记应面向概念
1,[Evergreen notes should be concept-oriented (andymatuschak.org)](https://notes.andymatuschak.org/z6bci25mVUBNFdVWSrQNKr6u7AZ1jFzfTVbMF),原文：[Evergreen notes should be concept-oriented (andymatuschak.org)](https://notes.andymatuschak.org/z6bci25mVUBNFdVWSrQNKr6u7AZ1jFzfTVbMF)
2,"It’s best to factor [Evergreen notes](https://notes.andymatuschak.org/z4SDCZQeRo4xFEQ8H4qrSqd68ucpgE6LU155C) by concept (rather than by author, book, event, project, topic, etc). This way, you discover connections across books and domains as you update and link to the note over time ([Evergreen notes should be densely linked](https://notes.andymatuschak.org/z2HUE4ABbQjUNjrNemvkTCsLa1LPDRuwh1tXC)).",划分[常青笔记](https://notes.andymatuschak.org/z4SDCZQeRo4xFEQ8H4qrSqd68ucpgE6LU155C) 最好以概念为标准，而不是按作者、书籍、事件、项目、主题等。这样随着时间的推移，而笔记不断更新、链接，你会逐步发现不同书籍和领域之间的联系（[常青笔记之间应该建立大量链接](https://notes.andymatuschak.org/z2HUE4ABbQjUNjrNemvkTCsLa1LPDRuwh1tXC)）。
3,"The most straightforward way to take notes is to start a new note for each book, each project, or each research topic. Because each note covers many concepts, it can be hard to find what you’ve written when a concept comes up again later: you have to remember the name of each book or project which dealt with the topic (by contrast: [Evergreen notes should be atomic](https://notes.andymatuschak.org/z4Rrmh17vMBbauEGnFPTZSK3UmdsGExLRfZz1)).",做笔记最直接的方法是为每本书、项目或研究课题开辟新笔记。每篇笔记都涵盖了许多概念，因此若某个概念以后再次出现，你可能很难找到你曾写过的内容：你必须记住哪些书或项目涉及此话题（相比之下：[常青笔记应该是原子化的](https://notes.andymatuschak.org/z4Rrmh17vMBbauEGnFPTZSK3UmdsGExLRfZz1)）。
4,"When you read another book which discusses the same concept, you’ll write a new note on that book. With this approach, there’s no accumulation (contra [Knowledge work should accrete](https://notes.andymatuschak.org/z6UDDkom8Aifg6mLdjT1sPtbMBweCmpyTwmJT)). Your new thoughts on the concept don’t combine with the old ones to form a stronger whole: you just have a scattered set of notes on the concept, perhaps referring to it by different names, each embedded in some larger document.",你如果读到另一本书，其中讨论了相同概念，你会在那本书上写新笔记。这种方法是无法聚沙成塔的（有悖于[知识工作应能聚沙成塔](https://notes.andymatuschak.org/z6UDDkom8Aifg6mLdjT1sPtbMBweCmpyTwmJT)）。你对这个概念的新想法，并没有与旧想法结合起来，形成更坚实的整体：关于这个概念，你只有一盘散沙般的一堆笔记，每条笔记深藏于更大的文件中，甚至指代这个概念的术语都不统一。
5,It’s not just about accumulation. There’s also no pressure to synthesize your new ideas on the concept with your prior thoughts about it. Is there tension between them? Is some powerful distillation only visible when all these ideas are considered simultaneously? [Understanding requires effortful engagement](https://notes.andymatuschak.org/zX1WtJ4ouE8sjN1NgWHsGVg8ZnVfp5Kz74Vs),这不仅仅是积累的问题。这种方法中，没有动力驱使你把围绕这个概念的新旧想法融会贯通。新旧想法之间难道没有张力吗？难道对概念的有力提炼，不只在将其同时考虑时出现吗？[理解需要努力参与](https://notes.andymatuschak.org/zX1WtJ4ouE8sjN1NgWHsGVg8ZnVfp5Kz74Vs)
6,"If we read two books about exactly the same topic, we might easily link our notes about those two together. But novel connections tend to appear where they’re not quite so expected. When arranging notes by concept, you may make surprising links between ideas that came up in very different books. You might never have noticed that those books were related before—and indeed, they might not have been, except for this one point.",如果我们读了两本主题完全相同的书，我们可能很容易将这两本书的笔记链接在一起。但是，新奇的联系往往会出现在意想不到的地方。在按概念整理笔记时，你可能会在不同书籍中出现的观点之间建立出乎意料的联系。你以前可能从来没有意识到这些书能联系起来——事实上，它们可能确实没有过联系，除了你发现的这一点。
7,"Organizing by concept makes note-taking a little harder, but in a useful way: when writing new notes, we have to find where they fit into the whole. So we explore some part of our prior web of notes, which may lead us somewhere unexpected.",按概念组织的话，记笔记会有点困难，但这种困难不无好处：写新笔记时，必须找到新笔记在整体中的位置，因此便会探索之前织就的笔记网络，于是就有机会寻访意料之外的地方。
8,"Over time, we accumulate notes which we can combine in increasingly complex ways ([Evergreen note titles are like APIs](https://notes.andymatuschak.org/z3XP5GRmd9z1D2qCE7pxUvbeSVeQuMiqz9x1C)) to produce novel insights ([Evergreen note-writing helps insight accumulate](https://notes.andymatuschak.org/z6cFzJWgj9vZpnrQsjrZ8yCNREzCTgyFeVZTb)).",随着时间的推移，笔记会聚沙成塔，并能以越来越复杂的方式组合起来（[常青笔记的标题就像 API](https://notes.andymatuschak.org/z3XP5GRmd9z1D2qCE7pxUvbeSVeQuMiqz9x1C)），新颖洞见油然而生（[常青笔记有助于积累洞见](https://notes.andymatuschak.org/z6cFzJWgj9vZpnrQsjrZ8yCNREzCTgyFeVZTb)）。
9,------,------
10,## References,## 参考文献
11,[Extend Your Mind and Memory With a Zettelkasten • Zettelkasten Method](https://zettelkasten.de/posts/extend-your-mind-and-memory-with-a-zettelkasten),[用 Zettelkasten 扩展你的思维和记忆 • Zettelkasten 方法](https://zettelkasten.de/posts/extend-your-mind-and-memory-with-a-zettelkasten)
12,"> When you’ve taken two texts apart already, a Zettelkasten will help you draw connections between them, see their similarities and oppositions. Thereby, you’ll be able to distill a bunch of texts and find out something new for yourself with time.",> 如果你已经把两篇文章拆分了，Zettelkasten 会帮助你把两篇文章联系起来，找出相似点和对立点。 因此，你将能够提炼出一大堆文本，并随着时间的推移找到新东西。
13,> you’ll generate new ideas by following connections and exploring a part of your web of notes. The non-apparent connections are generally more beneficial to creative thinking than the obvious ones as they generate greater surprise.,> 跟踪连接和探索部分笔记网络之后，你会冒出新颖想法。 与显然的联系相比，不明显的联系通常更有益于创造性思考，因为它们会引起更大的惊喜。
14,"> when you analyze a text, you decompose its web-like whole into pieces and keep track of their relations to one another.",> 分析文本时，由于文本是网状的整体，便要将其分解成几个部分，并且记录各部分的联系
15,"Luhmann, N. (1992). Communicating with Slip Boxes. In A. Kieserling (Ed.), & M. Kuehn (Trans.), *Universität als Milieu: Kleine Schriften* (pp. 53–61). Retrieved from http://luhmann.surge.sh/communicating-with-slip-boxes","Luhmann, N. (1992). Communicating with Slip Boxes. In A. Kieserling (Ed.), & M. Kuehn (Trans.), *Universität als Milieu: Kleine Schriften* (pp. 53–61). Retrieved from http://luhmann.surge.sh/communicating-with-slip-boxes"
16,"> We could try to generalize the experiences of Paris, Florence, New York under general concepts like “art” or “exhibitions,” or “crowding” (inter-actionistic), or “mass,” or “freedom” or “education,” in order to see how the slip box reacts. Usually it is more fruitful to look for formulations of problems that relate heterogeneous things with each other.",> 我们可以尝试在「艺术」、「展览」、「拥挤」（相互作用）、「大众」、「自由」、「教育」等一般概念下概括巴黎、佛罗伦萨和纽约的体验，以便看看卡片盒如何反应。通常情况下，如果问题的表述使得性质迥异的事物联系起来，这样的问题更有成效。
17,"Ahrens, S. (2017). *How to Take Smart Notes: One Simple Technique to Boost Writing, Learning and Thinking – for Students, Academics and Nonfiction Book Writers*.","Ahrens, S. (2017). *How to Take Smart Notes: One Simple Technique to Boost Writing, Learning and Thinking – for Students, Academics and Nonfiction Book Writers*."
18,"> In the old system, the question is: Under which topic do I store this note? In the new system, the question is: In which context will I want to stumble upon it again?",> 在旧系统中，问题是：我该把这条笔记放在哪个主题下？在新系统中，问题是：我想在哪种情况下再次看到它？
19,"> Fleeting literature notes can make sense if you need an extra step to understand or grasp an idea, but they will not help you in the later stages of the writing process, as no underlined sentence will ever present itself when you need it in the development of an argument.",> 如果你需要额外步骤来理解或掌握想法，那么转瞬即逝的文献笔记是有意义的。但在写作过程的后期阶段，它们帮不到你，因为在论点的发展过程中，当你需要划线的句子时，它永远不会出现。
20,"> Many students and academic writers think like the early ship owners when it comes to note-taking. They handle their ideas and findings in the way it makes immediate sense: If they read an interesting sentence, they underline it. If they have a comment to make, they write it into the margins. If they have an idea, they write it into their notebook, and if an article seems important enough, they make the effort and write an excerpt. Working like this will leave you with a lot of different notes in many different places. Writing, then, means to rely heavily on your brain to remember where and when these notes were written down. A text must then be conceptualised independently from these notes, which explains why so many resort to brainstorming to arrange the resources afterwards according to this preconceived idea.",> 谈到记笔记，许多学生和学术写作者的想法与早期的船主一样。他们以立竿见影的方式处理他们的想法和发现：如果读到有趣的句子，就在下面划线。如果想做点评，就在空白处写下来。如果想到一个点子，就记到笔记本上，如果一篇文章看起来足够重要，就努力写一篇摘录。这样做会让你在很多不同的地方留下很多不同的笔记。那么，写作就意味着在很大程度上依靠你的大脑来记住这些笔记是在何时何地写下的。然后，必须从这些笔记中独立地构思一个文本，这就解释了为什么这么多人在事后根据这种先入为主的想法，借助头脑风暴来安排资源。
