﻿﻿0,# How to process reading annotations into evergreen notes,# 如何将阅读标注处理成常青笔记
1,[How to process reading annotations into evergreen notes (andymatuschak.org)](https://notes.andymatuschak.org/z2PJ51tCXuPFxnfFVUxxgwjvZ1geu4YnYm7hK),原文：[How to process reading annotations into evergreen notes (andymatuschak.org)](https://notes.andymatuschak.org/z2PJ51tCXuPFxnfFVUxxgwjvZ1geu4YnYm7hK)
2,"It’s important to [Write about what you read to internalize texts deeply](https://notes.andymatuschak.org/zg3fYweZpbHeBTpcYke5mF4ZfrJutYcQEtFo). While reading, you’ve marked passages that seem relevant, and you’ve scribbled notes with your thoughts ([How to collect observations while reading](https://notes.andymatuschak.org/z71FeBJGqZdyA78UNTwXCWcMGUVCWk1XsLvPS)). Now we’ll process all that into lasting notes.",重要的是[写你所读，以求内化](https://notes.andymatuschak.org/zg3fYweZpbHeBTpcYke5mF4ZfrJutYcQEtFo)。在阅读过程中，你已经标记了那些看起来相关的段落，并且你已经简单记下了你的想法（[如何在阅读时收集观察结果](https://notes.andymatuschak.org/z71FeBJGqZdyA78UNTwXCWcMGUVCWk1XsLvPS)）。现在，我们会把所有这些都处理成长久化的笔记。
3,"First: what notes should even get written? We’ll write [Evergreen notes should be concept-oriented](https://notes.andymatuschak.org/z6bci25mVUBNFdVWSrQNKr6u7AZ1jFzfTVbMF), so what are the key concepts? You need to take a step back and form a picture of the overall structure of the ideas. Concretely, you might do that by clustering your scraps into piles and observing the structure that emerges. Or you might sketch a mind map or a visual outline. The structure you observe *does not have to match the book’s structure:* it’s whatever makes sense relative to your own personal ontology ([Do your own thinking](https://notes.andymatuschak.org/z4enRPbLXdD8X8hCfVjaRkcGkronvhcfrgSQw)).",首先：到底应该写什么笔记？我们要写的[常青笔记应面向概念](https://notes.andymatuschak.org/z6bci25mVUBNFdVWSrQNKr6u7AZ1jFzfTVbMF)，那么我们面向的关键概念是什么？你需要先退一步，看到整体上一个概念结构的图。要做到这点，你可以把草稿聚成「簇*」，并观察一簇一簇的草稿间萌生的概念结构。或者，你可以勾勒出一幅思维导图或可视化的大纲。你所观察到的结构**不必与阅读材料的结构相匹配**：只要对你自己有意义就可以（[自主思考](https://notes.andymatuschak.org/z4enRPbLXdD8X8hCfVjaRkcGkronvhcfrgSQw)）。（*译注：原文 cluster，指想法聚类而成的群集）
4,"Once you have a picture of the concepts at play, you’ll begin an iterative process of note-writing. Here I’ve summarized Christian Tietze’s process, which I’m presently adopting / adapting:",一旦对这些概念图景有了些了解，你就可以开始你迭代性的笔记写作了。这里我总结了 Christian Tietze 的流程，也是我目前正在使用、适应的：
5,1. Write a broad note,1. **泛写笔记**
6,   which captures the “big idea” of one of your clusters., 写一条宽泛的笔记 ，它概括草稿簇中的一个「大想法」。
7,   - Are there multiple big ideas? Write multiple broad notes to maintain [Evergreen notes should be atomic](https://notes.andymatuschak.org/z4Rrmh17vMBbauEGnFPTZSK3UmdsGExLRfZz1).,   - 如果有多个「大概念」，那这样宽泛的笔记就多写几条，以保证[常青笔记应该是原子化的](https://notes.andymatuschak.org/z4Rrmh17vMBbauEGnFPTZSK3UmdsGExLRfZz1)。
8,2. **Write finer-grained notes:** Look through the individual scraps in that cluster. Write notes which capture more nuanced atomic ideas within that cluster.,2. **精写笔记**：遍览草稿簇中的单独卡片，写下更细化的想法，捕捉簇中的原子观点。
9,3. Connect:,3. 连接：
10,"   Search for relevant past notes which relate to these new notes. Link, merge, and revise as necessary to represent your new, synthesized conception of those ideas.",  在现有笔记中，搜索与新笔记相关的部分。必要时进行链接、合并和修改，以代表你对这些想法的新的、综合的见解。
11,   - See [Evergreen notes should be densely linked](https://notes.andymatuschak.org/z2HUE4ABbQjUNjrNemvkTCsLa1LPDRuwh1tXC) and [Create speculative outlines while you write](https://notes.andymatuschak.org/z2uXyfV67dnWLUKg1iDbsrHk3DGjtNWTxSTah).,   - 见[常青笔记之间应该建立大量链接](https://notes.andymatuschak.org/z2HUE4ABbQjUNjrNemvkTCsLa1LPDRuwh1tXC)和[在写作时创建推测性大纲](https://notes.andymatuschak.org/z2uXyfV67dnWLUKg1iDbsrHk3DGjtNWTxSTah)。
12,"4. **Revise:** Return to the broad note and improve your summary based on what you’ve learned writing the detailed notes and the details you’ve unpacked, if it’s possible to do so without muddying their focus. Remove detailed notes that are no longer necessary; update others based on what you learned writing your updated broad note if appropriate.",4. **修改**：回到宽泛笔记中，在不混淆重点的前提下，根据你在写详细笔记时学到的东西和展开的细节来改进你的总结。删除不必要的详细说明；如有必要，基于这次更新过程中的收获，更新其他的宽泛笔记。
13,5. **Loop**,5. **重复上述过程**
14,------,------
15,## References,## 参考文献
16,[Create Zettel from Reading Notes • Zettelkasten Method](https://zettelkasten.de/posts/create-zettel-from-reading-notes/),[从阅读笔记中创建 Zettel 笔记 • Zettelkasten 方法](https://zettelkasten.de/posts/create-zettel-from-reading-notes/)
17,"> Second, I find out if a cluster’s main point has too many prerequisites to stand alone. It might be a conclusion which draws from lots of assumptions or from complex models I’d need to explain. I prepare the conclusion first and then branch off into other notes to capture all the necessary ideas. This is where links come in handy: the details point back to the concept note and the concept note mentions its detail branches.",> 其次，我发现一个簇的内涵如果牵扯太多前置内容，以至于不能单独拿出来，那它本身便可能是一个总结性的结论，它可能基于很多假设，或是基于一个需要解释的复杂模型。对此，我会先准备好这个结论，然后分支出一些记录细节的笔记（副枝），去捕捉所有必要的想法、观点。这个场景需要链接功能：细节笔记会指回概念簇，而概念簇会提及那些写了细节的笔记。
18,"> Clusters don’t lean onto the book’s outline. A book’s index for example collects references, not caring about the table of contents or the flow of ideas. For definitions of terms a similar approach is useful: collect usage examples in the text and definitions themselves to get a clear picture of the term’s meaning. Clusters can be topic-based, too, just like an index.",> 簇的分类不是按书的大纲来的。例如一本书的索引就是一种簇，它汇集参考文献，无关目录或思想流。类似的方法对于术语定义也很有用：收集文本中的用例和定义本身，以便清楚地了解术语的含义。簇可以是基于主题的，就像书的索引一样。
19,>,>
20,"> This is what I call ‘orthogonal to the content’: they don’t adhere to the succession of pages and sections. Instead, clusters form themselves around any purpose you deem fitting.",> 这就是我所说的「与内容正交*」：它们不依附于页面和章节的继承关系。相反，它们围绕着你认为合适的任何目的本身形成概念簇。（译注：此处指簇的维度与内容互相独立、互不影响。线性的笔记必须依赖上下文，让鸭鸭头疼，但簇里面可能归纳的是某个主题方面的内容，因此与内容无关）
21,"Ahrens, S. (2017). *How to Take Smart Notes: One Simple Technique to Boost Writing, Learning and Thinking – for Students, Academics and Nonfiction Book Writers*.","Ahrens, S. (2017). *How to Take Smart Notes: One Simple Technique to Boost Writing, Learning and Thinking – for Students, Academics and Nonfiction Book Writers*."
22,> Making sure you will be able to find this note later by either linking to it from your index or by making a link to it on a note that you use as an entry point to a discussion or topic and is itself linked to the index.,> 确保你以后能够找到这个笔记：你可以把它链接到索引中，或者链接到你的讨论或主题的入口笔记（确保该入口笔记已链接到索引中）。
