﻿﻿0,# “Chunks” in human cognition,# 人类认知中的「组块」
1,[“Chunks” in human cognition](https://notes.andymatuschak.org/z75gWU7QuiB5L3x6zFGLGQk3fVkuVJ6eKuEwP),原文：[“Chunks” in human cognition](https://notes.andymatuschak.org/z75gWU7QuiB5L3x6zFGLGQk3fVkuVJ6eKuEwP)
2,"When considering human information processing capacity, [Working memory span is mostly independent of item complexity](https://notes.andymatuschak.org/z6Pe8LaXhDBjjiiVX1Y2WJquaZyRQPTJB3y2K), so we must distinguish between the *number* of items being processed (a **”chunk”**, limited by [Span of working memory](https://notes.andymatuschak.org/z4omDTWHCLoqW7PLpN2tiW63QzoYN5tqxPT9B)) and the *complexity* of each item (separately limited by [Span of absolute judgment](https://notes.andymatuschak.org/ziwhFzgTbrS2uxWEkCvoJzQrDzRz5EAWWZFy)).",在考虑人类的信息处理能力时，[工作记忆大小与记忆内容复杂性基本无关](https://notes.andymatuschak.org/z6Pe8LaXhDBjjiiVX1Y2WJquaZyRQPTJB3y2K)，因此我们必须区分正在处理的记忆内容的**数量**（一个「**组块**」，由[工作记忆大小](https://notes.andymatuschak.org/z4omDTWHCLoqW7PLpN2tiW63QzoYN5tqxPT9B)限制）和每块记忆内容的**复杂性**（各自由[绝对判断跨度](https://notes.andymatuschak.org/ziwhFzgTbrS2uxWEkCvoJzQrDzRz5EAWWZFy)限制）。
3,"Miller writes (1956, p. 92):",米勒写道 (1956 年，第 92 页)：
4,> I have fallen into the custom of distinguishing between *bits* of information and *chunks* of information. Then I can say that the number of bits of information is constant for absolute judgment and the number of chunks of information is constant for immediate memory.,> 我已经习惯了区分**比特**信息和**组块**信息。那么我可以说，对于绝对判断来说，信息的比特数是恒定的，而对于瞬时记忆来说，信息的组块数是恒定的。
5,Critically: [Human channel capacity increases with bits-per-chunk](https://notes.andymatuschak.org/z6ZFtY8UGPaF9uofckBB7HwK62pssJAUg8C91) and [Recoding can increase chunk size](https://notes.andymatuschak.org/z7Xn37Ji3L6J33QHSVgaKyrpj5sm6spcZ7gH7).,重要的是：[人类信道容量随着每组块比特的增加而增加](https://notes.andymatuschak.org/z6ZFtY8UGPaF9uofckBB7HwK62pssJAUg8C91)和[重新编码可以增加组块的大小](https://notes.andymatuschak.org/z7Xn37Ji3L6J33QHSVgaKyrpj5sm6spcZ7gH7)。
6,"Especially with more complex recoding schemes, chunks can represent fairly abstract attributes: e.g. a musician thinking about “tension” when improvising, or a chess player thinking about “lines of force.”",特别是在更复杂的重新编码方案中，组块可以表示相当抽象的属性：例如，音乐家在即兴创作时考虑「张力」，或者国际象棋选手考虑「力量线」。
7,------,------
8,## References,## 参考文献
9,"Miller, G. A. (1956). The magical number seven, plus or minus two: Some limits on our capacity for processing information. Psychological Review, 63(2), 81–97. https://doi.org/10.1037/h0043158 [Miller - The magical number seven, plus or minus two](https://notes.andymatuschak.org/zjfsd9pyxWQAF3HU5k7RAXhRjJBqtMEGKK27)","Miller, G. A. (1956). 神奇的数字 7 ± 2：我们处理信息能力的一些限制。Psychological Review, 63(2), 81-97. https://doi.org/10.1037/h0043158 [Miller - The magical number seven, plus or minus two](https://notes.andymatuschak.org/zjfsd9pyxWQAF3HU5k7RAXhRjJBqtMEGKK27)"
