﻿﻿0,# Recoding can increase chunk size,# 重新编码可以提升组块大小
1,[Recoding can increase chunk size (andymatuschak.org)](https://notes.andymatuschak.org/z7Xn37Ji3L6J33QHSVgaKyrpj5sm6spcZ7gH7),原文：[Recoding can increase chunk size (andymatuschak.org)](https://notes.andymatuschak.org/z7Xn37Ji3L6J33QHSVgaKyrpj5sm6spcZ7gH7)
2,"[Human channel capacity increases with bits-per-chunk](https://notes.andymatuschak.org/z6ZFtY8UGPaF9uofckBB7HwK62pssJAUg8C91). But we don’t need to rely on the “intrinsic” chunk size of a stimulus. It’s possible to increase the effective chunk size of stimuli by *recoding* them—that is, mentally regrouping them into chunks representing larger patterns. These chunk schemas are also called [Mental representations, after Ericsson and Pool](https://notes.andymatuschak.org/z8kfytRN7oJuKmzmtt6NW5UbFLjkk94nNMJSH).",[人类的信道容量与组块比特容量正相关](https://notes.andymatuschak.org/z6ZFtY8UGPaF9uofckBB7HwK62pssJAUg8C91)。但我们不需要依赖对人脑刺激的「内在」组块大小。我们可以通过**重新编码**来增加刺激的有效组块大小——也就是说，精神上重组刺激的信息，得到组块描述更宏观的模式。这些块状模式也被称为[心理表征，取自 Ericsson 和 Pool](https://notes.andymatuschak.org/z8kfytRN7oJuKmzmtt6NW5UbFLjkk94nNMJSH).
3,"For example, when trying to memorize a sequence of binary digits, one can instead memorize them as octets (e.g. 010 = 2, 101 = 5, etc), which will roughly triple your capacity (Miller, 1956). Chase and Ericsson (1982) used this technique to build a student’s digit span to 80 digits, via hierarchical recoding into 4-decimal-digit chunks.","例如，为记忆一串二进制数字，可以将其三位一组转换成八进制来记忆（例如，010=2，101=5，诸如此类），这样记忆容量大约能增加两倍（Miller, 1956）。Chase 和 Ericsson(1982) 使用这类技术将一个学生的数字广度提高到 80 位，具体做法是将数字重新分层编码为 4 位十进制的组块。"
4,"This process is important not just because it helps us remember useful information, but because it’s likely the key to how anyone processes any kind of complex material (in particular, [Expertise requires building sophisticated chunk recoding schemes](https://notes.andymatuschak.org/z7s7zpUDq2EEXnu3XJQLmqjddZnwGkBfz5WWL)). A pianist initially reads individual notes (C, E, G—ah, a C chord!) but later sees that shape as a single chord (ah, a C major triad). It’s not possible to sight-read music of any real complexity with the former-approach.",重新编码很重要，因为它不仅能帮助我们记住有用的信息，而且可能是处理各种复杂材料的关键步骤（具体而言，[专业水准需要建立复杂的组块重新编码方案](https://notes.andymatuschak.org/z7s7zpUDq2EEXnu3XJQLmqjddZnwGkBfz5WWL)）。钢琴演奏者最初按单个音符阅读乐谱（C、E、G——啊，是 C 和弦！），但后来能将看到弦音符的整体形状而识别为一个和弦（啊，一个 C 大调三和弦）。单个单个读音符是不可能视读颇有难度的音乐的。
5,These patterns (e.g. the shape of a major triad) can only be used as “chunks” once they’re stored in long-term memory.,这些模式（例如大三和弦的形状）一旦被储存在长期记忆中，就只能作为「组块」使用。
6,[Chase and Simon - Perception in chess](https://notes.andymatuschak.org/z5KDtTU1DdSS7dQyYLS5tfaxebde1KMni4yJS) record experimental data suggesting that chess masters use larger chunk sizes (and possibly hierarchical chunk configurations).,[Chase and Simon - Perception in chess](https://notes.andymatuschak.org/z5KDtTU1DdSS7dQyYLS5tfaxebde1KMni4yJS)记录的实验数据表明，国际象棋大师的组块更大（可能还有层级组块机制）。
7,Related: [Complex ideas may be hard to learn in part because their components overflow working memory](https://notes.andymatuschak.org/z6eTZz16YRGs2PyWyc3qe1B9oJ7swmnCU54hZ),相关笔记：[复杂的概念可能很难学习，部分原因是工作记忆容纳不下其组分](https://notes.andymatuschak.org/z6eTZz16YRGs2PyWyc3qe1B9oJ7swmnCU54hZ)
8,------,------
9,## References,## 参考文献
10,"Chase, W. G., & Ericsson, K. A. (1982). Skill and Working Memory. In G. H. Bower (Ed.), Psychology of Learning and Motivation (Vol. 16, pp. 1–58). Academic Press. https://doi.org/10.1016/S0079-7421(08)60546-0","Chase, W. G., & Ericsson, K. A. (1982). Skill and Working Memory. In G. H. Bower (Ed.), Psychology of Learning and Motivation (Vol. 16, pp. 1–58). Academic Press. https://doi.org/10.1016/S0079-7421(08)60546-0"
11,"Miller, G. A. (1956). The magical number seven, plus or minus two: Some limits on our capacity for processing information. Psychological Review, 63(2), 81–97. https://doi.org/10.1037/h0043158 [Miller - The magical number seven, plus or minus two](https://notes.andymatuschak.org/zjfsd9pyxWQAF3HU5k7RAXhRjJBqtMEGKK27)","Miller, G. A. (1956). The magical number seven, plus or minus two: Some limits on our capacity for processing information. Psychological Review, 63(2), 81–97. https://doi.org/10.1037/h0043158 [Miller - The magical number seven, plus or minus two](https://notes.andymatuschak.org/zjfsd9pyxWQAF3HU5k7RAXhRjJBqtMEGKK27)"
