[
  {
    "key": "0",
    "original": "# Readwise",
    "translation": "# Readwise 服务",
    "stage": 9
  },
  {
    "key": "1",
    "original": "[Readwise (andymatuschak.org)](https://notes.andymatuschak.org/z2ewMN8Hzd8gt4qyfQV1ognJ5PQs3CXxDfCJ)",
    "translation": "原文：[Readwise (andymatuschak.org)](https://notes.andymatuschak.org/z2ewMN8Hzd8gt4qyfQV1ognJ5PQs3CXxDfCJ)",
    "stage": 5
  },
  {
    "key": "2",
    "original": "Readwise is a service which tries to help you remain engaged with interesting ideas you’ve read. It extracts highlights from Kindle, “read later” services, physical books via photos + OCR, etc. Then it sends you a daily email with a random assortment of those highlights so that they’re periodically refreshed in your mind.",
    "translation": "Readwise 是一项服务，旨在帮助你保持与读到的有趣想法的接触。它从 Kindle、「稍后阅读」服务、照片 + OCR 的实体书等等中提取重点标记。然后，它每天向你发送一封电子邮件，其中包括这些重点的随机组合，以便它们在你的脑海中定期刷新。",
    "stage": 5
  },
  {
    "key": "3",
    "original": "## SRS-like functionality",
    "translation": "## 「类 SRS」 功能",
    "stage": 5
  },
  {
    "key": "4",
    "original": "They’ve gradually introduced some features of a [Spaced repetition memory system](https://notes.andymatuschak.org/z4eXdSMJFv2qVGXSUEKH4vdcHBrLHcFY1ZGfC). In the course of reading through your daily highlights, you can smoothly “upgrade” the interesting ones into cloze deletions or even custom question/answer prompts. This is a clever strategy for onboarding people new to spaced repetition: the product delivers (slight) value if you’re totally passive, but as users become invested, they can apply incremental effort over time and get more out of the product.",
    "translation": "他们已经逐渐引入了[间隔重复记忆系统](https://notes.andymatuschak.org/z4eXdSMJFv2qVGXSUEKH4vdcHBrLHcFY1ZGfC)的一些功能。在每日重点内容的阅读过程中，你可以顺利地将吸引你的内容「升级」为填空题，甚至是自定义问答卡片。这是一个巧妙的策略，用于引导刚接触间隔重复的人：如果你完全是被动的，这种策略只会产出（轻微的）价值，但随着用户加大投入，伴随着渐进的用功，用户能从中获得更多的收益。",
    "stage": 5
  },
  {
    "key": "5",
    "original": "![img](https://notes.andymatuschak.org/BearImages/4632A341-FBE4-4152-83FE-702FDB245B62-41582-00007A4658D78B9B/cloze-deletion.gif)",
    "translation": "![img](https://notes.andymatuschak.org/BearImages/4632A341-FBE4-4152-83FE-702FDB245B62-41582-00007A4658D78B9B/cloze-deletion.gif)",
    "stage": 5
  },
  {
    "key": "6",
    "original": "Note that the core feedback actions in Readwise are knobs tuning when to show the highlight again (sooner, later, eventually). You don’t mark yourself as having remembered correctly or incorrectly.",
    "translation": "请注意，与典型 SRS 的问答按钮不同，Readwise 的核心反馈动作，是一组调节「何时再次重复」的旋钮（更早，更晚，结束）。你并不是用它标记回忆正确还是错误。",
    "stage": 5
  },
  {
    "key": "7",
    "original": "If the goal were to produce good SRS recall prompts, I’d worry that this wouldn’t work well: [Cloze deletion prompts seem to produce less understanding than question/answer pairs in spaced repetition memory systems](https://notes.andymatuschak.org/Cloze_deletion_prompts_seem_to_produce_less_understanding_than_question%2Fanswer_pairs_in_spaced_repetition_memory_systems), and people mostly won’t write good Q/A prompts because [Writing good spaced repetition memory prompts is hard](https://notes.andymatuschak.org/z3ntJ7w9C3uapYp1m3gy2EK6PN788guzEoUNN). This interface also encodes a 1:1 relationship between passages and prompts, which is not good for thoroughly learning material: [Spaced repetition memory prompts should encode ideas from multiple angles](https://notes.andymatuschak.org/z3K5a9tM1wq1x4QnDfsUpTeYZWW3M9iUzMdfo).",
    "translation": "如果目标是制作高质量的 SRS 回忆卡片，我担心这么做不能达到效果：[在间隔重复记忆系统中，填空卡似乎比问答卡产生更少的理解](https://notes.andymatuschak.org/Cloze_deletion_prompts_seem_to_produce_less_understanding_than_question%2Fanswer_pairs_in_spaced_repetition_memory_systems)，而且人们大多写不出很好的问答卡，因为[写好间隔重复记忆卡片很难](https://notes.andymatuschak.org/z3ntJ7w9C3uapYp1m3gy2EK6PN788guzEoUNN)。这种界面还对段落和卡片之间进行一对一地进行编码（而不是拆分成多个卡片），这不利于彻彻底底学习一段材料：[间隔重复记忆卡片应该从多个角度对概念进行编码](https://notes.andymatuschak.org/z3K5a9tM1wq1x4QnDfsUpTeYZWW3M9iUzMdfo)。",
    "stage": 5
  },
  {
    "key": "8",
    "original": "But the goal *isn’t* to produce detailed memory: it’s closer to the aspiration described in [Timeful text](https://notes.andymatuschak.org/z73hGbYFm7bjV3yYwK29MvbBZEcwK6kWyduqV), focusing on the effect I describe in [The mnemonic medium keeps readers in contact with material over time](https://notes.andymatuschak.org/z7tjqSxGsJ53tXsGkRpchsECWcMsW3sFUw86U). “…the point is to reprogram your brain. To prime your mind to spot patterns, form connections, and resurface the right idea at the right time.” Does this approach actually do that? Hard to know! The evidence for this isn’t clearly available like it is for memory, but that’s part of the fun. Because it’s hard to quantify this kind of outcome, this actually makes a business a better place to test the idea: if people continue paying for the service, they clearly find it valuable.",
    "translation": "但 Readwise 的目标**不是**详尽地记忆，而更接近「[穿越时间的文本](https://notes.andymatuschak.org/z73hGbYFm7bjV3yYwK29MvbBZEcwK6kWyduqV)」中所描述的愿景：侧重于制造「[助记媒介使读者持续接触材料](https://notes.andymatuschak.org/z7tjqSxGsJ53tXsGkRpchsECWcMsW3sFUw86U)」中我描述的效果 ——「......重点是对你的大脑重新编程。使你的大脑能够发现模式，形成联系，并在正确的时间重新出现正确的想法」。但 ReadWise 的方法是否真的能做到这一点？难说啊！这方面的依据不像单纯记住那样清晰可得，但也是乐趣的一部分。实际上，正因为很难量化当中的产出，用商业方式来测试其中效果显得更合适：如果人们继续为这项服务付费，那显然是发现了它的价值。",
    "stage": 3
  },
  {
    "key": "9",
    "original": "This detailed UI for managing the intervals of specific books is a thoughtful touch. I wonder how many users edit these. Rather than setting a value explicitly, I wonder if it would make more sense to tune these incrementally over time through “see less” / “see more” type interactions during reviews (which they have as well?):",
    "translation": "下面是书籍的间隔管理界面，交互做得细致而用心。不过，我想知道多少用户会真的编辑它们。相较于让用户明确地设定这些值，让用户在回顾期间（他们好像也有回顾？）点击「少看」/「多看」按钮，根据次数来逐步调整这些内容是否更有意义：",
    "stage": 5
  },
  {
    "key": "10",
    "original": "![img](https://notes.andymatuschak.org/BearImages/DAB6FE9D-4F10-4AB3-BAB0-B8DAD7C0EE38-41582-00007CF7BD7D0379/tuning.gif)",
    "translation": "![img](https://notes.andymatuschak.org/BearImages/DAB6FE9D-4F10-4AB3-BAB0-B8DAD7C0EE38-41582-00007CF7BD7D0379/tuning.gif)",
    "stage": 5
  },
  {
    "key": "11",
    "original": "## Note management",
    "translation": "## 笔记管理",
    "stage": 5
  },
  {
    "key": "12",
    "original": "Readwise also offers note organization features: you can tag and add notes on your highlights.",
    "translation": "Readwise 还提供了笔记组织功能：你可以在你标记的内容上打标签和添加笔记。",
    "stage": 5
  },
  {
    "key": "13",
    "original": "In general, I fear that the choice to organize everything around books falls afoul of [Do your own thinking](https://notes.andymatuschak.org/z4enRPbLXdD8X8hCfVjaRkcGkronvhcfrgSQw) and [Collecting material feels more useful than it usually is](https://notes.andymatuschak.org/z8QSUyNdq3CMK79KSnCW7QTR1MPHEFi4Q2LY8). You’re reading these highlights, and you can make a note about an individual highlight, but the product makes it difficult to draw those insights together into something larger. For that, the workflow is to export your highlights to some other environment (Notion, Evernote, etc). But there’s no connection (as far as I can see) between the review workflow and that environment.",
    "translation": "总的来说，我担心围绕材料书本组织一切的方式，会违反[自主思考](https://notes.andymatuschak.org/z4enRPbLXdD8X8hCfVjaRkcGkronvhcfrgSQw)的原则，而且[收集材料的作用在感知上被夸大了](https://notes.andymatuschak.org/z8QSUyNdq3CMK79KSnCW7QTR1MPHEFi4Q2LY8)。你可以阅读之前标记的重点，还可以对它们做笔记，但这个产品很难让你把这些见解相融成更深的东西。对此，恰当的工作流是将标好的重点导出到其他环境中（Notion、Evernote 等）。不过这些环境比较封闭，无法连接你的间隔重复工作流（就我所见）。",
    "stage": 3
  },
  {
    "key": "14",
    "original": "## Organization",
    "translation": "## 组织",
    "stage": 5
  },
  {
    "key": "15",
    "original": "Readwise was created by {Daniel Doyon} and {Tristan Homsi}. It’s a bootstrapped business.",
    "translation": "Readwise 是由{Daniel Doyon}和{Tristan Homsi}创建的，这是一个自筹资金的公司。",
    "stage": 3
  },
  {
    "key": "16",
    "original": "Perhaps because it’s a business, it’s often misleadingly confident in its claims, contra [Pitching out corrupts within](https://notes.andymatuschak.org/zqG92bvaL58AWMeL97jXaRd1Dm6hsfGvhAn):",
    "translation": "也许正因为这是商业行为，所以其主张之自信往往很有误导性，反而容易卖家秀（[报喜不报忧](https://notes.andymatuschak.org/zqG92bvaL58AWMeL97jXaRd1Dm6hsfGvhAn)）：",
    "stage": 5
  },
  {
    "key": "17",
    "original": "> We don’t remember things by just reading them once. Readwise fixes this using a scientific process called Spaced Repetition.",
    "translation": "> 我们不能只读一次就记住东西。Readwise 使用一种叫做「间隔重复」的科学方法来解决这个问题。",
    "stage": 3
  },
  {
    "key": "18",
    "original": "> For example, if you apply Mastery to Deep Work and your weekly calendar starts to fill with shallow calls and meetings, your mind will likely notice the pattern and then start nudging you to create some uninterrupted space.",
    "translation": "> 例如，如果你将 Mastery 应用于**深度工作**，而你每周的日程表开始被浅薄的电话和会议填满，你的大脑很可能会注意到这种模式，然后开始催促你创造一些不受干扰的空间。",
    "stage": 3
  },
  {
    "key": "19",
    "original": "> …",
    "translation": "> …",
    "stage": 5
  },
  {
    "key": "20",
    "original": "> The sky is the limit.",
    "translation": "> 天空是极限。",
    "stage": 5
  },
  {
    "key": "21",
    "original": "> …",
    "translation": "> …",
    "stage": 5
  },
  {
    "key": "22",
    "original": "> But until Elon Musk finishes his [Neuralink](https://www.neuralink.com/) , the combination of books, Readwise, and Mastery is one of the most effective techniques we've got.",
    "translation": "> 但在埃隆·马斯克完成他的 [Neuralink](https://www.neuralink.com/) 之前，书籍、Readwise 和 Mastery 的组合是我们最有效的技术之一。",
    "stage": 5
  },
  {
    "key": "23",
    "original": "------",
    "translation": "------",
    "stage": 5
  },
  {
    "key": "24",
    "original": "## References",
    "translation": "## 参考文献",
    "stage": 5
  },
  {
    "key": "25",
    "original": "- [Using Spaced Repetition and Active Recall with Books to Hack Your Brain](https://blog.readwise.io/hack-your-brain-with-spaced-repetition-and-active-recall/)",
    "translation": "- [使用配合书本的间隔重复和主动回忆来开拓你的大脑](https://blog.readwise.io/hack-your-brain-with-spaced-repetition-and-active-recall/)",
    "stage": 3
  },
  {
    "key": "26",
    "original": "- [Remember Significantly More of What You Read With Readwise](https://blog.readwise.io/remember-more-of-what-you-read-with-readwise/)",
    "translation": "- [通过 Readwise，你明显能从阅读中记住更多内容](https://blog.readwise.io/remember-more-of-what-you-read-with-readwise/)",
    "stage": 3
  }
]