﻿﻿0,# A strong vision enables great creative work,# 强大的愿景是伟大创造性作品的先决条件
1,[A strong vision enables great creative work (andymatuschak.org)](https://notes.andymatuschak.org/z2mMMszAvgRMgzoFtKHEhnCka5zwrXZbKrma),原文：[A strong vision enables great creative work (andymatuschak.org)](https://notes.andymatuschak.org/z2mMMszAvgRMgzoFtKHEhnCka5zwrXZbKrma)
2,"When pursuing open-ended creative work, you can’t make a step-by-step plan to achieve your goals. Task-focused productivity strategies can’t help: the hard part is in figuring out what to do. In the fact of these challenges, it’s easy to lose motivation and direction. A strong (written) vision can offer both guidance and motivation.",在追求开放的创造性工作时，你无法通过制定分步计划来实现你的目标。以任务为中心的生产力策略无济于事：最难的地方是想清楚该做什么。由于这些挑战，你很容易失去动机和方向。然而，强大的（写下来的）愿景可以提供指导，鼓舞动机。
3,"A great vision should be compelling enough to get you excited, but it should also be grounded by the key elements of your approach to fulfill that yearning. You should understand powerful ideas about the tactics you’ll use to get there, and also the key areas of self-improvement you’ll need.",伟大的愿景应能激发兴趣，让人兴致高涨，但其基础是你实现这一愿景的关键方法。你实现愿景的方法中有一些有力想法，这是你应该理解的，此外，你还应该指导你需要在哪些方面改进自我。
4,"To quote from [Michael Nielsen](https://notes.andymatuschak.org/zgiX4jSevUQ5QWQf6XY3Y2XooSpkTJFP9VA)’s “Principles of effective research”, an effective vision offers “{clarity} about {what one wants to achieve}, {why one wants to achieve it}, and {how to go about achieving it}.”",引用 [Michael Nielsen](https://notes.andymatuschak.org/zgiX4jSevUQ5QWQf6XY3Y2XooSpkTJFP9VA) 的《有效研究的原则》，有效的愿景提供了「关于{一个人想要实现什么}，{为什么想要实现它}，以及{如何实现它}的{清晰的想法}。」
5,"Without clarity on these points, it’s easy to fall into [Displacement activity](https://notes.andymatuschak.org/zgwn7ZQP99T8LDSjUiyBhGhU29VEUSabYws): completing lots of tasks but never doing anything meaningful. But a sufficiently clear and compelling vision provides a motive force which can help us turn down quick wins for the slower (but more meaningful) slogs.",如果不清楚这些要点，很容易陷入开展[排遣行为](https://notes.andymatuschak.org/zgwn7ZQP99T8LDSjUiyBhGhU29VEUSabYws)的误区：任务完成许多，但并没有做成一件有意义的事情。但是，足够清晰且能激发兴趣的愿景提供了一股动力，让我们拒绝快速收效的小利，而选择缓慢艰苦（但更有意义）的活动。
6,"Such a vision is a living document, subject to constant revision and reinterpretation. It’s not meant to constrain future action so much as inspire it. Also: [Plans are worthless, but planning is everything](https://notes.andymatuschak.org/zRJ5mjwiTryLbJ7Jm2bDhgjLtYSa6xc6sEYS)",这种愿景是一份有生命力的文件，需要不断修订和重新解释。愿景并不意味着限制未来的行动，而是激励未来的行动。另外：[计划本身不算什么，计划过程才是关键](https://notes.andymatuschak.org/zRJ5mjwiTryLbJ7Jm2bDhgjLtYSa6xc6sEYS)
7,------,------
8,## References,## 参考文献
9,"[Nielsen, M. A. (2004). Principles of effective research (Technical Note No. 0404). The University of Queensland.](https://notes.andymatuschak.org/z2Zh745BsDC3CbVwCbm2aRvaVfqBR6KUpxXE)"," [Nielsen, M. A. (2004). Principles of effective research (Technical Note No. 0404). The University of Queensland.](https://notes.andymatuschak.org/z2Zh745BsDC3CbVwCbm2aRvaVfqBR6KUpxXE)"
10,"> Effective people have a vision of what they’d like to achieve. Ideally, such a vision incorporates both long- term values and goals, as well as shorter-term goals. A good vision answers questions like: What sort of re- searcher would I like to become? What areas of research am I interested in? How am I going to achieve compe- tence in those areas? Why are those areas interesting? How am I going to continue growing and expanding my horizons? What short-term steps will I take to achieve those goals? How will I balance the long-term goals with the short-term realities of the situation I find myself in?",> 高效人士对他们想要实现的目标有一个愿景。理想情况下，这种愿景既包括长期价值观和目标，也包括短期目标。好的愿景可以回答诸如此类的问题：我想成为什么样的研究者？我对哪些研究领域感兴趣？我将如何掌握研究这些领域的能力？为什么这些领域很有趣？我将如何继续成长，扩大我的视野？我将采取哪些短期步骤来实现这些目标？我将如何平衡长期目标与我所处的短期现实？
11,"[Nielsen, M. A. (2003, September 8). Extreme thinking. Tough Learning, Brisbane, Australia.](https://notes.andymatuschak.org/z8Z2R8ZhCiEw8rgqYB5u4mcUith48CQkpznZc)","[Nielsen, M. A. (2003, September 8). Extreme thinking. Tough Learning, Brisbane, Australia.](https://notes.andymatuschak.org/z8Z2R8ZhCiEw8rgqYB5u4mcUith48CQkpznZc)"
12,"> The key to keeping this independence of solitude is to develop a long-term vision so compelling and well-internalized, that it can override behaviours for which the short-term rewards are significant, but which may be damaging in the long run.",> 保持这种独立性的关键，是发展出长期愿景，这种愿景能激发兴趣并且内化于心，于是人便能而拒绝短视行为，这种行为短期收效显著，但长期可能有损害。
