﻿﻿1,"# Alexander - Reactionary Philosophy In An Enormous, Planet-Sized Nutshell",# Alexander——地球大小般巨大果壳中的保守哲学
2,"[Alexander - Reactionary Philosophy In An Enormous, Planet-Sized Nutshell (andymatuschak.org)](https://notes.andymatuschak.org/z2eo4mCW9pUEczFe7rfUmexRf98ZRoibXGC8J)","原文：[Alexander - Reactionary Philosophy In An Enormous, Planet-Sized Nutshell (andymatuschak.org)](https://notes.andymatuschak.org/z2eo4mCW9pUEczFe7rfUmexRf98ZRoibXGC8J)"
3,[https://slatestarcodex.com/2013/03/03/reactionary-philosophy-in-an-enormous-planet-sized-nutshell/](https://slatestarcodex.com/2013/03/03/reactionary-philosophy-in-an-enormous-planet-sized-nutshell/),[https://slatestarcodex.com/2013/03/03/reactionary-philosophy-in-an-enormous-planet-sized-nutshell/](https://slatestarcodex.com/2013/03/03/reactionary-philosophy-in-an-enormous-planet-sized-nutshell/)
4,"[Scott Alexander](https://notes.andymatuschak.org/z6y6cuKoEnMAJ25ad1fFPqcB3DW1T5jeG9XNu)’s attempt to pass an [Ideological Turing test](https://notes.andymatuschak.org/z8oZrKkvviHRuCbtHtHihuwytdFyL5CsAWUSb) on the views of [Reactionism](https://notes.andymatuschak.org/z6YU1a692QZsgFMuKxfCXnXqB5dVxya9Vd5SP). See also [The Anti-Reactionary FAQ](https://slatestarcodex.com/2013/10/20/the-anti-reactionary-faq/), also on [Slate Star Codex](https://notes.andymatuschak.org/z6wRuXxyhoBtTE6vRu9F6reuAu48AxZzq3sy9). My summary of this summary (n.b. generally not my views):",[Scott Alexander](https://notes.andymatuschak.org/z6y6cuKoEnMAJ25ad1fFPqcB3DW1T5jeG9XNu) 试图通过对[保守主义](https://notes.andymatuschak.org/z6YU1a692QZsgFMuKxfCXnXqB5dVxya9Vd5SP)观点的[意识形态的图灵测试](https://notes.andymatuschak.org/z8oZrKkvviHRuCbtHtHihuwytdFyL5CsAWUSb)。另见[反保守 FAQ](https://slatestarcodex.com/2013/10/20/the-anti-reactionary-faq/)，同载于 [Slate Star Codex](https://notes.andymatuschak.org/z6wRuXxyhoBtTE6vRu9F6reuAu48AxZzq3sy9)[](https://notes.andymatuschak.org/z6wRuXxyhoBtTE6vRu9F6reuAu48AxZzq3sy9)。 以下是我对该总结的总结（注：基本不是我的观点）：
5,## Modern society represses criticism of progressive views,## 现代社会压制对进步观点的批评
6,"How do we know we live in the best possible society? Historically, citizens of Rome thought they were the pinnacle of civilization. We should always be seeking improvement.",我们怎么知道我们生活在最好的社会中？从历史上看，罗马公民认为他们是文明的顶峰。我们应该始终寻求改进。
7,"That’s part of why totalitarian states are so bad: you can’t criticize Stalinist Russia, so it can’t improve. But maybe modern societies have some similar mechanisms. If you try to criticize any moves to the left a society has made, you’ll probably get ostracized and fired. Probably not every single one of those moves has been 100% correct, so this should cause some concern.",这就是全权主义国家如此糟糕的部分原因：你不能批评斯大林主义的俄罗斯，因此它无法被改进。但也许现代社会也有类似的机制。如果你试图批评一个社群做出的任何左倾举动，你可能会造排斥和解雇。然而不是每一个动作都是 100% 正确的，所以这应该引起人们的一些关注。
8,"## Much progress is attributable to technology, not to societal change",## 许多进步与其说归功于社会变革，不如说归因于技术
9,Scott’s examples:,Scott 的举例：
10,-   crime rates in Britain the early 20th century was <1/10th today’s levels.,- 20 世纪初英国的犯罪率不到今天水平的 1/10。
11,    -   but [homocide apparently stays level](https://web.archive.org/web/20200618174909/https://slatestarcodex.com/2013/10/20/the-anti-reactionary-faq/),    -   但[凶杀案显然仍保持一定水平](https://web.archive.org/web/20200618174909/https://slatestarcodex.com/2013/10/20/the-anti-reactionary-faq/)
12,    -   and US violent crime rate has been falling over the last half-century,    -   在过去的半个世纪里，美国的暴力犯罪率一直在下降
13,"-   [the entrance exam for Harvard a century ago](http://graphics8.nytimes.com/packages/pdf/education/harvardexam.pdf) was much, much harder",-   [一个世纪前的哈佛入学考试](http://graphics8.nytimes.com/packages/pdf/education/harvardexam.pdf)要困难得多
14,-   historic US presidents spoke many languages,-   历史上的美国总统会说多种语言
15,"    -   (OK, but modern US presidents must understand many more complex global issues much more deeply…)",    -   （行吧，但现代美国总统必须更深入地了解许多更复杂的全球问题……）
16,And this is true despite enormous technological advances and the Flynn Effect.,尽管有巨大的技术进步和弗林效应，但情况确实如此。
17,## Cultural factors are underrated explanations for the different outcomes of demographic groups,## 文化因素在解释人口群体不同成果时被低估了
18,"The progressive explanation (“externalism”) for the poorer outcomes of many minority groups is oppression: white people don’t have better outcomes because of anything inherent in their culture or bodies, but rather because they brutally take advantage of others. One alternative explanation (“culturalism”) is that outcomes are the consequences of differing norms, practices, beliefs, etc across different societies.",压迫是对少数族群较差表现的进步主义（「外部主义」）解释：白人没有取得更好的成果，并不是因为其文化或主体之类的内在事物，更是因为他们残酷地利用了他人。另一种解释（「文化主义」）是，该结果是不同社会的不同规范、做法、信仰等导致的。
19,"In the late twentieth century, the black–white income gap in the US didn’t close meaningfully at all, despite enormous decreases in oppression during that period. Simultaneously, in the same period, women (of all races) experienced decreasing oppression, and they meaningfully closed much of their income gap with men.",在 20 世纪后期，美国的黑人与白人之间的收入差距并没有明显缩小，尽管那段时期的压迫大大减少。与此同时，在同一时期，（所有种族的）妇女遭受的压迫减少了，她们有意义性地缩小了与男子的收入差距。
20,"Scott notes that some races (e.g. Jews and Chinese) experience substantial oppression, but their outcomes don’t seem to have been damaged in the same way, and changes in their outcomes can’t be explained by changes in the degree of their oppression.",Scott 指出，一些种族（例如犹太人和中国人）经历了实质性的压迫，但他们的表现似乎并没有以同样的方式受到损害，该变化不能用他们受压迫程度的变化来解释。
21,"Another issue with externalism is that globally, various demographics’ outcomes are highly correlated based on their origin cultures, even though different countries treat these groups quite differently internationally.",外部主义的另一个问题是，在全球范围内，各种人口统计数据的结果根据其原生文化高度相关，尽管不同国家在国际上对这些群体的待遇相当不同。
22,"Some between-group differences can’t readily be explained by oppression. For example, Chinese-Americans families earning $60k year have substantially higher school attendance rates than African-American families earning $60k.",而一些群体间的差异不能轻易地用压迫来解释。例如，年收入 6 万美元的华裔家庭的入学率显著高于年收入 6 万美元的非裔家庭。
23,"Cultural factors, on the other hand, can explain why some minority groups are so successful (even despite oppression) and why these patterns hold across international populations.",另一方面，文化因素可以解释为什么一些少数族群如此成功（即使受到压迫）以及为什么这些规律在国际人群中存在。
24,## Demonizing assimilation prevents successful memes from spreading across cultures,## 将同化妖魔化会阻止成功模因在不同文化间传播
25,"Many immigrant groups to the US early in its history were vilified (the Irish, the Italians, the Jews), but have now thoroughly assimilated into US society and now experience roughly the same outcomes as the majority demographics. Reactionists argue that this hasn’t happened for other minority groups because of the progressive urge to resist “cultural imperialism.” That is: Hispanic students should be allowed to speak Spanish in school; Black culture should be celebrated and encouraged to exist apart; etc. But if the majority culture contains beliefs and practices which produce better outcomes, anti-assimilation will prevent minority cultures from picking up those memes.",美国历史早期的许多移民群体（爱尔兰人、意大利人、犹太人）受到诋毁，但现已完全与美国社会同化，其所历经的表现与大多数人口统计数据大致相同。保守派辩称，由于抵制「文化帝国主义」的进展性推动（如应允许西班牙裔学生在学校说西班牙语；应颂扬和鼓励黑人文化独立存在等），而其他少数族群并没有发生这种情况。 但如果多数文化包含产生更好结果的信仰和实践，反同化将阻止少数文化接受这些模因。
26,## Immigration dilutes the dominant memeplex,## 移民稀释了占据主导地位的模因组
27,"If the culturalist explanation is correct, it implies that a society with a successful set of memes can only tolerate a finite amount of immigration from societies with less successful sets of memes, lest the dominant culture’s practices end up lost as well.",如果文化主义者的解释是正确的，它意味着一个拥有成功模因集的社会只能容忍来自模因集不太成功的社会的有限数量的移民，以主体文化的实践最终也会消失。
28,## Imperalism actually achieved better outcomes?,## 帝国主义居然取得了更好的成果？
29,"Today, post-colonialization, the colonized African countries are safer, happier places in almost all respects than Ethiopia, which was never colonized. Likewise Israel relative to much of the rest of the Middle East. It’s not clear how the counterfactual would have played out, of course, but it appears that colonization did actually transfer some successful memes. Contemporary analogues might look more like international investment (which China is doing extensively in Africa, to apparently positive effect), but US progressives oppose this kind of involvement on the grounds that it represents neocolonialism.",今天，在后殖民化时代，被殖民的非洲国家几乎在所有方面都比从未被殖民过的埃塞俄比亚更安全、更幸福。相较于中东其他大部分地区，以色列也同样如此。当然，还不清楚这种反事实的现象会如何发展，但似乎殖民化确实转移了一些成功的模因。当代的类比物可能看起来更像国际投资（中国正在非洲广泛开展，显然产生了积极影响），但美国进步人士反对这种参与，理由是其代表了新殖民主义。
30,## The valley between totalitarianism and liberty is worse than either side,## 全权主义和自由之间的山谷比任何一方都糟糕
31,"Palestine would obviously prefer to be independent. But Israel isn’t going to let that happen. So unfortunately, they live in an oppressed, but not-totalitarian situation in which they’re responsible for their own destinies but under impossible constraints. Scott suggests that absent independence, they would be better off simply annexed as part of Israeli territory, but this is impossible because progressivism has made it a cultural norm to vigorously protest this type of annexation.",巴勒斯坦显然更愿意独立。但以色列不会让其发生。所以不幸的是，他们生活在一个受压迫但却不是全权主义的境地中，他们要为自己的命运负责，但却受到不可能的约束。Scott 评价这种独立的缺场，他们最好只是作为以色列领土的一部分被吞并，然而这并不可能，因为进步主义已将强烈抗议此种吞并行为作为一种文化规范。
32,"Relatedly, the carceral state also falls in this valley. Norway gives prisoners significant liberty. We’re not likely to do that. Reactionists propose that even fairly light corporal punishment would be a better deterrent than our current in-between situation, which is neither effective deterrent nor an effective rehabilitation program (but which very expensive and damaging to society). But corporal punishment (say, 50 strokes of the lash) is impossible because of progressivism.",与此相关的是，监狱群岛状态也属于这个山谷中。挪威给予囚犯很大的自由。而我们则不太可能如此。保守派认为，即使是相当轻的体罚，也比我们目前的中间状态更具威慑力，因为这种情况既不是有效的威慑，也不是有效的康复计划（但代价高昂，对社会有害）。但由于进步主义的存在，体罚（比如说，鞭刑 50 下）是不可能的。
33,"Also, war:",另外还有，关于战争：
34,"> Nuking Hiroshima killed about 150,000 people. The Vietnam War killed about 3 million. The latter also had a much greater range of non-death effects, from people being raped and tortured and starved to tens of thousands ending up with post-traumatic stress disorder and countless lives being disrupted. If nuking Hanoi would have been an alternative to the Vietnam War, it would have been a really really good alternative.",> 广岛核爆造成大约 15 万人死亡。越南战争则造成约 300 万人死亡。后者还具有更大范围的非死亡影响，从人们被强暴，折磨和挨饿到成千上万的人最终患有 PTSD，无数人的生活被打乱。如果核爆河内是越南战争的一个替代方案，那将是个极好的选择。
35,## Progressive gender roles appear to make women less happy,## 进步主义的性别角色似乎让女性更不快乐
36,"In the ‘50s, women reported higher happiness than men; today it’s inverted. Progressive marriages with split housework are much more likely to end in divorce; ditto marriages in which both partners work. Those latter points may be problems with dual-worker households, rather than anything inherent to sex: traditional marriages happen to ensure that someone’s available to focus on family full-time. Reactionists argue that feminists pressure the media to depict valorous women as working, rather than as homemakers, so we end up with this worse outcome.",在 50 年代，女性的幸福感高于男性；今天则倒转过来了。有家务分工的进步婚姻更有可能以离婚告终；双职工的婚姻也是如此。后者可能是双职工家庭的问题，而不是性别固有的问题：传统婚姻是为了确保有人可以全职照顾家庭。反动主义者认为，女权主义者迫使媒体将英勇的女性描述为工作者，而不是家庭主妇，所以我们最终得到了这个更恶劣的结果。
37,## Progressivism combats social unity,## 进步主义对抗社会团结
38,"> There’s a saying I’ve heard in a lot of groups, which is something along the lines of “diversity is what unites us”. This is nice and memorable, but there are other groups where unity is what unites them, and they seem to be more, well, united.",> 我在许多群体中听到过这样一种说法： 「多样性是团结我们的纽带」。这很美好并且令人难忘，但还有其他一些团体，单一就是他们的力量，而且他们似乎更团结。
39,Our culture focuses on subverting itself and pointing out how awful it is and how much better other cultures are. This is in contrast to “God save the Queen” style sentiment in Victorian Britain.,我们的文化致力于颠覆自身，指出自身有多糟糕，而其他文化有多好。这与维多利亚时代英国的「天佑女王」式的情感形成了鲜明对比。
40,## Progressivism opposes tsars,## 进步主义反对沙皇
41,"Progressivism advocates individual freedom and autonomy, which means that people end up behaving according to their incentives. But sometimes you need an “unincentivized incentivizer”—e.g. to dictatorially fix the healthcare system, end corporate welfare, close tax loopholes, etc. Progressivism combats this type of tsar. And in a democracy, the society will always shift more progressive over time because progressivism is an appeal to the masses. So we end up with no one with the authority to untangle knots.",进步主义主张个体自由和自主权，这意味着人们最终会根据自己的动机来行事。但有时你需要一个「非激励性的激励者」——例如，以独断的方式修复医疗保健系统，结束企业福利，堵塞税收漏洞等等。 而进步主义则反对这种形式的沙皇。而在一个民主国家，社会总是会随着时间的推移而变得更加进步，因为进步主义是大众的诉求。所以我们最终没有人有威信解开这个死结。
