﻿﻿0,# Backlit displays limit computers to interiors,# 背光显示器限制计算机只能在室内使用
1,[Backlit displays limit computers to interiors (andymatuschak.org)](https://notes.andymatuschak.org/z7b7UyNrbU2chF5wehyKRvh3ABrFeHXiD5d4t),原文：[Backlit displays limit computers to interiors (andymatuschak.org)](https://notes.andymatuschak.org/z7b7UyNrbU2chF5wehyKRvh3ABrFeHXiD5d4t)
2,"Living in California, we have so many perfect days. It would be so lovely to spend lots of time working outside, but computers’ backlit displays just don’t work in that context.",生活在加利福尼亚，欢乐多又多。如果能有更多的户外工作时间就更好了，但电脑的背光显示器在这种情况下是行不通的。
3,"I don’t need a whole workstation: I’d be thrilled if I could do even simple tasks like reading and writing documents outside. One could use physical documents, of course, but that excludes [Computer-supported thinking](https://notes.andymatuschak.org/z26R7quP3Mz4UCg7EFacraYkfQqNhuEnms3Yy).",我不需要一个完整的工作站。如果我可以在外面做哪怕是简单的任务，比如阅读和书写文件，都能让我很兴奋。当然，人们可以使用实体文件，但这对[计算机支持的思考](https://notes.andymatuschak.org/z26R7quP3Mz4UCg7EFacraYkfQqNhuEnms3Yy)不适用。
4,"E-ink displays are an exciting alternative, but they haven’t yet been used to seriously solve this problem. Even if considered only as a reading device, the Kindle fares terribly; see: [Reading texts on computers is unpleasant](https://notes.andymatuschak.org/z7yjjydTNu3bujTeFc7Hey1iFbz513SnN6oss). [reMarkable](https://notes.andymatuschak.org/zvWMA33xBXRJwWSh9W2roUQtiLMJTH7qCCd7) is one promising (but unfortunately quite handicapped) attempt.",电子墨水显示屏是一个令人兴奋的替代方案，但它们还没有被用来认真解决这个问题。即使只考虑作为一种阅读设备，Kindle 的表现也很糟糕；见：[在电脑上阅读文本是不愉快的](https://notes.andymatuschak.org/z7yjjydTNu3bujTeFc7Hey1iFbz513SnN6oss)。[reMarkable](https://notes.andymatuschak.org/zvWMA33xBXRJwWSh9W2roUQtiLMJTH7qCCd7) 是一个有希望的尝试（但很不幸，它的缺陷相当大）。
5,"The [Dasung Paperlike HD](https://notes.andymatuschak.org/zBK88epnZCqekQ3SA1AbW3GGsuX3zps1m4J) is a promising direction: just connect an e-ink display to your computer. There are also several e-ink Android tablets (notably from Boox), but I worry that the software stacks are still quite primitive.",[Dasung Paperlike HD](https://notes.andymatuschak.org/zBK88epnZCqekQ3SA1AbW3GGsuX3zps1m4J) 是一个很有前途的方向：只需将电子墨水显示器连接到电脑上。还有几款电子墨水安卓平板电脑（特别是来自 Boox 的），但我担心这些软件栈\*仍然相当原始。(\*译注：软件栈（Software Stack），是指为了实现某种完整功能解决方案（例如某款产品或服务）所需的一套软件子系统或组件。)
