﻿﻿0,# Brainstorming may often substitute for missing insight accretion systems,# 头脑风暴往往可以替代缺位的见解积累系统
1,[Brainstorming may often substitute for missing insight accretion systems (andymatuschak.org)](https://notes.andymatuschak.org/z5cVs9BKLJsCYifhYBstAEKuZ8driDzLB3gFd),原文：[Brainstorming may often substitute for missing insight accretion systems (andymatuschak.org)](https://notes.andymatuschak.org/z5cVs9BKLJsCYifhYBstAEKuZ8driDzLB3gFd)
2,"Brainstorming with others can create a fluid social context to exchange ideas, but when we brainstorm alone, we’re creating an expansive space to summon what we already “almost know.” The ideas we can have are primarily limited by our prior thinking and ideation in this space (see [Leaps of insight emerge from prior thought](https://notes.andymatuschak.org/zSn7SX7yMtnh1ZCQEG44TJoxrH7Udpm9oeEm)).",与其他人一同头脑风暴，可以创造出流动的社交情境以便交流想法，但当我们独自进行头脑风暴时，我们也创造出一片广阔的空间，来募集我们已经「几乎知道」的东西。头脑风暴能得出的想法主要受限于我们在这个空间里的事先思考和构思（见[卓越洞见从既往的所思所想中涌现](https://notes.andymatuschak.org/zSn7SX7yMtnh1ZCQEG44TJoxrH7Udpm9oeEm)）。
3,"A brainstorm’s generative, uncritical mindset might lead to surprising results, but often we also use brainstorming as a practical way to brain-dump all our ideas about a subject in one place. That may be a sign that we haven’t designed our knowledge systems as described in [Knowledge work should accrete](https://notes.andymatuschak.org/z6UDDkom8Aifg6mLdjT1sPtbMBweCmpyTwmJT). With [Evergreen notes](https://notes.andymatuschak.org/z4SDCZQeRo4xFEQ8H4qrSqd68ucpgE6LU155C) and dense associative structure (see [Evergreen notes should be densely linked](https://notes.andymatuschak.org/z2HUE4ABbQjUNjrNemvkTCsLa1LPDRuwh1tXC)), our ideas are collected and distilled continuously. [Evergreen note-writing helps insight accumulate](https://notes.andymatuschak.org/z6cFzJWgj9vZpnrQsjrZ8yCNREzCTgyFeVZTb), so there’s less need for brainstorming because those insights have already emerged—and captured in an ongoing fashion—in one’s day-to-day work.",头脑风暴中，人的思维方式是生成性、非批判性的，这种思维方式可能会带来出乎意料的结果，但头脑风暴也常常用于将脑中有关某个话题的所有想法全部倾吐出来，集中在一起。需要头脑风暴来集中想法的做法，也可能表明我们没有按照[知识工作应能聚沙成塔](https://notes.andymatuschak.org/z6UDDkom8Aifg6mLdjT1sPtbMBweCmpyTwmJT)的想法设计知识系统。得益于[常青笔记](https://notes.andymatuschak.org/z4SDCZQeRo4xFEQ8H4qrSqd68ucpgE6LU155C)和稠密的关联结构（见[常青笔记之间应该建立大量链接](https://notes.andymatuschak.org/z2HUE4ABbQjUNjrNemvkTCsLa1LPDRuwh1tXC)），我们得以持续收集和提炼各种想法。[常青笔记有助于积累洞见](https://notes.andymatuschak.org/z6cFzJWgj9vZpnrQsjrZ8yCNREzCTgyFeVZTb)，所以头脑风暴便不太必要了，因为这些见解已经在日常工作中涌现出来，并接连不断地被记录下来。
4,See also: [Evergreen notes are a safe place to develop wild ideas](https://notes.andymatuschak.org/z8RTzukqNLKFXzqLwx25HrUrg5E5jiziGznWB),另见：[常青笔记是发展大胆想法的安全场所](https://notes.andymatuschak.org/z8RTzukqNLKFXzqLwx25HrUrg5E5jiziGznWB)
5,------,------
6,## References,## 参考文献
7,"Ahrens, S. (2017). *How to Take Smart Notes: One Simple Technique to Boost Writing, Learning and Thinking – for Students, Academics and Nonfiction Book Writers*.","Ahrens, S. (2017). *How to Take Smart Notes: One Simple Technique to Boost Writing, Learning and Thinking – for Students, Academics and Nonfiction Book Writers*."
8,"> As proper note-taking is rarely taught or discussed, it is no wonder that almost every guide on writing recommends to start with brainstorming. If you haven’t written along the way, the brain is indeed the only place to turn to. On its own, it is not such a great choice: it is neither objective nor reliable – two quite important aspects in academic or nonfiction writing. The promotion of brainstorming as a starting point is all the more surprising as it is not the origin of most ideas: The things you are supposed to find in your head by brainstorming usually don’t have their origins in there.",> 由于很少人教授或讨论记笔记的正确方法，几乎所有的写作指南都建议从头脑风暴开始，也就不足为奇了。如果你一路上没有写作，大脑的确是唯一可以依赖的去处。就其本身而言，头脑风暴不够好：既不客观也不可靠——在学术或非虚构写作中，这两个方面相当重要。推广从头脑风暴开始的做法更令人惊讶，因为头脑风暴不是大多数想法的起源。预想着通过头脑风暴从脑子中搜罗出的东西，本来也不在脑子里。
9,"> Many students and academic writers think like the early ship owners when it comes to note-taking. They handle their ideas and findings in the way it makes immediate sense: If they read an interesting sentence, they underline it. If they have a comment to make, they write it into the margins. If they have an idea, they write it into their notebook, and if an article seems important enough, they make the effort and write an excerpt. Working like this will leave you with a lot of different notes in many different places. Writing, then, means to rely heavily on your brain to remember where and when these notes were written down. A text must then be conceptualised independently from these notes, which explains why so many resort to brainstorming to arrange the resources afterwards according to this preconceived idea.",> 谈到记笔记，许多学生和学术写作者的想法与早期的船主一样。他们以立竿见影的方式处理他们的想法和发现：如果读到有趣的句子，就在下面划线。如果想做点评，就在空白处写下来。如果想到一个点子，就记到笔记本上，如果一篇文章看起来足够重要，就努力写一篇摘录。这样做会让你在很多不同的地方留下很多不同的笔记。那么，这在很大程度上就意味着需要靠大脑来记住这些笔记是在何时何地写下的。然后，必须从这些笔记中独立地构思一个文本，这就解释了为什么这么多人在事后根据这种先入为主的想法，借助头脑风暴来安排资源。
