﻿﻿0,# Cloze deletions can be used to create typical N-sided flashcards,# 填空卡可用于创建典型的 N 面卡片
1,[Cloze deletions can be used to create typical N-sided flashcards (andymatuschak.org)](https://notes.andymatuschak.org/zgpjhmJfdVNcrGroeKW1VQ92YLGCftpyVPc),原文：[Cloze deletions can be used to create typical N-sided flashcards (andymatuschak.org)](https://notes.andymatuschak.org/zgpjhmJfdVNcrGroeKW1VQ92YLGCftpyVPc)
2,"A typical [Spaced repetition memory system](https://notes.andymatuschak.org/z4eXdSMJFv2qVGXSUEKH4vdcHBrLHcFY1ZGfC) represents a [Cloze deletion](https://notes.andymatuschak.org/z3CaFaoPtH2fKcr8E1RFaJGLjWthNDVzhc1me) card differently from front/back flashcards, but it’s interesting to observe that you can think of typical flashcards as a special case of cloze deletions.",典型的[间隔重复记忆系统](https://notes.andymatuschak.org/z4eXdSMJFv2qVGXSUEKH4vdcHBrLHcFY1ZGfC)会将填空卡和问答卡用不同的方式展示，但有趣的是，您可以将典型抽认卡（问答卡）视为填空卡的特例。
3,"That is, a front/back flashcard can be constructed as a cloze deletion prompt with the back contents as cloze.",也就是说，可以用填空卡来构造问答卡，把回答的内容挖空即可。
4,I’ve been taking advantage of this observation in [My implementation of a personal mnemonic medium](https://notes.andymatuschak.org/z4mAF1uBV96r72e4NjLcDaujEyTPGiUQJEj8C); see [Log: personal mnemonic medium](https://notes.andymatuschak.org/zzqNiAYNTSENmBcCV4zkNBrVKWoqXqFmNFL) and e.g.,我正在本人的实践中利用这种观察，见[助记媒介的个人实现](https://notes.andymatuschak.org/z4mAF1uBV96r72e4NjLcDaujEyTPGiUQJEj8C);  [Log：个人助记媒介](https://notes.andymatuschak.org/zzqNiAYNTSENmBcCV4zkNBrVKWoqXqFmNFL) 。例子如下图：
5,![img](https://notes.andymatuschak.org/BearImages/E6900D6E-EC03-47B2-BD69-7369A6C192CB-448-00006C036A001A06/25AD38E5-BDDA-4FFC-A3E5-DB42D2A328EC.png),![img](https://notes.andymatuschak.org/BearImages/E6900D6E-EC03-47B2-BD69-7369A6C192CB-448-00006C036A001A06/25AD38E5-BDDA-4FFC-A3E5-DB42D2A328EC.png)
