﻿﻿0,# Collecting material feels more useful than it usually is,# 收集材料的作用在感觉上被夸大了
1,[Collecting material feels more useful than it usually is (andymatuschak.org)](https://notes.andymatuschak.org/z8QSUyNdq3CMK79KSnCW7QTR1MPHEFi4Q2LY8),原文：[Collecting material feels more useful than it usually is (andymatuschak.org)](https://notes.andymatuschak.org/z8QSUyNdq3CMK79KSnCW7QTR1MPHEFi4Q2LY8)
2,"Accumulating tabs, saving PDFs, and making bookmarks feels like progress, but we systematically overrate its value. [Understanding requires effortful engagement](https://notes.andymatuschak.org/zX1WtJ4ouE8sjN1NgWHsGVg8ZnVfp5Kz74Vs); you are not likely to draw much understanding from a folder of barely-skimmed PDFs.",积累浏览器标签、保存 PDF 和制作书签感觉像是进步，但我们系统地高估了这些行为的价值。[理解概念需与其尽力较量](https://notes.andymatuschak.org/zX1WtJ4ouE8sjN1NgWHsGVg8ZnVfp5Kz74Vs)；从粗粗看过一遍的 PDF 文件中是获得不了多少理解的。
3,"We collect material because it’s easy, and because it quells the anxiety that we’ll never find what we’re looking at again. But really, we’re often just making things worse, burying important materials in tons of secondary matter we just “don’t want to lose.” This notion is in contrast to [Knowledge work should accrete](https://notes.andymatuschak.org/z6UDDkom8Aifg6mLdjT1sPtbMBweCmpyTwmJT).",我们收集材料是因为收集材料很容易，而且可以平息焦虑，相信目前再读的东西还有机会找到。但实际上，这么做反而是弄巧成拙，因为「不想弄丢」一些次要材料，结果越积越多，让重要材料埋没其中。这种观念与[知识工作应该聚沙成塔](https://notes.andymatuschak.org/z6UDDkom8Aifg6mLdjT1sPtbMBweCmpyTwmJT)与有所反差。
4,[Christian Tietze suggests](https://zettelkasten.de/posts/collectors-fallacy/):,[Christian Tietze 建议](https://zettelkasten.de/posts/collectors-fallacy/):
5,> This is a first step to conquer Collector’s Fallacy: to **realize that having a text at hand does nothing to increase our knowledge**.,> 这是破解「收藏家谬论」 的第一步：**意识到拥有一篇文本对于增加知识徒劳无功**。
6,"Instead, we should [Write about what you read to internalize texts deeply](https://notes.andymatuschak.org/zg3fYweZpbHeBTpcYke5mF4ZfrJutYcQEtFo), because [Evergreen note-writing helps reading efforts accumulate](https://notes.andymatuschak.org/z6M8kex6kDF2FT6MWqAMDQddsqUr8sphLmyy1). And to help steer ourselves effectively (contra [Note-writing practices provide weak feedback](https://notes.andymatuschak.org/z66PNF1Wt4AZ4j7TVEenkvPZgvDcHPuSdJC2r)), we should process collected materials in short iteration cycles, rather than letting them pile up for long periods.",相反，我们应该[围绕所读内容写笔记，以求深刻内化文本](https://notes.andymatuschak.org/zg3fYweZpbHeBTpcYke5mF4ZfrJutYcQEtFo)，因为[常青笔记有助于积累阅读成果](https://notes.andymatuschak.org/z6M8kex6kDF2FT6MWqAMDQddsqUr8sphLmyy1)。为了有效引导自己（对比[写笔记的反馈很弱](https://notes.andymatuschak.org/z66PNF1Wt4AZ4j7TVEenkvPZgvDcHPuSdJC2r)），对于收集的材料，应该以较短的迭代周期处理，而不任其长久堆积。
7,------,------
8,## References,## 参考文献
9,[The Collector’s Fallacy • Zettelkasten Method](https://zettelkasten.de/posts/collectors-fallacy/),[收藏家谬论 • Zettelkasten 方法](https://zettelkasten.de/posts/collectors-fallacy/)
10,"> Because ‘to know about something’ isn’t the same as ‘knowing something’. Just *knowing about* a thing is less than superficial since knowing about is merely to be certain of its existence, nothing more. Ultimately, this fake-knowledge is hindering us on our road to true excellence. Until we merge the *contents,* the information, ideas, and thoughts of other people into our own knowledge, we haven’t really learned a thing. We don’t change ourselves if we don’t learn, so **merely filing things away doesn’t lead us anywhere**.",> 因为「知道过某事」与「知晓某事」是不一样的。仅仅**知道**一件事太过肤浅，因为知道只是说明你能够确定某事是存在的，仅此而已。归根结底，这种虚假的知识阻碍了我们通往真正卓越的道路。我们只有将其他人的**内容**、信息、想法和思想融入我们自己的知识库，我们才算真正学到什么东西。如果我们不学习，我们就不会改变自己，所以**仅仅是把东西归档，并不能有所进步**。
11,"> Just like photocopying is self-rewarding and addictive, I argue that we fall into the same trap of false comfort when we bookmark web pages and sort the bookmarks into folders or tagged categories. **Bookmarking a web page is satisfying because we get rid of the fear of losing access to the information.** I get into detail in [another post](https://zettelkasten.de/posts/reading-web-rss-note-taking) .",> 就像复印是自我奖励和上瘾一样，我认为，当我们把网页加入书签并把书签分类到文件夹或标签类别中时，我们也陷入了同样的虚假舒适的陷阱。**给网页做书签是令人满意的，因为我们摆脱了对失去获取信息的恐惧。**我在[另一篇文章](https://zettelkasten.de/posts/reading-web-rss-note-taking)中有详细介绍。
12,"> This is a first step to conquer Collector’s Fallacy: to **realize that having a text at hand does nothing to increase our knowledge**. We have to work with it instead. Reading alone won’t suffice: we have to create notes, too, to create real, sustainable knowledge.",> 这是破解「收藏家谬论」 的第一步：**意识到拥有一篇文本对于增加知识徒劳无功**。我们必须在文本上面下功夫。仅仅阅读文本是不够的：我们还必须写笔记，以创造可持续的真正知识。
13,"> Especially when we start to research something new, Eco recommends we read and highlight texts right after we create copies. If we train ourselves to process photocopied texts soon, we get a feeling of how much we can really handle.",> 特别是当我们开始研究新事物时，Eco 建议，复制文本后立即阅读并标注重点。如果我们训练自己尽快处理复制的文本，我们就能把握自己能处理多少东西。
14,>,>
15,"> **Shorter cycles of research**, reading, and knowledge assimilation are better than long ones. With every full cycle from research to knowledge assimilation, we learn more about the topic. When we know more, our decisions are more informed, thus our research gets more efficient. If, on the other hand, we take home a big pile of material to read and process, some of it will turn out be useless once we finished parts of the pile.",> 研究、阅读和知识吸收上，**短周期**优于长周期。从研究到知识吸收的每一个完整周期，我们都会对该主题了解更多。当我们知道得越多，我们的决策就越明智，因此我们的研究就越有效率。另一方面，如果我们把一大堆材料带回家阅读和处理，一旦我们完成了这堆材料中的一部分，其中一些材料就会变成无用的。
