﻿﻿0,# Create speculative outlines while you write,# 在写作时创建推测性大纲
1,[Create speculative outlines while you write (andymatuschak.org)](https://notes.andymatuschak.org/z2uXyfV67dnWLUKg1iDbsrHk3DGjtNWTxSTah),原文：[Create speculative outlines while you write (andymatuschak.org)](https://notes.andymatuschak.org/z2uXyfV67dnWLUKg1iDbsrHk3DGjtNWTxSTah)
2,"When you write a new note, add it to one or more **outlines** you’re maintaining, creating a new one if necessary. Substantially-complete writing projects will naturally emerge.",每写一条新笔记时，把它添加到你正在维护的一个或多个**大纲**中，有必要的话也可以创建新的大纲。非常完整的写作项目会自然从中涌现。
3,"Normally, we start an outline when we start a writing project. This forces us to start with a blank page. By contrast, if we write new notes every day and notice how they relate to each other, these can accumulate into potential writing projects. When an outline feels “ripe,” we can pluck it and turn it into a manuscript without the exerting herculean start-up effort that comes with a blank page.",通常情况下，当我们开启一个写作项目时，我们会先列大纲。这迫使我们从一张空白页开始。相比之下，如果我们每天都写新的笔记，并留意它们之间的联系，这些笔记可以积累成潜在的写作项目。当感觉大纲「成熟 」时，我们就可以收获，把它变成手稿，这个过程不像从空白页开始写作那样需要付出巨大的努力才能启动。
4,Maintaining already-written notes in an outline is comparatively easy: just look at a pair of notes and ask: which comes first? (Pirsig),将已经写好的笔记加入到大纲中是相对容易的：只要比对一下笔记，然后问自己：把哪一个排在前面？(Pirsig)
5,"Furthermore, to start a writing project with a blank outline, we need to have a topic and some angle in mind. We can [Use notes to avoid preconceived conclusions](https://notes.andymatuschak.org/z6Mx6PrJjGCf2akGM9pvoZ5Nk3EozcZcc9zHx).",此外，从一份空白的大纲出发去写作，需要我们预先想好主题和思考的角度。我们可以[使用笔记来避免先入为主的结论](https://notes.andymatuschak.org/z6Mx6PrJjGCf2akGM9pvoZ5Nk3EozcZcc9zHx)。
6,------,------
7,## References,## 参考文献
8,"Ahrens, S. (2017). *How to Take Smart Notes: One Simple Technique to Boost Writing, Learning and Thinking – for Students, Academics and Nonfiction Book Writers*.","Ahrens, S. (2017). *How to Take Smart Notes: One Simple Technique to Boost Writing, Learning and Thinking – for Students, Academics and Nonfiction Book Writers*."
9,> Developing arguments and ideas bottom-up instead of top-down is the first and most important step to opening ourselves up for insight.,> 敞开心扉寻求洞见的第一步，也是最重要的一步，就是将我们发现论点和想法的工作方式从自上而下变为自下而上。
10,"> Steven Johnson, who wrote an insightful book about how people in science and in general come up with genuine new ideas, calls it the “slow hunch.” As a precondition to make use of this intuition, he emphasises the importance of experimental spaces where ideas can freely mingle (Johnson 2011). A laboratory with open-minded colleagues can be such a space, much as intellectuals and artists freely discussed ideas in the cafés of old Paris. I would add the slip-box as such a space in which ideas can mingle freely, so they can give birth to new ones.","> 史蒂芬·约翰逊（Steven Johnson）写了一本关于科学界和一般人如何提出真正新想法的书，并称其为“慢直觉”。作为利用这种直觉的前提条件，他强调了实验空间的重要性，在那里，各种想法可以自由交融（Johnson,2011）。思想开放的研究人员所在的实验室就可以成为这样一个空间，就像知识分子和艺术家在老巴黎的咖啡馆里自由地讨论思想一样。此外，卡片盒也是这样一个空间，在那里，各种想法可以自由交融，从而诞生新的想法。"
11,"> “When I am stuck for one moment, I leave it and do something else.” When [Luhmann](https://notes.andymatuschak.org/z2uXyfV67dnWLUKg1iDbsrHk3DGjtNWTxSTah) was asked what else he did when he was stuck, his answer was: “Well, writing other books. I always work on different manuscripts at the same time. With this method, to work on different things simultaneously, I never encounter any mental blockages.”",> 「如果某件事暂时停滞不前，我就将它放置一边，转头去做别的事情。」有人问他在被项目卡住时还会做什么，[卢曼](https://notes.andymatuschak.org/z2uXyfV67dnWLUKg1iDbsrHk3DGjtNWTxSTah)回答道，「嗯，写其他的书。我总是齐头推进不同的稿件。这样同时推进不同项目，我从来不会遇到心理障碍。」
12,[How to Write a Book – Without Even Trying (so hard) • Zettelkasten Method](https://zettelkasten.de/posts/write-book-without-even-trying-so-hard/),[如何写书——甚至不用努力（那么多）• Zettelkasten 方法](https://zettelkasten.de/posts/write-book-without-even-trying-so-hard/)
13,"> When I create a Zettel, I search through the folder for an outline that could make use of this Zettel. If I don’t have an outline in my folder that fits, I create one.",> 当我创建一个 Zettel 时，我会在文件夹中寻找一个可以利用这个 Zettel 的大纲。如果没有找到适合的大纲，我就会新建一个。
14,>,>
15,"> Now I can see articles, books, and other writing projects emerge as a consequence that I read texts and create Zettels without any specific intention in doing so.",> 现在，我只是不断地在没有任何具体意图的情况下阅读文本和创造 Zettels，就可以看到文章、书籍和其他写作项目的自然涌现。
16,>,>
17,"> The book on writing I mentioned came to be in the same manner. I work on a book on nutrition, so I decided to research how to write a book and writing in general. Each note I turned into a Zettel got its place in an outline. After a while, I satisfied my need for readings on that topic. When I looked at the outline I realized that I had notes worth a book already. I replaced the IDs with the content of the Zettels. Voilá. A manuscript was ready.",> 我提到的关于写作的书就是这样出现的。我在写一本关于营养学的书，所以我决定研究如何写书和常规写作。 我将每一个笔记转换成 Zettel 的同时都将之添加到了大纲中合适的位置。一段时间后，我对该主题的阅读需求得到了满足。当我看着大纲时，我意识到我的笔记已经可以成书了。我用 Zettels 的内容替换了 ID。如你所见。一份手稿已经准备好了。
18,"Pirsig, R. M. (1991). *Lila: an inquiry into morals*. New York: Bantam Books.","Pirsig, R. M. (1991). *Lila: an inquiry into morals*. New York: Bantam Books."
19,"> Instead of asking *Where does this metaphysics of the universe begin?* — which was a virtually impossible question -all he had to do was just hold up two slips and ask, *Which comes first?* This was easy and he always seemed to get an answer. Then he would take a third slip, compare it with the first one, and ask again, *Which comes first?* If the new slip came after the first one he compared it with the second. Then he had a three-slip organization. He kept repeating the process with slip after slip.",> 他所要做的不是问：「这个宇宙的本质从哪里开始？」——一个实际上无法回答的问题。他所要做的是看着两条笔记，然后问自己：「哪条应该放在前面？」这个问题就很简单了，他总是能得出一个结论的。接着他便看向第三条笔记，将之与第一条笔记进行比较，再问一次：「哪条应该放在前面？」如果新笔记应该在第一条笔记之后，那就再与第二条进行比较。然后他就有了一个三条笔记构成的组织。面对一条又一条的笔记，他不断地重复着这个过程。
