﻿﻿0,# Daily working log,# 每日工作日志
1,[Daily working log (andymatuschak.org)](https://notes.andymatuschak.org/z28QkpK3vRKQTacjFDfGYBhCXHqHuVWJzny9),原文：[Daily working log (andymatuschak.org)](https://notes.andymatuschak.org/z28QkpK3vRKQTacjFDfGYBhCXHqHuVWJzny9)
2,"Each day, I start a note titled with that day’s date; e.g. [2020-03-12](https://notes.andymatuschak.org/z7siWbcGHbJ9ZsBcerhdUFgQNq7zMtnh1j72z). It captures ephemera throughout the day: reflections, scratch work, etc. It’s an intentional dumping ground, a release valve so that there’s always “a place to put that thing.”",每一天，我都以当天的日期为标题开始写笔记；例如：[2020-03-12](https://notes.andymatuschak.org/z7siWbcGHbJ9ZsBcerhdUFgQNq7zMtnh1j72z)。这则笔记记录了一天中的零星事件：思考、划痕工作等。这是一个有意的倾倒场，一个释放阀，以便总是有「一个地方可以放那个东西」。
3,"In the [Taxonomy of note types](https://notes.andymatuschak.org/z6f6xgGG4NKjkA5NA1kDd46whJh2Gt5rAmfX), this is the lowest-fidelity layer, ephemeral by design. But as scratch thoughts look like they might have legs, they get extracted into a note in my writing inbox ([A writing inbox for transient and incomplete notes](https://notes.andymatuschak.org/z5aJUJcSbxuQxzHr2YvaY4cX5TuvLQT7r27Dz)). Sometimes I’ll use the daily working log as a drafting space, and I can extract sections roughly-as-is into [Evergreen notes](https://notes.andymatuschak.org/z4SDCZQeRo4xFEQ8H4qrSqd68ucpgE6LU155C).",在[笔记类型分类法](https://notes.andymatuschak.org/z6f6xgGG4NKjkA5NA1kDd46whJh2Gt5rAmfX)中，这是保真度最低的一层，设计上是短暂的。但是，当这些想法看起来有可能是有头绪的时候，它们就会被提取到我的写作收件箱中（[为短暂和不完整的笔记准备的写作收件箱](https://notes.andymatuschak.org/z5aJUJcSbxuQxzHr2YvaY4cX5TuvLQT7r27Dz)）。有时我会用日常工作日志作为一个起草空间，我可以将部分内容粗略地提取到[常青笔记](https://notes.andymatuschak.org/z4SDCZQeRo4xFEQ8H4qrSqd68ucpgE6LU155C)。
4,"For me, the important bits are:",对我来说，重要的部分是：
5,1. This is a space where I can put anything and feel zero friction. ([Close open loops](https://notes.andymatuschak.org/z8d4eJNaKrVDGTFpqRnQUPRkexB7K6XbcffAV)),1. 这是一个我可以无阻力存放任何内容的空间。（[闭合开环](https://notes.andymatuschak.org/z8d4eJNaKrVDGTFpqRnQUPRkexB7K6XbcffAV)）
6,2. I feel a natural pressure to extract anything which wants to “outlive the day”—to move up the [Taxonomy of note types](https://notes.andymatuschak.org/z6f6xgGG4NKjkA5NA1kDd46whJh2Gt5rAmfX).,2. 我感到有一种自然的压力，要提取任何想「超越一天」的东西——在[笔记类型分类法](https://notes.andymatuschak.org/z6f6xgGG4NKjkA5NA1kDd46whJh2Gt5rAmfX)中向上移动。
7,"Because the daily working log is also a live note, it also functions as a useful stub for [Contextual backlinks](https://notes.andymatuschak.org/z3RzQhmjeRxXVAAy81aUSKARwJL8dikdJG4VG): [Backlinks can be used to implicitly define nodes in knowledge management systems](https://notes.andymatuschak.org/z2newCwFfd6iZFyf9bgspkbyt1G8wbQxJVgTK).",因为日常工作日志也是一个动态的笔记，所以它也可以作为[上下文反向链接](https://notes.andymatuschak.org/z3RzQhmjeRxXVAAy81aUSKARwJL8dikdJG4VG)的一个有用的存根：[反向链接可以用来隐含地定义知识管理系统中的节点](https://notes.andymatuschak.org/z2newCwFfd6iZFyf9bgspkbyt1G8wbQxJVgTK)。
