﻿﻿0,# Deep collaborations between tool-makers and tool-users may support insight through making,# 工具制造者和工具使用者之间的深度合作可能会支持实践出洞见
1,[Deep collaborations between tool-makers and tool-users may support insight through making (andymatuschak.org)](https://notes.andymatuschak.org/z7PLEhbuGGhQx3o5oxpSD8oMxEHJXxZGUxBWD),原文：[Deep collaborations between tool-makers and tool-users may support insight through making (andymatuschak.org)](https://notes.andymatuschak.org/z7PLEhbuGGhQx3o5oxpSD8oMxEHJXxZGUxBWD)
2,"One of the key claims of [Insight through making](https://notes.andymatuschak.org/z7YyAp683VNbTmDG4hx9QFpf5urwxZJpsycS6) is that [Effective system design requires insights drawn from serious contexts of use](https://notes.andymatuschak.org/z3H98n8DGZmu8XArqHZVsckyWvbTe8wK4kAt2). But [Great tool-makers are often not great tool-users, and vice-versa](https://notes.andymatuschak.org/zagVn3aaVDFhU4JhGCntgs88oHMJSpzu7ar), so it’s difficult to create powerful contexts for thinking thorough making. [Groups researching tools for thought need enough capacity to build prototypes suitable for serious work](https://notes.andymatuschak.org/z7Rdcpa64TtUx6s5dNtLgZpFR6G3G6YpoD4ks). One approach is to closely pair a tool-maker with a tool-user. Ideally they’re deeply immersed in each other’s work, perhaps to the point that they can produce (bad) original insight in their counterpart’s domain.",[实践出洞见](https://notes.andymatuschak.org/z7yyap683vnbtmdg4hx9qfpf5urwxzjpsycs6)的一个关键主张是[有效的系统设计需要从严肃的使用环境中获得洞察力](https://notes.andymatuschak.org/z3h98n8dgzmu8xarqhzvsckywvbte8wk4kat2)。但是[优秀的工具制造者往往不是优秀的工具使用者，反之亦然](https://notes.andymatuschak.org/zagvn3aavdfhu4jhgcntgs88ohmjspzu7ar)，所以为了实践出洞见而创造强有力的环境很难。[研究思想工具的团体需要足够的能力来建立足以用于严肃工作的原型](https://notes.andymatuschak.org/z7rdcpa64ttux6s5dntlgzpfr6g3g6ypod4ks)。一种方法是将工具制造者与工具使用者紧密配对。理想情况下，他们都深深地沉浸在对方的工作中，也许到了他们可以在对方的领域产生（糟糕的）独到见解的地步。  
3,This approach also allows each person to remain focused and avoid switching costs: [Mental states of deep software development and deep research thinking are mutually exclusive](https://notes.andymatuschak.org/zQCSSBGrBJazfq3tuJehkf81MsYj6du38Dof).,此外，这种方法也让两个人都能专注于自己的领域，避免切换状态的成本：[专注的软件开发和专注的学术研究互相排斥](https://notes.andymatuschak.org/zqcssbgrbjazfq3tujehkf81msyj6du38dof)。
4,More on these collaborations:,更多关于这些合作的笔记：
5,- [Collaborations between tool-makers and tool-users depend on building effective “armories” of tool ideas](https://notes.andymatuschak.org/z7ahJD7LeWU7vDaw8h7EonHYRa2beGpvkZ91F),- [工具制造者和工具使用者之间的合作取决于建立有效的工具创意「军火库」](https://notes.andymatuschak.org/z7ahJD7LeWU7vDaw8h7EonHYRa2beGpvkZ91F)
6,- [Collaborations between tool-makers and tool-users can best iterate via a sequence of different projects](https://notes.andymatuschak.org/z4CjFVyQgh35PVCBSP4MPcRyLsEb9PEmaZx9X),- [工具制造者和工具使用者之间的合作最适合通过一系列不同的项目来发展](https://notes.andymatuschak.org/z4CjFVyQgh35PVCBSP4MPcRyLsEb9PEmaZx9X)
7,## References,## 参考文献
8,"[Brooks, F. P., Jr. (1977). The computer “scientist” as toolsmith: Studies in interactive computer graphics. Information Processing, 625–634.](https://notes.andymatuschak.org/z6fkuZJWdCbBineiuLc3HmE19dbMBMHkgDNN2)","[Brooks, F. P., Jr. (1977). The computer “scientist” as toolsmith: Studies in interactive computer graphics. Information Processing, 625–634.](https://notes.andymatuschak.org/z6fkuZJWdCbBineiuLc3HmE19dbMBMHkgDNN2)"
9,"> A toolsmith-user pair has several advantages over a combined user-toolsmith person. First, the user is not distracted by tool-implementation issues and can keep his attention on the research problem. This focus on the end problem helps the tool-building. Second, the implementation of such a tool involves rather sophisticated data representations and operations, and the specialized technical knowledge of the computer scientist is very useful. GRIP-71, for example, offers the user two levels of specialized virtual computer, one for molecule manipulation, and an inner one specialized for abstract 3-D geometry. Third, the toolsmith functions as observer in each session to identify the user’s real hierarchy of goals and to see how these might be more easily reached.",> 与一人兼顾用户-工具制作者相比，工具制作者-用户的两人组合有几个优点。首先，用户不会被工具实现的问题分散注意力，可以将注意力集中在所要研究的问题上。这种对最终问题的关注有助于构建工具。其次，为了实现这类工具，工具制作者需要处理相当复杂的数据表示和操作，而计算机科学家的专业技术知识是非常有用的。例如，GRIP-71 为用户提供了两个级别的专用虚拟计算机，一个用于分子操作，另一个用于抽象的三维几何学。第三，每次用户使用工具，工具制作者能充当观察者，以确定用户真正的目标层次，并确定如何让这些目标实现起来更容易。
10,"Brooks, F. P., Jr. (1994). The Computer Scientist as Toolsmith II [ACM Allen Newell Award Lecture](https://notes.andymatuschak.org/z7PLEhbuGGhQx3o5oxpSD8oMxEHJXxZGUxBWD). SIGGRAPH.","Brooks, F. P., Jr. (1994). The Computer Scientist as Toolsmith II [ACM Allen Newell Award Lecture](https://notes.andymatuschak.org/z7PLEhbuGGhQx3o5oxpSD8oMxEHJXxZGUxBWD). SIGGRAPH."
11,"> How can working on the problems of another discipline, for the purpose of enhancing a collaborator, help me as a computer scientist? In many ways:",> 为了提高合作者的水平，研究另一个学科的问题，对我这个计算机科学家有什么帮助？有许多方面：
12,"> It aims us at relevant problems, not just exercises or toy-scale problems.",> 我们因而能聚焦于关键问题，而不只是课后练习或者小儿科的问题。
13,"> It keeps us honest about success and failure, so that we don’t fool ourselves so easily.",> 它使我们对成功和失败保持诚实，这样我们就不会轻易欺骗自己。
14,"> It makes us face the *whole*problem, not just the easy or mathematical parts. In computational geometry, for example, we can’t avoid the cases of collinear point triples or coplanar point quadruples. We can’t assume away ill-conditioned cases.",> 我们因而能直面**完整**问题，而不只是简单的，或数学理论能完美解决的地方。例如，计算几何中，我们不能避开三重共线点或者四重共面点的情况，不能掩耳盗铃，假装病态条件不存在。
15,"> Facing the whole problem in turn forces us to learn or develop new computer science, often in areas we otherwise never would have addressed.",> 直面完整问题，迫使我们学习更多知识，甚至往往要进军至从未踏足过的疆域，发展计算机科学最前沿。
16,"> Besides all of that, it is just plain fun to look over the shoulders of those discovering how proteins work, or designing submarines, or fabricating on the nanometer scale.",> 除此之外，你已进入领军者的疆域，其中有揭秘蛋白质原理、设计出潜水艇，实现纳米制造的先驱。如今，你要向无尽疆界更进一步，实为乐也。
