﻿﻿0,# Do your own thinking,# 自主思考
1,[Do your own thinking (andymatuschak.org)](https://notes.andymatuschak.org/z4enRPbLXdD8X8hCfVjaRkcGkronvhcfrgSQw),原文：[Do your own thinking (andymatuschak.org)](https://notes.andymatuschak.org/z4enRPbLXdD8X8hCfVjaRkcGkronvhcfrgSQw)
2,Beware: it’s too easy to let others’ schema and ideas dominate your own.,当心：任由他人想法和图式(schema)支配自己的思考，非常容易。
3,"When reading, the default is to let the author do your thinking for you. Per Schopenhauer:",阅读时的默认模式是由作者替你思考。据叔本华所言：
4,"> When we read someone else thinks for us: we merely repeat his mental process. … Accordingly in reading we are for the most part absolved of the work of thinking. … It stems from this that whoever reads very much and almost the whole day, but in between recovers by thoughtless pastime, gradually loses the ability to think on his own – as someone who always rides forgets in the end how to walk. But such is the case of many scholars: they have read themselves stupid. For constant reading immediately taken up again in every free moment is even more mentally paralysing than constant manual labour, since in the latter we can still muse about our own thoughts. But just as a coiled spring finally loses its elasticity through the sustained pressure of a foreign body, so too the mind through the constant force of other people’s thoughts.",> 当我们阅读时，是别人替我们思考：我们只是重现他的心理过程。......因此，在阅读中，我们在很大程度上免受思考的劳累。......由此可见，如果人读了很多书，甚至几乎整天都在读书，却在读书之间，通过不加思索的消遣来恢复精神，他就会逐渐失去自主思考的能力——就像总是骑马的人最终会忘记如何走路一样。可是许多学者就是这样：他们把自己读傻了。因为他们一有空闲就去阅读，这样甚至比持续的体力劳动更让人精神麻痹，因为在后者中我们还可以思考自己的想法。但是，就像受挤压的弹簧，由于外物持续施加压力，最终会失去弹性一样，我们也会因为他人思想的持续施力，而失去思考的能力。
5,"That’s bad from an epistemological perspective, but it’s particularly bad for achieving novel insight. How can you think thoughts which have never been thought before if you’re reliant on others’ thinking?",从认识论的角度来看，阅读中思考的缺位很糟糕，而且尤其不利于得出新的创见。如果你依赖别人的思维，你怎么能想出以前从未想过的想法？
6,Per Kant:,据康德所言：
7,> *Enlightenment is the human being’s emergence from his self-incurred minority.* *Minority* is inability to make use of one’s own understanding without direction from another. This minority is *self-incurred* when its cause lies not in lack of understanding but in lack of resolution and courage to use it without direction from another. *Sapere aude!* [Dare to be wise!](https://notes.andymatuschak.org/z4enRPbLXdD8X8hCfVjaRkcGkronvhcfrgSQw),> 启蒙就是人类从自我造成的**不成熟**状态中解脱出来。**不成熟**是指缺少他人的教导就没有能力运用自己的理智。这种不成熟状态之所以是**自我造成的**，其原因不在于缺少理智，而在于没有他人的教导就缺乏运用自己理智的决心和勇气。*Sapere Aude!* [要勇于认知！](https://notes.andymatuschak.org/z4enRPbLXdD8X8hCfVjaRkcGkronvhcfrgSQw)
8,One key antidote: [Write about what you read to internalize texts deeply](https://notes.andymatuschak.org/zg3fYweZpbHeBTpcYke5mF4ZfrJutYcQEtFo),一个关键的解药：[围绕所读内容写笔记，以求深刻内化文本](https://notes.andymatuschak.org/zg3fYweZpbHeBTpcYke5mF4ZfrJutYcQEtFo)
9,------,------
10,## References,## 参考文献
11,"Kant, I. (1996). An answer to the question: What is enlightenment? In A. Wood (Ed.), & M. J. Gregor (Trans.), *Practical philosophy* (pp. 11–22). https://doi.org/10.1017/CBO9780511813306.005 (Original work published 1784)","Kant, I. (1996). An answer to the question: What is enlightenment? In A. Wood (Ed.), & M. J. Gregor (Trans.), *Practical philosophy* (pp. 11–22). https://doi.org/10.1017/CBO9780511813306.005 (Original work published 1784)"
12,"Schopenhauer, A. (2015). On reading and books. In C. Janaway (Ed.), & A. Del Caro (Trans.), *Parerga and Paralipomena: Short Philosophical Essays* (Vol. 2). https://doi.org/10.1017/CBO9781139016889 (Original work published 1851)","Schopenhauer, A. (2015). On reading and books. In C. Janaway (Ed.), & A. Del Caro (Trans.), *Parerga and Paralipomena: Short Philosophical Essays* (Vol. 2). https://doi.org/10.1017/CBO9781139016889 (Original work published 1851)"
13,[Stop Relying on a Source and Have Faith in Your own Thoughts • Zettelkasten Method](https://zettelkasten.de/posts/dont-rely-on-source-have-faith-in-yourself/),[停止依赖信息来源，相信你自己的思考力 • Zettelkasten 方法](https://zettelkasten.de/posts/dont-rely-on-source-have-faith-in-yourself/)
14,"> I had believed that texts contain information, and that it was my job to make the information accessible.",> 我曾认为，信息包含于文本之中，而我要让信息易于获取。
15,"Ralph Waldo Emerson, “Self-Reliance” (via [Nielsen, M. A. (2003, September 8). Extreme thinking. Tough Learning, Brisbane, Australia.](https://notes.andymatuschak.org/z8Z2R8ZhCiEw8rgqYB5u4mcUith48CQkpznZc)):","Ralph Waldo Emerson, “Self-Reliance” (via [Nielsen, M. A. (2003, September 8). Extreme thinking. Tough Learning, Brisbane, Australia.](https://notes.andymatuschak.org/z8Z2R8ZhCiEw8rgqYB5u4mcUith48CQkpznZc)):"
16,> It is easy {in the world to live after the world’s opinion}; it is easy {in solitude to live after our own}; but the great man is he who {in the midst of the crowd} keeps {with perfect sweetness} {the independence of solitude}.,> {置身于尘世中，附和世人的观点}很容易；{离群独处之时，按照自己的意志生活}也不难；而伟人却是{身处喧嚣}还能{完全保留}{自己独居时的自立精神}的那些人。
17,"Edwards, P. N. (2005). How to Read a Book.","Edwards, P. N. (2005). How to Read a Book."
18,"> Don’t wait for the author to hammer you over the head. Instead, from the very beginning, constantly generate hypotheses (“the main point of the book is that…”) and questions (“How does the author know that…?”) about the book.",> 不要等着作者来敲打你的脑袋。而是刚开始读书就对这本书不断提出假设（「这本书的主要观点是......」）和问题（「作者怎么知道......？」）。
19,"> Making brief notes about these can help. As you read, try to confirm your hypotheses and answer your questions. Once you finish, review these.",> 对这些假设写上几笔，很有用。你一边阅读，就一边试着确认你的假设，并回答你的问题。书读完了就回顾一下写的东西。
