﻿﻿0,# Educational objectives often subvert themselves,# 教育计划往往会自我颠覆（此处的 obj 是那种目标的意思，所以用计划代替了）
1,[Educational objectives often subvert themselves (andymatuschak.org)](https://notes.andymatuschak.org/z6qfYv9SPx6M9FZPzVj7o4qVRD1iTGJpMfz6J),原文：[Educational objectives often subvert themselves (andymatuschak.org)](https://notes.andymatuschak.org/z6qfYv9SPx6M9FZPzVj7o4qVRD1iTGJpMfz6J)
2,"[Some “educational” activities have intrinsically meaningful purposes](https://notes.andymatuschak.org/z3bjAHBa3Rx5DRwmVsmmeNUTceS9ErxLfSAiM), but in most educational environments, the primary concern is *cause others/oneself to know something*, which is generally not an intrinsically meaningful purpose (contra [Enabling environments’ activities directly serve an intrinsically meaningful purpose](https://notes.andymatuschak.org/z7wh92mfgXNTLk8AhaaLxsViQuzqGY5cV56Vm)).",[一些「教育」活动具有内在意义的目的](https://notes.andymatuschak.org/z3bjAHBa3Rx5DRwmVsmmeNUTceS9ErxLfSAiM)，但在大多数教育环境中，主要关注的是**使他人/自己学会一些东西**，而这种目的一般不具有内在意义（与[赋能环境的活动直接服务于内在意义的目的](https://notes.andymatuschak.org/z7wh92mfgXNTLk8AhaaLxsViQuzqGY5cV56Vm)相反）。
3,"A fixation on learning outcomes is a fixation on what would normally be the effect of a deeper cause: an intrinsically meaningful purpose involving that material. By attempting to produce the effect without the cause, the teacher makes the students into dependents. He’s the source not only of expertise but also of purpose. In such a relationship, the teacher’s role is defined by his superiority. This often manifests as (unintentional) condescension.",对学习成果的执着，本质上是对某种「效果」的追求，这种效果是由一个深层因素驱动的：该材料本质的、有意义的目的。教师却试图把内因晾在一边，直接传授效果，学生便对教师产生依赖——其不仅是专业知识的来源，也是学习目的的来源。在这样的关系中，教师扮演的角色，便由他的上级地位来界定。这往往表现为（无意的）居高临下的态度。
4,"[Internally-modulated learning is self-actualizing; externally-modulated learning is self-abnegating](https://notes.andymatuschak.org/z593cFAtL3wWfMEFZodUYcM9TPQyMDHzEXxvS). Students sense the abnegation and often respond either by disengaging or by shrinking their sense of intellectual responsibility. Both of these behaviors magnify the asymmetry between the teacher and student, which in turn magnifies (intentional or unintentional) sense of superiority the teacher conveys.",[内驱调节的学习是自我实现的；外驱调节的学习是自我否定的](https://notes.andymatuschak.org/z593cFAtL3wWfMEFZodUYcM9TPQyMDHzEXxvS)。学生们感觉到了这种否定，而回应方式经常是摆脱或缩小他们的智力责任感（逃避*）。这两种行为都放大了教师和学生之间的不对称性，这反过来又放大了教师所传达的（有意或无意的）优越感。
5,"[Deep understanding requires (and is a result of) intense personal connection](https://notes.andymatuschak.org/z5gCpoFJJThDFHK1a7Vv3ssxF3kkjeRaTrJHK). Condescension and external dependence are unlikely to produce such a connection. Often, the teacher/author themselves doesn’t have such a connection to the material, which makes the condescension worse (see [Authored environments are significantly colored by authors’ motivations](https://notes.andymatuschak.org/z34mYTEEEQcrywWkoNnz1Fzr8NmwaDsVRNgTK)). Per Bret:",[深刻的理解需要强烈的个人联系（也是其结果）](https://notes.andymatuschak.org/z5gCpoFJJThDFHK1a7Vv3ssxF3kkjeRaTrJHK)。而在老师和学生之间，居高临下和外部依赖的关系中，不可能产生这样的联系。通常情况下，教师/材料作者本人与材料没有这样的联系，这使得居高临下的情况更加严重（见[作者的环境被作者的动机严重影响](https://notes.andymatuschak.org/z34mYTEEEQcrywWkoNnz1Fzr8NmwaDsVRNgTK)）。按 Per Bret 的说法：
6,"> I don’t imagine that many designers are inherently fascinated by counting to ten, or addition. So material on those subjects is created neither for direct empowerment or sharing the love, but from a standpoint of “I know this concept, and you don’t this concept, and I think you need to know what I know.” That creates an imbalance, an asymmetry, between a “teacher” and a “student”. And that asymmetry often expresses itself as *condescension*.",> 我难以想象，许多设计师会衷心地被从一数到十或加法所吸引。因此，关于这些主题的材料编写的意图，既不是直接赋能，也不是为了分享对概念的热爱，而是出于「我知道这个概念，而你不知道这个概念，我觉得你需要知道我所知道的」的立场。因此「老师」和「学生」之间出现了不平衡与不对称。而这种不对称往往表现为**居高临下**。
7,Related:,相关文章：
8,"- [Enabling environments focus on creating opportunities for growth and action, not on skill-building](https://notes.andymatuschak.org/z5th5bWm6VhB6PPbYB97gUKMdnaZe5atntRza)",- [赋能环境的重点是创造成长和行动的机会，而不是技能培养](https://notes.andymatuschak.org/z5th5bWm6VhB6PPbYB97gUKMdnaZe5atntRza)
9,- [Educational games are a doomed approach to creating enabling environments](https://notes.andymatuschak.org/z7wPt3dxX5hp6LK3PLUBTJXxk7kAhMuh8UDck),- [教育游戏是注定失败的创造赋能环境的方法](https://notes.andymatuschak.org/z7wPt3dxX5hp6LK3PLUBTJXxk7kAhMuh8UDck)
10,- [Educational environments usually don’t involve original thought](https://notes.andymatuschak.org/z2tXxAezdMpted5bRbhtj843QruiRtTvWVPPQ),- [教育环境通常不涉及原创思维](https://notes.andymatuschak.org/z2tXxAezdMpted5bRbhtj843QruiRtTvWVPPQ)
11,- [Enabling environments focus on doing what’s enabled](https://notes.andymatuschak.org/z6tuZZKaNeLM7c9jPZwNVGURGTuXLy8jesv5i),- [赋能环境的重点是做被赋能的事](https://notes.andymatuschak.org/z6tuZZKaNeLM7c9jPZwNVGURGTuXLy8jesv5i)
12,------,------
13,## References,## 参考文献
14,"Email with Bret Victor, 2015/03/19. [Re: Toys with weight-bearing educative properties](javascript:void(0))","Email with Bret Victor, 2015/03/19. [Re: Toys with weight-bearing educative properties](javascript:void(0))"
15,"Email with Michael Nielsen, 2019/08/23. [Re: Transcending the Primer](javascript:void(0))","Email with Michael Nielsen, 2019/08/23. [Re: Transcending the Primer](javascript:void(0))"
16,"> Of course, in some sense I’m quite enamoured of goals like “enabling people” … But I’m also very suspicious of such goals. I think > 99.9% of the time they end up patronizing. The only thing I know of which consistently gets away from that failure pattern is to make the primary goal something else, something that’s intrinsically important.",> 当然，从某种意义上说，我相当迷恋「为人赋能」这样的目标......但我也非常质疑这样的目标。我认为 > 99.9% 的情况下，它们最终都让人们觉得自己高人一等。摆脱这种失败模式的唯一可持续的方法，据我所知，是把主体目标变成本身就很重要的东西。
17,>,>
18,"> E.g., if you run the Apollo program you’ll certainly be enabling people. But it’ll be secondary to getting to the moon.",> 例如，如果你执行阿波罗计划，你肯定会给人们赋能。但这对登月来说是次要的。
