﻿﻿0,# Effective deep work depends on both time and intensity,# 有效的深度工作不仅取决于时间，还取决于强度
1,[Effective deep work depends on both time and intensity (andymatuschak.org)](https://notes.andymatuschak.org/z2R15PDZf5NLaUKAYvweEDjUp8r4fNTuLSXU),原文：[Effective deep work depends on both time and intensity (andymatuschak.org)](https://notes.andymatuschak.org/z2R15PDZf5NLaUKAYvweEDjUp8r4fNTuLSXU)
2,"It’s tough for many people to block off four contiguous hours for focused work, and even harder for many to avoid spending much of that time checking email or social media. But these things are doable, fairly mechanically: schedule the time; turn off the WiFi; block the web sites; etc. The trouble is that this isn’t enough. It’s relatively easy to zone out—not in a creative day-dreaming fashion, but in a scattered, dull fashion.",对于许多人来说，拨出完整的四个小时来专注工作非常困难，而其间不查看邮件跟社交媒体更是难上加难。虽说很难，但还是能做到的，只要走一套机械化流程：规划时间；关闭 WiFi；屏蔽网站等等。问题在于这还不够。不走神太难了——不是指那种充满创造力的白日梦，而是零零散散，无聊发呆的走神。
3,"It’s very difficult to actually maintain your sharp, vivid attention on a problem for hours at a time. But that’s what’s necessary. Getting to the desk and clearing obvious nuisances out of the way is only table stakes. One hour of high intensity will often produce much more than five hours of dull focus, even if the latter includes no gratuitous distraction.",实际上，一次几小时全神贯注，来解决一个问题，着实困难，但这种能力亦不可或缺。坐到桌子前，清理明显干扰，仅达最低要求。高强度工作一小时，产出要远高于兴致索然地工作五小时，哪怕五小时中没有一般意义上的分心。
4,"[Fixation on outcome in creative work is often self-defeating](https://notes.andymatuschak.org/zWhZZuWVtFXsPNL8Ph3po7R8BEDztTSsN1X), and one solution is to focus on measuring inputs instead. Measuring the time spent on a problem is a good start (see e.g. notes on [Pomodoro technique](https://notes.andymatuschak.org/zRtoDFQZWq5WYcN1dJH52wKXuKCT4s62B78)); measuring the time spent authentically, without distraction, is better; but really what matters is closer to “time multiplied by intensity”, as [Cal Newport](https://notes.andymatuschak.org/zP51tXjbh6V9frLFwcT3nUhnYYWCfdxGFtZ) observes in *Deep Work*.",[在创造性工作中执着于产出往往弄巧成拙](https://notes.andymatuschak.org/zWhZZuWVtFXsPNL8Ph3po7R8BEDztTSsN1X)，衡量投入是替代方案。可以从衡量花在问题上的时间开始（比如，见笔记[番茄工作法](https://notes.andymatuschak.org/zRtoDFQZWq5WYcN1dJH52wKXuKCT4s62B78)）；衡量全心全意工作，毫不走神的时间则更优；但真正重要的是类似「时间乘以强度」的度量，这也是 [Cal Newport](https://notes.andymatuschak.org/zP51tXjbh6V9frLFwcT3nUhnYYWCfdxGFtZ) 在 *Deep Work* 一书中表达的看法。
