﻿﻿0,# Games help players make and adapt plans,# 游戏帮助玩家制定和调整计划
1,[Games help players make and adapt plans (andymatuschak.org)](https://notes.andymatuschak.org/z7mU6RxxzJ9FZBCcgbYQsv9nExuK3xVm635Ks),原文：[Games help players make and adapt plans (andymatuschak.org)](https://notes.andymatuschak.org/z7mU6RxxzJ9FZBCcgbYQsv9nExuK3xVm635Ks)
2,"When moving through a game, you usually don’t have to guess about whether you’re ready to move onto something else, or where you should go: the game will let you know (perhaps implicitly).",在游戏中移动时，你通常不需要思考你是否准备要移动到其他地方，或者你应该移动到哪里：游戏会让你知道（可能在不知不觉中）。
3,"Sometimes, there’s a strict sequence of levels which must be solved in order. Making a plan is trivial; see [Fine-grained task progressions as cognitive scaffolding](https://notes.andymatuschak.org/z2qBbdZidZNjbpdggRbmgeUeVf2H7aCevSYvE).",有时，会有一组序列，秩序井然，必须按顺序解决。很轻松就能做出计划；见[小跨度任务阶梯作为认知脚手架](https://notes.andymatuschak.org/z2qBbdZidZNjbpdggRbmgeUeVf2H7aCevSYvE)。
4,"More subtly, you may find that a boss battle depends on your ability to use a bow and arrow. The dungeon exits are sealed, so there’s nowhere else to go. So you conclude the obvious: you’ll need to get better at the bow until you can defeat the boss. In a different game, you might find that you miss sometimes with the bow and arrow, but there’s always a path forward available, at least for now. So you don’t need to work on improving your archery, unless you specifically want to.",更微妙的是，你有时候会发现 Boss 战取决于你的弓箭技能。地牢的出口都被封住了，所以没有其他地方可去。所以你得出来一个显而易见的结论：你要提升弓箭技能，直到你能打败 Boss。在另一个不同的游戏中，你可能发现你有时会错过弓箭，但总有一条前进的路，至少当下如此。所以你不需要努力提高你的箭术，除非你特别想这么做。
5,"Even in an open-world game, game designers use proximity and affective design to ensure that at least one appealing and appropriate destination is always salient. If you set out in a direction where the challenge is too great, the game will make it clear that you should adapt your plans, and it will present an obvious alternative avenue.",即使是开放世界游戏，游戏设计师也会用利用周遭事物进行暗示，或是用情感设计，来确保至少有至少有一个目的比较显眼，并且设计地恰到好处。如果你选择的挑战方向远非你力所能及，游戏便会明确告诉你「你应该调整计划」，与此同时，另一扇窗也会马上为你打开。
6,"In sum, all this means that players can focus on the action—not on trying to figure out what they should do next. This contrasts [Most explanatory media make participants run their own feedback loops](https://notes.andymatuschak.org/z6MLXiJ7vmVAxRxhanUJzDcBE6hhhV9oy6Ukc).",总之，所有这些都意味着玩家可以专注于行动，而不是试图搞清楚他们下一步应该做什么。这与[大多数解释型媒体使参与者运行他们自己的反馈循环](https://notes.andymatuschak.org/z6MLXiJ7vmVAxRxhanUJzDcBE6hhhV9oy6Ukc)截然相反。
