﻿﻿0,# Get playful,# 变得好玩
1,[Get playful (andymatuschak.org)](https://notes.andymatuschak.org/ziHJKnDvMUWnBBpTEsVg3iVNxKrCieEUaEr),原文：[Get playful (andymatuschak.org)](https://notes.andymatuschak.org/ziHJKnDvMUWnBBpTEsVg3iVNxKrCieEUaEr)
2,"An exhortation closely related to [Get curious](https://notes.andymatuschak.org/zKvtqpdyujNByokN4fSahKrgNgXxCAWD5gRv), but suited to moments of action.",这是一个与[变得好奇](https://notes.andymatuschak.org/zKvtqpdyujNByokN4fSahKrgNgXxCAWD5gRv)密切相关的忠告，不过他更适合于做出行动的时刻。
3,"Don’t worry about doing it “right,” don’t worry about “how long it’s taking me,” don’t worry about “solving” the problem or doing something “important.” Just enjoy the interaction with the problem and the impulses you feel relative to it. Act on those impulses; watch what happens; act on the new impulses. Turn up the temperature on the distribution.",不要担心做得「对不对」，不要担心要「花多长时间」，不要担心能否「解决」问题或是否「重要」。享受你感觉到的与问题的互动和冲动就好了。依冲动行事；看看会发生什么；再遵循新的冲动。躁起来！
4,## Examples,## 例子
5,It’s hard not to think of someone like Jacob Collier when I think about this (see e.g.[this interview](https://www.youtube.com/watch?v=sNCNFm17McA)). He seems to be living a constantly-playful life of musical exploration. I find it helpful to think about him as an exemplar here.,当我想到这一点时，很难不想到像 Jacob Collier 这样的人（见[这个访谈](https://www.youtube.com/watch?v=sNCNFm17McA)）。他似乎过着一种不断玩耍的音乐探索生活。我觉得把他当做榜样很有帮助。
