﻿﻿0,# How to collect observations while reading,# 如何在阅读时整理所得
1,[How to collect observations while reading (andymatuschak.org)](https://notes.andymatuschak.org/z71FeBJGqZdyA78UNTwXCWcMGUVCWk1XsLvPS),原文：[How to collect observations while reading (andymatuschak.org)](https://notes.andymatuschak.org/z71FeBJGqZdyA78UNTwXCWcMGUVCWk1XsLvPS)
2,"It’s important to [Write about what you read to internalize texts deeply](https://notes.andymatuschak.org/zg3fYweZpbHeBTpcYke5mF4ZfrJutYcQEtFo), but it’s distracting to switch back and forth between reading and writing polished notes. Instead, collect insights in a lightweight way while you read. You can put them in [A writing inbox for transient and incomplete notes](https://notes.andymatuschak.org/z5aJUJcSbxuQxzHr2YvaY4cX5TuvLQT7r27Dz). That'll [Close open loops](https://notes.andymatuschak.org/z8d4eJNaKrVDGTFpqRnQUPRkexB7K6XbcffAV), and you’ll process them later (see [How to process reading annotations into evergreen notes](https://notes.andymatuschak.org/z2PJ51tCXuPFxnfFVUxxgwjvZ1geu4YnYm7hK)).",[写你所读，以求内化](https://notes.andymatuschak.org/zg3fYweZpbHeBTpcYke5mF4ZfrJutYcQEtFo)很重要，但在阅读和写作精细打磨的笔记之间来回切换会让人分神。所以，在阅读时应当轻巧地收集见解。你可以把它们存放在[为临时性而不完整的笔记建立的写作收件箱](https://notes.andymatuschak.org/z5aJUJcSbxuQxzHr2YvaY4cX5TuvLQT7r27Dz)中，从而[关闭开环](https://notes.andymatuschak.org/z8d4eJNaKrVDGTFpqRnQUPRkexB7K6XbcffAV)，便于后续处理（见[如何将阅读标注加工成常青笔记](https://notes.andymatuschak.org/z2PJ51tCXuPFxnfFVUxxgwjvZ1geu4YnYm7hK)）。
3,"Annotations—even inline marginalia which include your own writing—have very little informational value. They’re atomized; they don’t relate to each other; they don’t add up to anything; they’re ultra-compressed; they’re largely unedited. That’s fine: think of them as just a reminder. They say “hey, look at this passage,” with a few words of context to jog your memory about what the passage was about.",注释——即使是含有你自己的文字的内联旁注——也没有什么信息价值。它们是原子化的，彼此之间没有联系，更无法聚沙成塔；它们非常浓缩，基本上没有经过编辑。没关系：把注释看作是提醒，对你说着「嘿，看看这段话」，有只言片语充当上下文，以唤起你对这段话的记忆。
4,"Since you’re going to write lasting notes anyway, annotations need carry just enough information to recreate your mental context in that moment of reading. You wouldn’t want to rely on that long-term, since then you’d just have a huge pile of hooks you’d have to “follow” anytime you wanted to think about your experience with that book.",你反正都要写能持久经用的笔记，所以注释只要有足够信息能重现阅读时刻的心理情境即可。但这一方式是不可持续的，因为长此以往，你每次想要回想你对这本书的体验，就要面对一大堆钩子，个个都要「追溯」。
5,"When processing these observations, you’ll want to be able to see the big picture and see clusters of ideas, so it’s helpful to collect annotations in a manipulable fashion.",在处理这些观察结果时，你希望能高屋建瓴，将相似想法汇集成簇，所以通过可操作的方式来收集注释是很有帮助的。
6,"Concretely, the approach I’m trying:",具体来说，我正在尝试的方法包括：
7,- Physical books:,- 实体书：
8,  - Write couple-word thoughts on a slip of A7 paper ([Pocket memo pad to capture into writing inbox while out](https://notes.andymatuschak.org/z5FKgZAnMhS73t9kenbVUYx23CHSQAE1gKxVf)),  - 在一张 A7 纸上写下几个字（[方便在外出时抓住灵感的口袋笔记本](https://notes.andymatuschak.org/z5FKgZAnMhS73t9kenbVUYx23CHSQAE1gKxVf))
9,  - Draw a dot or line in the margin of interesting passages and dogear the page.,  - 在感兴趣的段落旁边空白处画个点或画条线，并折上页角。
10,- Web articles:,- 网络文章：
11,  - Copy+paste interesting excerpts into a single working note in my writing Inbox.,  - 将所有有趣的摘录复制粘贴到写作收件箱里的单条工作笔记中。
12,"  - Or perhaps use the Bear excerpter, in combination with the marker tool.",  - 或者，使用 Bear 摘录器搭配标记工具。
13,- Digital books and PDFs:,- 电子书和 PDF：
14,  - Use in-app highlighters,  - 使用应用内的荧光笔
15,  - Export all highlights into a working note in Inbox to cluster,  - 在收件箱中把所有标记的重点导出到工作笔记中，将其汇集成丛
16,    ::TODO::,    ::TODO::
17,I find the digital solutions quite unsatisfying: it’s slow and heavy browsing between annotations in these solutions.,我发现数字解决方案相当不令人满意：在这些解决方案中，浏览一个又一个注释很慢，而且很麻烦。
18,------,------
19,## References,## 参考文献
20,https://zettelkasten.de/posts/making-proper-marks-in-books,https://zettelkasten.de/posts/making-proper-marks-in-books
21,"> The text inspired a thought, and the inspiring part is already marked in the text.",> 文本激发了一个想法，而灵感的源泉就流淌在文本之中。
22,https://zettelkasten.de/posts/create-zettel-from-reading-notes,https://zettelkasten.de/posts/create-zettel-from-reading-notes
23,"> taking notes on my Mac while reading just doesn’t work for me. My state while typing is too different from the state I’m in when I read print. Going back and forth requires heavy switching of mental gears. First, this wears me out after a while. Second, this switching ruins the focus: I cannot follow the text properly. That’s why I take notes on paper and mark the passage I want to refer to with a little * in the page’s margin.",> 在阅读时在我的 Mac 上做笔记对我来说是行不通的。我在打字时的状态，与我在阅读印刷品时的状态差别太大。来回走动需要费力地转换心理准备。首先，我一段时间后便会感到疲惫。其次，这种切换破坏了专注：我无法正确地跟随文本。这就是为什么我在纸上做笔记，并在页边上用小 * 标记我想参考的段落。
