﻿﻿0,# Insight through making prefers bricolage to big design up front,# 实践出洞见时，建议摸石头过河而不是先画蓝图
1,[Insight through making prefers bricolage to big design up front (andymatuschak.org)](https://notes.andymatuschak.org/z7Ldzn94FibghJBEG9hAebu8LMNV7NVBFvsfg),原文：[Insight through making prefers bricolage to big design up front (andymatuschak.org)](https://notes.andymatuschak.org/z7Ldzn94FibghJBEG9hAebu8LMNV7NVBFvsfg)
2,"When developing systems which push the frontiers of their own foundational theory, [Insight through making](https://notes.andymatuschak.org/z7YyAp683VNbTmDG4hx9QFpf5urwxZJpsycS6) suggests that you’ll need to make simultaneous progress in theory-space and system-space to spot the new implications in their conjoined space. [Effective system design requires insights drawn from serious contexts of use](https://notes.andymatuschak.org/z3H98n8DGZmu8XArqHZVsckyWvbTe8wK4kAt2): you must constantly instantiate new theoretical ideas in new systems, then observe their impact in some serious context of use.",如果系统意在拓宽自身所依赖的理论的边界，开发这种系统时，根据[实践出洞见](https://notes.andymatuschak.org/z7YyAp683VNbTmDG4hx9QFpf5urwxZJpsycS6)，应当理论和系统开发齐头并进，从而能在两者的交汇处发现新的进展。[有效的系统设计需要从真刀真枪的使用情境汲取洞见](https://notes.andymatuschak.org/z3H98n8DGZmu8XArqHZVsckyWvbTe8wK4kAt2)：必须在新系统中不断实现新的理论想法，并在一些真刀真枪的使用情景下观察这些想法的影响。
3,"These small feedback loops are better suited to bricolage than to big design up front. Critically, though, you must try to make the bricolage *accrete:* the temptation is often to move in more of a drunkard’s walk.",这些反馈环路很短，因此合适的做法是摸石头过河（bricolage），而不是前期画大蓝图。但关键是，你必须努力垒出**具体**的一块块「石头」：很容易像醉汉一样漫无方向。
4,I suspect that this is part of why Ted Nelson’s systems weren’t as successful as they could have been: he and his colleagues engaged in endless up-front design without seriously using any of their ideas to author text or do their work.,我怀疑这便是 Ted Nelson 的系统没有取得预想成功的部分原因：他和他的同事无休止地做着前期设计，却从来没有把他们的想法应用起来，运用他们的系统书写文本，或者完成他们的工作。
5,- A key challenge: [Switching costs are high between software development and research thinking](https://notes.andymatuschak.org/z78pmtn8LMt6npZyHciSjVZJdp3u7sin61PzG).,- 一个关键挑战：[软件开发和研究思维之间的转换成本很高](https://notes.andymatuschak.org/z78pmtn8LMt6npZyHciSjVZJdp3u7sin61PzG)。
6,"- A consequence: [Tools for thought collaboration seems to prefer either part-time contractor help, or deep full-time partners, with a big chasm between](https://notes.andymatuschak.org/z2X4gqapT9PWVYmSZ2iq4TFAVU5pgPszRKxz)",- 一个后果：[制作思想工具的合作模式要么借助兼职承包商，要么要求深入的全职合作伙伴，两者之间存在极大的鸿沟](https://notes.andymatuschak.org/z2X4gqapT9PWVYmSZ2iq4TFAVU5pgPszRKxz)
7,------,------
8,## References,## 参考文献
9,> I probably err on the side of just making things happen… I get so much of a thrill bringing things to life… as soon as it comes to life it starts telling you what it is.,> 我估计是尽一切所能实现构想的人……实现想法让想法成为现实，让我雀跃万分……一旦想法成为现实，它会开始讲自己的故事。
10,"> —Dan Ingalls, as quoted in Nielsen, M. (2018). *Augmenting Long-term Memory*. http://augmentingcognition.com/ltm.html","> —Dan Ingalls, as quoted in Nielsen, M. (2018). *Augmenting Long-term Memory*. http://augmentingcognition.com/ltm.html"
