﻿﻿0,# Interaction is a cost center in interface design,# 交互是界面设计中的成本中心
1,[Interaction is a cost center in interface design (andymatuschak.org)](https://notes.andymatuschak.org/z87TFgTr98bz3MNFT26NhegyRCMgdkfNTBAzp),原文：[Interaction is a cost center in interface design (andymatuschak.org)](https://notes.andymatuschak.org/z87TFgTr98bz3MNFT26NhegyRCMgdkfNTBAzp)
2,"Interface designers are often interested in designing “engaging interactions,” but interactions are, by default, a burden imposed upon the user—a tax to be avoided. If I’m using an interface to analyze some data, the ideal is zero interactions: I read a screen of information, notice a pattern, and answer my question. Every filter box, navigation button, and scrubber is an extra cost.",界面设计者通常对设计「有吸引力的交互」感兴趣，但交互本来就是是强加给用户的负担——是需要避免的负担。如果我正在使用界面来分析数据，零互动是最理想的状态。我阅读一屏幕的信息，注意到一个模式，然后回答我的问题。任何过滤框、导航按钮和清洗器都是额外的成本。
3,"Of course, sometimes there’s too much information to understand without interaction, no matter how thoughtfully presented. In these instances, careful use of interactivity can yield benefit by filtering the possibility space, but that benefit must always be carefully balanced against the excise it imposes.",当然，无论如何深思熟虑地呈现，在没有互动的情况下，都有太多的信息无法理解。在这些情况下，谨慎地使用互动性，可以过滤可能性空间，进而得到益处，但必须始终仔细地平衡这种益处所带来的割裂感。
4,Bret Victor additionally observes (2006):,（2006 年）Bret Victor 还观察到：
5,> Interactivity has even worse problems than simply being a frustrating waste of time:,> 交互除了可能极其浪费时间，还有更严重的问题：
6,>,>
7,> The user has to already know *what* she wants in order to ask for it. Software that infers from history and the environment can proactively offer potentially relevant information that the user wouldn’t otherwise know to ask for. Purely interactive software forces the user to make the first move.,> 用户必须已经知道她想要**什么**，才能要求得到它。如果软件能利用历史信息和环境做推断，便能为用户提供相关的信息，而用户甚至不知道自己需要这些信息，纯粹的交互式软件迫使用户做出先手。
8,>,>
9,"> The user has to know *how* to ask. That is, she must learn to manipulate a machine. Donald Norman’s concept of determining a user’s “mental model” has become widespread in the software usability community, and is now considered a core design challenge. However, Norman described this concept in the context of *mechanical* devices. It only applies to software if the software actually contains hidden mechanisms that the user must model. A low-interaction, non-mechanical information graphic relieves both user and designer from struggling with mental models.",> 用户必须知道**如何**问。也就是说，她必须学会操纵一台机器。在软件可用性社区中，Donald Norman 关于确定用户的「心理模型」的概念已经广为流传，直至现在，被认为是一个核心的设计挑战。然而，Norman 是在**机械**设备的背景下描述这个概念的。它只适用于某些软件，那些软件实际上隐性令用户建立模型。一个低交互的、非机械性的信息图形可以使用户和设计者免于在心理模型上的挣扎。
10,>,>
11,"> Navigation implies state. Software that can be navigated is software in which the user can get lost. The more navigation, the more corners to get stuck in. The more manipulable state, the more ways to wander into a “bad mode.” State is the primary reason people fear computers—stateful things can be *broken*. (Sidenote: The only state kept by a book is which page it is open to, which is why “getting lost in a book” describes a pleasurable experience!)",> 导航意味着状态。可以导航的软件会使用户迷路。导航越多，陷进去的角落就越多。可操纵的状态越多，进入「坏模式」的方式就越多。状态是人们害怕计算机的主要原因——有状态的东西可以被**破坏**。(注：一本书保持的唯一状态是它打开了哪一页，这就是为什么「迷失在一本书里」描述了一种愉悦的体验！）。
12,------,------
13,## References,## 参考文献
14,"Victor, B. (2006, March 15). Magic Ink: Information Software and the Graphical Interface. http://worrydream.com/MagicInk/","Victor, B. (2006, March 15). Magic Ink: Information Software and the Graphical Interface. http://worrydream.com/MagicInk/"
