﻿﻿0,# Literature notes are secondary and separate,# 文献笔记是次要的和分离的
1,[Literature notes are secondary and separate (andymatuschak.org)](https://notes.andymatuschak.org/z2Eg5jPPg8nBJWLGqJwNo5d15TAoEAXamYV7n),原文：[Literature notes are secondary and separate (andymatuschak.org)](https://notes.andymatuschak.org/z2Eg5jPPg8nBJWLGqJwNo5d15TAoEAXamYV7n)
2,Because [Evergreen notes should be concept-oriented](https://notes.andymatuschak.org/z6bci25mVUBNFdVWSrQNKr6u7AZ1jFzfTVbMF) reference-specific notes should be both brief and clearly separated from the note archive. They primarily exist to help you write durable notes.,根据[常青笔记应面向概念](https://notes.andymatuschak.org/z6bci25mVUBNFdVWSrQNKr6u7AZ1jFzfTVbMF)的说法，特定参考文献的笔记既要简短，又要与笔记档案明确分开，它们仅仅是为了帮助你写出持久笔记而存在。
3,"Literature notes are typically a lightweight synthesis of observations collected while reading (see [How to collect observations while reading](https://notes.andymatuschak.org/z71FeBJGqZdyA78UNTwXCWcMGUVCWk1XsLvPS)). We can keep a quick summary of the work and those observations around for later literature lookup, but the bulk of the value will already have been absorbed into our lasting notes (see [How to process reading annotations into evergreen notes](https://notes.andymatuschak.org/z2PJ51tCXuPFxnfFVUxxgwjvZ1geu4YnYm7hK)). The reference-specific notes are mostly useful for their links into those lasting notes ([Are literature notes necessary if we have automatic universal backlinks?](https://notes.andymatuschak.org/z5nyVpkrLxYNNfRcsFfLGyYoGEwvC5qaiFogQ)).",文献笔记通常是对阅读时收集的观察结果的轻量级综述（见[如何在阅读时整理所得](https://notes.andymatuschak.org/z71FeBJGqZdyA78UNTwXCWcMGUVCWk1XsLvPS)）。我们可以为以后的文献查询保留一个快速的工作总结、缓存这些观察结果，但是文献大部分的价值已经被我们的持久笔记吸收了（见[如何将阅读标注处理成常青笔记](https://notes.andymatuschak.org/z2PJ51tCXuPFxnfFVUxxgwjvZ1geu4YnYm7hK)）。具体的参考文献注释主要是为了链接到那些持久笔记中（[如果我们有自动的通用反向链接，文献笔记是否有必要？](https://notes.andymatuschak.org/z5nyVpkrLxYNNfRcsFfLGyYoGEwvC5qaiFogQ)）。
4,"There’s an important philosophical reason why we should keep these literature notes separate from our durable notes. The archive of lasting notes is the place where you [Do your own thinking](https://notes.andymatuschak.org/z4enRPbLXdD8X8hCfVjaRkcGkronvhcfrgSQw): you’ve interpreted others’ ideas into your own structure of knowledge. Direct quotes are fairly rare; durable notes are intentionally expressed in your own words. By contrast, literature notes are often mostly the author’s thoughts. They tend to lean on direct quotes, and even when our interpretation is offered, it’s in the context of the author’s ontology and claim system. [It’s hard to hear yourself think](https://notes.andymatuschak.org/z3ruCqbkUjU7U8MD5gaMjzmJV4GuENJ3ie1LP), so we should clearly separate the space where we do our own thinking from these more direct representations of others’ thoughts.",有一个重要的哲学原因，我们应该把这些文献笔记与我们的持久笔记分开。整理好的持久笔记是你[自主思考](https://notes.andymatuschak.org/z4enRPbLXdD8X8hCfVjaRkcGkronvhcfrgSQw)的地方：你把别人的想法解释成你自己的知识结构。我们应该很少去直接引用原文，持久笔记应该要有意地用你自己的话来重述。相比之下，文献笔记往往主要是记录原作者的想法，它们倾向于倚重直接引用的原文。即使我们附带上了一些自己的解释，也是在作者的本体和主张系统的上下文里解释。[听清自己的想法很难](https://notes.andymatuschak.org/z3ruCqbkUjU7U8MD5gaMjzmJV4GuENJ3ie1LP)，所以我们应该把我们自己的思考空间与这些更直接地表现他人思想的空间明确分开。
5,------,------
6,## References,## 参考文献
7,"Ahrens, Sönke. *How to Take Smart Notes: One Simple Technique to Boost Writing, Learning and Thinking – for Students, Academics and Nonfiction Book Writers*, 2017.","Ahrens, Sönke. *How to Take Smart Notes: One Simple Technique to Boost Writing, Learning and Thinking – for Students, Academics and Nonfiction Book Writers*, 2017."
8,"> You need to take some form of literature note that captures your understanding of the text, so you have something in front of your eyes while you are making the slip-box note. But don’t turn it into a project in itself. Literature notes are short and meant to help with writing slip-box notes. Everything else either helps to get to this point or is a distraction.",> 你需要采取某种形式的文献笔记来捕捉你对文本的理解，这样你在做卡片盒笔记的时候手边就会有一些可用的素材，但不要把记录文献笔记本身变成一个项目。文献笔记应该要很简短，而且存在目的仅是为了帮助写卡片盒笔记。其他的记录要么有助于达到这个目的，要么就是分散注意力。
9,"> Fleeting literature notes can make sense if you need an extra step to understand or grasp an idea, but they will not help you in the later stages of the writing process, as no underlined sentence will ever present itself when you need it in the development of an argument.",> 如果你需要额外步骤来理解或掌握想法，那么转瞬即逝的文献笔记是有意义的。但在写作过程的后期阶段，它们帮不到你，因为在论点的发展过程中，当你需要划线的句子时，它永远不会出现。
10,"Luhmann, N. (1992). Communicating with Slip Boxes. In A. Kieserling (Ed.), & M. Kuehn (Trans.), *Universität als Milieu: Kleine Schriften* (pp. 53–61). Retrieved from http://luhmann.surge.sh/communicating-with-slip-boxes","Luhmann, N. (1992). Communicating with Slip Boxes. In A. Kieserling (Ed.), & M. Kuehn (Trans.), *Universität als Milieu: Kleine Schriften* (pp. 53–61). Retrieved from http://luhmann.surge.sh/communicating-with-slip-boxes"
11,"> I always have a slip of paper at hand, on which I note down the ideas of certain pages. On the backside I write down the bibliographic details. After finishing the book I go through my notes and think how these notes might be relevant for already written notes in the slip-box. It means that I always read with an eye towards possible connections in the slip-box.",> 我手边总是有一张纸条，在正面记下对某些页面的想法，在背面我会写下书目细节。读完这本书后，我会翻阅我的笔记，并思考这些笔记可能与纸条盒中已经写好的笔记有什么关联。这意味着，我在阅读时总是注意到卡片盒中可能存在的联系。
