﻿﻿0,# Many people view memory as unimportant to deep creative work,# 许多人认为记忆对深刻的创造性工作不重要
1,[Many people view memory as unimportant to deep creative work (andymatuschak.org)](https://notes.andymatuschak.org/zD5zaKmvTFAAL3PTJGWzkAQr6CtoBCdoXBpM),原文：[Many people view memory as unimportant to deep creative work (andymatuschak.org)](https://notes.andymatuschak.org/zD5zaKmvTFAAL3PTJGWzkAQr6CtoBCdoXBpM)
2,"When telling others that [Spaced repetition memory systems make memory a choice](https://notes.andymatuschak.org/z4bR1HVvDUhMXDm5SJB4Tiw4xGbrm9AfXWgbc), people often react quite negatively: “What’s the point of memorizing all that stuff? Rote knowledge isn’t what matters: I want conceptual understanding, creativity, artistry, etc!”",当告诉别人[间隔重复记忆系统让记忆成为一种选择](https://notes.andymatuschak.org/z4bR1HVvDUhMXDm5SJB4Tiw4xGbrm9AfXWgbc)时，人们往往反应相当消极：「背诵知识有什么意义？死知识才不是关键。我想要得到概念性的理解、创造力、艺术性，诸如此类！」
3,"One response to this is to point out that in fact, [Spaced repetition memory systems can be used to develop conceptual understanding](https://notes.andymatuschak.org/z6UZP7P4sRNgRKSvNj7tMV5uW6dDhwwbdZCy9). But it’s also important to take seriously the claims against the value of memorization. Some responses there:",对此的一个回应是指出事实上[间隔重复记忆系统可以用来发展概念理解](https://notes.andymatuschak.org/z6UZP7P4sRNgRKSvNj7tMV5uW6dDhwwbdZCy9)。但记忆知识没有价值的说法也必须认真对待。在此我有些回应：
4,- [Basic cognitive tasks rely on memory](https://notes.andymatuschak.org/zDTbondrBtJa2zzsn5u896MKQkAEY5HbJqmG),- [基本认知任务依赖于记忆](https://notes.andymatuschak.org/zDTbondrBtJa2zzsn5u896MKQkAEY5HbJqmG)
5,- [Deep understanding requires detailed knowledge of fundamentals](https://notes.andymatuschak.org/zQiumA4k3SXo1GeRVJpsrVaBRETAoyYmSERS),- [深刻的理解要求细致掌握基础知识](https://notes.andymatuschak.org/zQiumA4k3SXo1GeRVJpsrVaBRETAoyYmSERS)
6,  - [Expertise requires building sophisticated chunk recoding schemes](https://notes.andymatuschak.org/z7s7zpUDq2EEXnu3XJQLmqjddZnwGkBfz5WWL),  - [专业水准需要建立复杂的组块重编码方案](https://notes.andymatuschak.org/z7s7zpUDq2EEXnu3XJQLmqjddZnwGkBfz5WWL)
7,  - [People underrate the importance of memory because of bad experiences with rote memorization in school](https://notes.andymatuschak.org/z5d7PMFhoTTpJfGAXms4H9gSBvUDRHb43pkfn),  - [人们在学校经受过死记硬背，因由这些负面经历而低估记忆的重要性](https://notes.andymatuschak.org/z5d7PMFhoTTpJfGAXms4H9gSBvUDRHb43pkfn)
8,- [Spaced repetition memory systems help you focus on deeper engagement by automating away rote memorization](https://notes.andymatuschak.org/z3hyucvGpCUB361PCegiHbX7FyFHcqZZF2pKK),- [间隔重复记忆系统让记忆更加自动化，从而有助于更深入的琢磨思考](https://notes.andymatuschak.org/z3hyucvGpCUB361PCegiHbX7FyFHcqZZF2pKK)
9,- [Spaced repetition memory systems can accelerate the unpleasant early stages of learning a subject](https://notes.andymatuschak.org/z36hoKonZMF93rY34goQhyFLfnTfHmSwBzNYs),- [间隔重复记忆系统可以使人更快地度过科目学习中不愉快的早期阶段](https://notes.andymatuschak.org/z36hoKonZMF93rY34goQhyFLfnTfHmSwBzNYs)
10,------,------
11,## References,## 参考文献
12,"Matuschak, A., & Nielsen, M. (2019, October 0). *How can we develop transformative tools for thought?* https://numinous.productions/ttft (see section “[How important is memory anyway?](https://numinous.productions/ttft/#how-important-is-memory)”)","Matuschak, A., & Nielsen, M. (2019, October 0). *How can we develop transformative tools for thought?* https://numinous.productions/ttft (see section “[How important is memory anyway?](https://numinous.productions/ttft/#how-important-is-memory)”)"
