﻿﻿0,# Many eminent thinkers need a writing surface to think,# 许多杰出的思想家需要借助书写来思考
1,[Many eminent thinkers need a writing surface to think (andymatuschak.org)](https://notes.andymatuschak.org/z5WDNZizsbAzE1p2BLwr339fV4TCpzNvaztP2),原文：[Many eminent thinkers need a writing surface to think (andymatuschak.org)](https://notes.andymatuschak.org/z5WDNZizsbAzE1p2BLwr339fV4TCpzNvaztP2)
2,"Many of the most effective people I know—alive and dead—seem unable to do serious thinking without a writing surface in front of them. It seems to extend cognition somehow: perhaps it effectively extends one’s [Span of working memory](https://notes.andymatuschak.org/z4omDTWHCLoqW7PLpN2tiW63QzoYN5tqxPT9B), or perhaps moving the fingers somehow contributes to the thinking.","我了解的很多高效能人士，无论古今，似乎都必须借助书写才能严肃思考。书写也许能够扩展人的[工作记忆广度](https://notes.andymatuschak.org/z4omDTWHCLoqW7PLpN2tiW63QzoYN5tqxPT9B),  或者说动手书写的行为，就会对思考有所帮助。"
3,"For instance, in an interview with Charles Weiner, Richard Feynman said that for him (1973) the paper’s not just a record of work done in his head:",例如， Charles Weiner 在一次采访中说道，「Richard Feyman 曾提及（1973），对他而言，书写不单只是记录大脑中的想法」：
4,> Weiner: (Referring to Feynman’s journals) And so this represents the record of the day-to-day work., > Weiner：（指 Feynman 发表的论文）所以这是对日常工作的记录。
5,> Feynman: I actually did the work on the paper.,> Feynman：我其实是在纸上完成这些工作的。
6,> Weiner: That s right. It wasn’t a record of what you had done but it is the work.,> Weiner : 是的，所以书写不单是对你工作的记录，书写就是工作本身。
7,> Feynman: It’s the doing it — it’s the scrap paper.,> Feynman：对的，我是这样做的——就是在这些草稿纸上。
8,"> Weiner: Well, the work was done in your head but the record of it is still here.",> Weiner：好的，虽说工作已经在你的大脑里完成了，但你还要有纸质记录。
9,"> Feynman: No, it’s not a record, not really, it’s working. You have to work on paper and this is the paper. OK?",> Feynman：不，这不单单是记录，这就是工作。我在纸上完成工作，而这就是那张纸。能理解吗？ 
10,"Grothendieck, an eminent 20th century mathematician, is said not to be able to think without writing (2007):",Grothendieck（2007）是一位 20 世纪伟大的数学家，他无法不借助书写来思考：
11,"> He was improvising, in his fast and elegant handwriting. He said that he couldn’t think without writing. I, myself, would find it more convenient first to close my eyes and think, or maybe just lie down, but he could not think this way, he had to take a sheet of paper, and he started writing. He wrote X → S, passing the pen several times on it, you see, until the characters and arrow became very thick. He somehow enjoyed the sight of these objects.",> 他在即兴创作，他写得很快，笔迹十分优雅。他说不书写他就无法思考。我自己觉得，闭上眼睛思考，或者躺下来思考，是更加方便的。但他不能这样思考，所以必须拿起一张纸写，他开始写了。他写下 X → S ，描了很多次，结果字符和尖头变得很粗很粗，他很享受观察这些笔记的过程。
12,------,------
13,## References,## 参考文献
14,"Feynman, R. (1973, February 4). [Interview by C. Weiner](https://notes.andymatuschak.org/z5WDNZizsbAzE1p2BLwr339fV4TCpzNvaztP2). Niels Bohr Library & Archives, American Institute of Physics. https://www.aip.org/history-programs/niels-bohr-library/oral-histories/5020-5","Feynman, R. (1973, February 4). [Interview by C. Weiner](https://notes.andymatuschak.org/z5WDNZizsbAzE1p2BLwr339fV4TCpzNvaztP2). Niels Bohr Library & Archives, American Institute of Physics. https://www.aip.org/history-programs/niels-bohr-library/oral-histories/5020-5"
15,"Illusie, L. (2007, January 30). *Reminiscences of Grothendieck and his School* (S. Bloch & V. Drinfled, Interviewers) [Personal communication](https://notes.andymatuschak.org/z5WDNZizsbAzE1p2BLwr339fV4TCpzNvaztP2).","Illusie, L. (2007, January 30). *Reminiscences of Grothendieck and his School* (S. Bloch & V. Drinfled, Interviewers) [Personal communication](https://notes.andymatuschak.org/z5WDNZizsbAzE1p2BLwr339fV4TCpzNvaztP2)."
16,"Correspondence with Stephen Malina, 2020-05-05. [Re: Question about a question](javascript:void(0))","Correspondence with Stephen Malina, 2020-05-05. [Re: Question about a question](javascript:void(0))"
