﻿﻿0,# Mass mediums mostly lack an authored time dimension beyond a day,# 大众媒介大多缺乏超过一天的创制时间维度
1,[Mass mediums mostly lack an authored time dimension beyond a day (andymatuschak.org)](https://notes.andymatuschak.org/z7JZswHPm99BbpTnb7NcP9Rnp8Bs6jsM3zjdv),原文：[Mass mediums mostly lack an authored time dimension beyond a day (andymatuschak.org)](https://notes.andymatuschak.org/z7JZswHPm99BbpTnb7NcP9Rnp8Bs6jsM3zjdv)
2,"Filmmakers, composers, and playwrights carefully author the time dimension of their work. A pregnant pause, a slow-burn conflict, and an accelerando feel the way they do because of how they’re experienced by viewers over time. Those mediums express a few hours’ evolving experience—but what about days, months, years? Cultural institutions often author their experiences over those time scales (e.g. multi-year religious coming-of-age rituals), but mass mediums rarely do. That’s an unfortunate limitation: mass mediums give authors enormous reach. (see also [Enacted experiences are hard to distribute](https://notes.andymatuschak.org/z2K87JksHrc9UDQR2PoTxXeRNdJA1Wo9N8Au2))",电影制作人、作曲家和剧作家，这类创作者会为他们的作品精心创制时间维度。停顿之所以饱含深意、冲突之所以慢热，渐速音之所以急促，是因为观众随着时间推移而逐步体验如此。这些媒介表达的体验在几个小时之内逐步发展——但几天、几个月、几年呢？文化机构经常在这些时间尺度上创制体验（例如多年的宗教成长仪式），但大众媒体很少这样做。这道限制是很不幸的：大众媒介赋予作者巨大的影响力。（参见[情景体验很难分发](https://notes.andymatuschak.org/z2K87JksHrc9UDQR2PoTxXeRNdJA1Wo9N8Au2)）
3,This prospect is what I’m calling [Timeful text](https://notes.andymatuschak.org/z73hGbYFm7bjV3yYwK29MvbBZEcwK6kWyduqV).,这个前景就是我所说的[穿越时间的文本](https://notes.andymatuschak.org/z73hGbYFm7bjV3yYwK29MvbBZEcwK6kWyduqV)。
4,"## Books have a longer time dimension, but it’s generally unauthored",## 书籍时间维度较长，但这一维度通常未经特意创制
5,"Books often take weeks or months to read. But books almost never have an *authored* time dimension like that of films or plays. The days, weeks, and months aren’t usually specified by the author in the way the minutes are by a filmmaker. Lots of ideas take time to sink in: [Spacing effect](https://notes.andymatuschak.org/z5oCe7JTrkYfmb6SHE4n5HxisE7PdwS6nmXEw) aside, people must engage with them on many occasions before their real meaning becomes clear.",读一本书往往要花上几周或几个月的时间。但书籍几乎从来没有像电影或戏剧那样有**创制**的时间维度。不像导演可以安排电影的特定内容在何时被观看，花在读书上的几天，几周，几月，通常不由作者安排。吸收大量想法需要时间：先不论[间隔效应](https://notes.andymatuschak.org/z5oCe7JTrkYfmb6SHE4n5HxisE7PdwS6nmXEw)的影响，一个想法只有在不同场景下都琢磨过，其真正含义才能变得明晰。
6,"Consider a real expert–apprentice relationship. The expert can introduce an idea, then observe it as it blooms in the apprentice over the ensuing weeks, perhaps referencing it a few times in various ways to nudge its evolution. Then after the apprentice has had enough time to thoroughly absorb the idea, the expert can introduce some consequence of that idea at a time when it’ll make the most impact. This isn’t just about the problems described in [Most explanatory media make participants run their own feedback loops](https://notes.andymatuschak.org/z6MLXiJ7vmVAxRxhanUJzDcBE6hhhV9oy6Ukc): the expert is curating the time component of the apprentice’s experience.",考虑一下现实中的专家-学徒关系。专家可以引入一个想法，之后在接下来的几周内，观察这一想法在学徒脑海中如何生根发芽。其间专家也许会把这个想法换些方法再提及几次，以调整学徒的思考进展。这样学徒有了足够的时间充分吸收这个想法，之后专家就可以介绍这个想法产生的影响，此时介绍便是效果最佳的。这不仅仅是关于[大多数解释性媒体让参与者运作自己的反馈循环](https://notes.andymatuschak.org/z6MLXiJ7vmVAxRxhanUJzDcBE6hhhV9oy6Ukc)中描述的问题：专家正是策划了学徒在时间上的体验。
7,"By contrast, if an author wants to introduce both an idea and some nuanced consequence of that idea, those points can only separated by pages in a book’s spine. Occasionally authors will write notes like “don’t read this chapter until…” but this approach is obviously quite limited.",相比之下，如果图书作者想介绍一个想法以及这个想法的一些微妙的结果，这些论点只能分隔在安插在书脊上的书页之间。偶尔，作者会写下「在......之前不要读这一章」这样的注释，但这种方法显然是相当受限的。
8,"## Cohorted MOOCs introduce a longer time dimension, but it’s largely unauthored",## 群组 MOOCs 引入了较长的时间维度，但这一维度基本上也是未经创制的
9,"Some MOOCs begin at specific times, collecting students into cohorts who move through the syllabus together. If the course includes collaborative learning components, the shared timelines may meaningfully affect students’ experiences. But as far as I’ve seen, MOOC designers aren’t carefully authoring how that experience unfolds over weeks and months: they convene a group of people, then have them do mostly-time-independent things together over some period of time.",一些 MOOC 在特定的时间开始，把学生分成若干组，每组一起完成教学大纲。如果课程包括协作学习的内容，共享的时间表可能会有意义地影响学生的体验。但是，就我所见，MOOC 的设计者并没有仔细创制体验在几周或几个月内展开的过程：他们召集了一群人，然后让他们在一段时间内一起做一些事情，这些事跟时间维度基本无关。
10,"MOOC instructional materials often “unlock” over time, but the material doesn’t meaningfully interact with that timeline. It’s generally more as if an author had written a complete book, but the publisher later decided to serialize it, mailing subscribers a chapter at a time for their convenience. Sure, there’s an experience over time—yet there’s no authorial intent. This arrangement leaves much on the table.",MOOC 的教学材料通常会随着时间的推移而「解锁」，但材料和这样的时间安排之间没有有意义的互动。一般来说，这种做法好比一位作者写了一本完整的书，但出版商后来决定将其连载，在用户方便的时候给他们邮寄一个章节。当然，时间上是有体验的，但缺乏作者的意图。这样的安排留下了很多隐患。
11,"### The Aro meditation course is written in a mass medium, has a multi-month authored time dimension",### 阿罗冥想课程是以大众媒体的形式写成的，有长达多月的创制时间维度
12,"By contrast, consider Rinpoche and [David Chapman](https://notes.andymatuschak.org/z29Uv6CnK2xSy3nivekQwMMXW2jwzd4yQWbN)’s [Aro meditation course](http://aromeditation.org/). It’s a sequence of 18+ emails, one automatically sent each week after you sign up. But the emails aren’t written like MOOC materials: the passing weeks are carefully woven into each letter. They spiral back, returning to earlier ideas as a refresher after a few weeks have passed. They intentionally leave space for concepts to sink in before returning several weeks later. They lean on the reader’s growing trust, which e.g. anyone still reading at the 3-month point must possess. This series of emails, simple as they are, feel like a much more profound evolution relative to books than MOOCs represent relative to traditional courses.",相比之下，考虑仁波切和 [David Chapman](https://notes.andymatuschak.org/z29Uv6CnK2xSy3nivekQwMMXW2jwzd4yQWbN) 的[阿罗冥想课程](http://aromeditation.org/)。这是由 18 封以上的电子邮件组成的序列，在你注册后每周自动发送一封。但这些邮件不像 MOOC 材料那样：过去几周的内容被精心编织在每封信中并呈螺旋式上升，在几周后回到早期的想法作为复习。他们有意为概念留下空间，以便在几周后再返回。他们依靠读者日益增长的信任，例如，任何在 3 个月后仍在阅读的人都必须拥有这种信任。这一系列的电子邮件，虽然简单，但相对于书本来说，感觉比 MOOCs 相对于传统课程的演变要深刻的多。
13,## Games often have a longer authored time dimension,## 游戏通常有一个较长的创制时间维度
14,"Games with high replay value are explicitly designed with second, minute, hour, day, and month+ timelines. Casual games like Bejeweled make sure that new players experience success instantly. They’ll evolve to a qualitatively different “level” of play at the hour scale. They’ll introduce a feeling of progression over multiple days to keep players coming back every day. And they’ll layer on rare collectibles, meta-games, and advanced goals to keep the experience unfolding over months.",一些值得反复游玩的游戏明确设计了秒、分、小时、日和月以上的时间轴。像宝石迷阵这样的休闲游戏确保新玩家能立即体验到成功。玩家的游戏「水平」会在数小时内发展到质变，而游戏将这种进步感持续带给玩家，让他们每天开启游戏。他们会在罕见的收藏品、元游戏和进阶目标上做文章，以维持将来几个月的游戏体验。
15,"Likewise, MOOGs like World of Warcraft carefully choreograph players’ incentives and environments to create a feeling of an ever-expanding horizon over many months. The design elements aren’t about a raw number of hours: they’re more about how the character of a play session changes from week to week.",同样地，像《魔兽世界》这样的 MOOG 精心编排了玩家的动机和环境，在长达数月的时间里，为玩家营造了视野不断开阔的感觉。游戏的设计不在于提升小时数，而在于每周之间，游戏体验的特色如何变化。
16,"Some single-player narrative games take 50-100 hours to complete, but these are treated much like films: the experience doesn’t meaningfully involve the fact that days or weeks might be passing for the player.",一些单人叙事游戏需要 50-100 小时才能完成，但这些游戏更像电影：其游戏体验的设计，并没有考虑到玩家游玩时会经历数周数日的时间。
17,Games are unusual in this regard: [Dynamic mediums usually lack an authored time dimension](https://notes.andymatuschak.org/z8aiVRywvJYDB9gvpCDxa4KUBcKr8R4geNAiJ).,游戏在这方面是不寻常的：[动态媒介通常缺乏创制时间维度](https://notes.andymatuschak.org/z8aiVRywvJYDB9gvpCDxa4KUBcKr8R4geNAiJ)。
18,------,------
19,Excitingly: [The mnemonic medium can be adapted to author an experience which unfolds over time](https://notes.andymatuschak.org/zvzwYeFU3Au4Ya2uVh2k3BUu8udZB7NSrAdL),振奋人心的是：[助记媒介可调整为将创制经验逐步展开的形式](https://notes.andymatuschak.org/zvzwYeFU3Au4Ya2uVh2k3BUu8udZB7NSrAdL)
