﻿﻿0,# Mass adoption of written media with novel cognitive supports requires mass adoption of reading on computers,# 普及具有新颖认知支持的文字媒体需要普及电子阅读
1,[Mass adoption of written media with novel cognitive supports requires mass adoption of reading on computers (andymatuschak.org)](https://notes.andymatuschak.org/z4ANG1DVEjkbEwkhbeKtMYRGYbHGUW3mcc9aA),原文：[Mass adoption of written media with novel cognitive supports requires mass adoption of reading on computers (andymatuschak.org)](https://notes.andymatuschak.org/z4ANG1DVEjkbEwkhbeKtMYRGYbHGUW3mcc9aA)
2,"Unfortunately, [Reading texts on computers is unpleasant](https://notes.andymatuschak.org/z7yjjydTNu3bujTeFc7Hey1iFbz513SnN6oss). Maybe that’s part of why [E-reading popularity sharply trails all book-reading](https://notes.andymatuschak.org/zzdVtwtw3NScf2xcUZk2agkRhaMKkt47VuL).",不幸的是，[在电脑上阅读文本令人不快](https://notes.andymatuschak.org/z7yjjydTNu3bujTeFc7Hey1iFbz513SnN6oss)。或许这也部分解释了为什么[电子阅读的流行程度远远落后于所有实体书阅读](https://notes.andymatuschak.org/zzdVtwtw3NScf2xcUZk2agkRhaMKkt47VuL)。
3,"There are challenges on the authoring side, too:",在创作方面也存在挑战：
4,- [Mass adoption of the mnemonic medium seems to require mass adoption of web publishing](https://notes.andymatuschak.org/zLbzDQF4MLSUEgDKu16i2h9q1ea8jC5crTV).,- [普及助记媒介似乎需要网页出版的普及](https://notes.andymatuschak.org/zLbzDQF4MLSUEgDKu16i2h9q1ea8jC5crTV)
5,- [Authors may make more from print sales (when also selling ebooks)](https://notes.andymatuschak.org/z21AqLend3rKZvTaemNFp1QDRAYQmTLVM4AC),- [作者可能会从纸质书销售中赚取更多收入（同时也销售电子书）](https://notes.andymatuschak.org/z21AqLend3rKZvTaemNFp1QDRAYQmTLVM4AC)
