﻿﻿0,# Mass mediums are typically bad at helping people translate ideas to practice,# 大众媒介通常不善于帮助人们落实想法
1,[Mass mediums are typically bad at helping people translate ideas to practice (andymatuschak.org)](https://notes.andymatuschak.org/zu8VWFVs7gxjMN75cfo1eNDmKnUBPtCzgAM),原文：[Mass mediums are typically bad at helping people translate ideas to practice (andymatuschak.org)](https://notes.andymatuschak.org/zu8VWFVs7gxjMN75cfo1eNDmKnUBPtCzgAM)
2,"Books, videos, and other typical mass media are not themselves examples of a [Participatory environment](https://notes.andymatuschak.org/z63gaUtZqb9mMUKRf85UhtEFPMgBBJbqvT2r8), but they also usually don’t do a good job of facilitating external participation, outside the context of those media. This is another way of saying that they usually fail to create an [Enabling environment](https://notes.andymatuschak.org/z3DaBP4vN1dutjUgrk3jbEeNxScccvDCxDgXe).",书籍、录像和其他典型大众媒体本身并不是[参与性环境](https://notes.andymatuschak.org/z63gaUtZqb9mMUKRf85UhtEFPMgBBJbqvT2r8)，脱离了其自身提供的语境，它们一般都不能很好地促进外部性参与。也就是说，它们通常不能创造一个[赋能环境](https://notes.andymatuschak.org/z3DaBP4vN1dutjUgrk3jbEeNxScccvDCxDgXe)。
3,There’s an important disconnect between the experience of consuming the informational media and the experience of *doing* something with it. This is partially a temporal issue: the material needs to transcend the confined time period in which you read it ([Mass mediums mostly lack an authored time dimension beyond a day](https://notes.andymatuschak.org/z7JZswHPm99BbpTnb7NcP9Rnp8Bs6jsM3zjdv)). But there’s also a context issue here.,阅读信息媒介的经验，与将其付诸实践的经验，两者之间存在重大脱节。这种脱节部分上是时间层面的问题：想要利用材料，你需要花费的时间应超过仅仅阅读（[大众媒体大多缺乏超过一天的自创时间维度](https://notes.andymatuschak.org/z7JZswHPm99BbpTnb7NcP9Rnp8Bs6jsM3zjdv)）。但情境问题也是一方面。
4,[MOOC](https://notes.andymatuschak.org/z2F3NLudCKZWYq2crjEbGDuYRy7DA7dcsjAG)s attempt to solve this but largely fail. It’s worth reflecting more on why.,[MOOC](https://notes.andymatuschak.org/z2F3NLudCKZWYq2crjEbGDuYRy7DA7dcsjAG)试图解决这个问题，但基本上失败了。这值得我们更多地反思一下原因。
5,One potential solution is [Enacted experiences have incredible potential as a mass medium](https://notes.andymatuschak.org/z6oXuXLZ7Wq1eBqskyfph2wz9gjohQUKSBFzx). There are probably others.,一个潜在的解决方案是[情景体验作为一种大众媒介具有难以置信的潜力](https://notes.andymatuschak.org/z6oXuXLZ7Wq1eBqskyfph2wz9gjohQUKSBFzx)。可能也有其他方案。
6,------,------
7,## References,## 参考文献
8,Elizier Yudkowsky’s preface to Rationality A-Z: https://www.lesswrong.com/rationality/preface,Elizier Yudkowsky 为《理性：从人工智能到僵尸》所作的序言：https://www.lesswrong.com/rationality/preface
9,"> …the first -largest mistake in my writing … was that I didn’t realize that the big problem in learning this valuable way of thinking was figuring out how to practice it, not knowing the theory. I didn’t realize that part was the priority; and regarding this I can only say “Oops” and “Duh.”",> 我写作中的第一个最大错误是——我没有意识到「弄清楚如何实践而不是知道理论」是学习这种有价值的思维方式的最大问题。我不知道到实践是重点，关于它我只能说「呀」和「嘿」。
10,Q. What does Elizier Yudkowsky regard as the largest mistake he made when blogging on Less Wrong?,问：Elizier Yudkowsky 认为他在 Less Wrong 的博客犯的最大错误是什么？
11,A. Focusing on theory instead of practice.,答：专注于理论而不是实践。
