﻿﻿0,# Memory augmentation may make it easier to learn complex topics by decreasing working memory load
1,[Memory augmentation may make it easier to learn complex topics by decreasing working memory load (andymatuschak.org)](https://notes.andymatuschak.org/zcMJ4k48No78VtNvB6mMAUBrLhvtfjfLKwf)
2,"[Complex ideas may be hard to learn in part because their components overflow working memory](https://notes.andymatuschak.org/z6eTZz16YRGs2PyWyc3qe1B9oJ7swmnCU54hZ). Given that [Spaced repetition memory systems make memory a choice](https://notes.andymatuschak.org/z4bR1HVvDUhMXDm5SJB4Tiw4xGbrm9AfXWgbc), memory augmentation may be one interesting solution."
3,Related:
4,"- The same notion, from a more emotional perspective: [Spaced repetition memory systems can accelerate the unpleasant early stages of learning a subject](https://notes.andymatuschak.org/z36hoKonZMF93rY34goQhyFLfnTfHmSwBzNYs)"
5,"- A related claim, specifically about deep expertise: [Deep understanding requires detailed knowledge of fundamentals](https://notes.andymatuschak.org/zQiumA4k3SXo1GeRVJpsrVaBRETAoyYmSERS)"
6,- A possible part of an underlying mechanism here: [Learning increasingly complex ideas may amount to forming larger effective chunk sizes](https://notes.andymatuschak.org/z8VFVdTR19snWjFMxnyNabBCbmeoWrQ287TdT)
7,"- [Cognitive load theory](https://notes.andymatuschak.org/z2ZPyZAn4uDnbKyPiuUZXxr1qoq7zDs1ELBr) makes more general predictions about learning being more difficult in these contexts, beyond memory limitations"
8,- Another possible mechanism: [Forward testing effect](https://notes.andymatuschak.org/z2Dataoh9dKKp2UDNv83RJPerDQrBpXnFmhw)
9,## References
10,"Matuschak, A., & Nielsen, M. (2019). How can we develop transformative tools for thought? Retrieved December 2, 2019, from https://numinous.productions/ttft"
11,"> What makes these subjects difficult? In fact, individually many of the underlying ideas are not too complicated for people with a technical background. But the ideas come in an overwhelming number, a tsunami of unfamiliar concepts and notation. People must learn in rapid succession of qubits, the bra-ket notation, Hadamard gates, controlled-not gates, and many, many other abstract, unfamiliar notions. They’re imbibing an entire new language. Even if they can follow at first, understanding later ideas requires fluency with all the earlier ideas. It’s overwhelming and eventually disheartening."
12,"[Agarwal, P. K., Finley, J. R., Rose, N. S., & Roediger, H. L. (2017). Benefits from retrieval practice are greater for students with lower working memory capacity. Memory, 25(6), 764–771](https://notes.andymatuschak.org/zzMEU9RPxiUcFgSNZcXKyztTgXeYuW9itC)"
13,"- Students with low working memory produced a slightly larger retrieval practice effect (with feedback, two days later)."
