﻿﻿0,# Most people read ineffectively,# 多数人的阅读成效不大
1,[Most people read ineffectively (andymatuschak.org)](https://notes.andymatuschak.org/z432siNjuY9G8bTsnSugyHPB1YoZWgup6eMB3),原文：[Most people read ineffectively (andymatuschak.org)](https://notes.andymatuschak.org/z432siNjuY9G8bTsnSugyHPB1YoZWgup6eMB3)
2,"- [Knowledge work should accrete](https://notes.andymatuschak.org/z6UDDkom8Aifg6mLdjT1sPtbMBweCmpyTwmJT), but most reading does not",- [知识工作应能聚沙成塔](https://notes.andymatuschak.org/z6UDDkom8Aifg6mLdjT1sPtbMBweCmpyTwmJT)，但阅读的时候，绝大多数成果都不能积累下来
3,"  - [People seem to forget most of what they read, and they mostly don’t notice](https://notes.andymatuschak.org/z3d6dFhTA5zTmykZ3zh4Y2vCw3aVbUxRiQQcc)",  - [人们似乎忘记了他们所读的大部分内容，而且他们大多没有注意到这一点](https://notes.andymatuschak.org/z3d6dFhTA5zTmykZ3zh4Y2vCw3aVbUxRiQQcc)
4,"  - [Evergreen note-writing helps reading efforts accumulate](https://notes.andymatuschak.org/z6M8kex6kDF2FT6MWqAMDQddsqUr8sphLmyy1), but most people don’t do this",    - [常青笔记有助于积累阅读成果](https://notes.andymatuschak.org/z6M8kex6kDF2FT6MWqAMDQddsqUr8sphLmyy1)，但大多数人没有做常青笔记的习惯
5,"    - Of those that do, [Note-writing practices are generally ineffective](https://notes.andymatuschak.org/z8V2q398qu89vdJ73N2BEYCgevMqux3yxQUAC)",    - 即使对于做常青笔记的人来说，[笔记写作实践大多是无效的](https://notes.andymatuschak.org/z8V2q398qu89vdJ73N2BEYCgevMqux3yxQUAC)
6,    - However! [The most effective readers and thinkers I know don’t take notes when reading](https://notes.andymatuschak.org/z6GNVv6RyFDewy11ZgXzce8agWxSLwJ6Ub5Rw),    - 然而！[我所认识的高效阅读者和思想家在阅读时不做笔记](https://notes.andymatuschak.org/z6GNVv6RyFDewy11ZgXzce8agWxSLwJ6Ub5Rw)
7,"- [Skillful reading is generally non-linear](https://notes.andymatuschak.org/z3S7mmbydSX5Kx3V8mvkWLBcRGCgtroaY8XPz), but most people read linearly",- [熟练的阅读一般都是非线性的](https://notes.andymatuschak.org/z3S7mmbydSX5Kx3V8mvkWLBcRGCgtroaY8XPz)，但大多数人的阅读过程是线性的
8,------,------
9,## References,## 参考文献
10,"Matuschak, A. (2019 0). *Why books don’t work*. https://andymatuschak.org/books","Matuschak, A. (2019 0). *Why books don’t work*. https://andymatuschak.org/books"
