﻿﻿0,# Most people use notes as a bucket for storage or scratch thoughts,# 大多数人把笔记当作一个存放想法、给想法打草稿的容器
1,[Most people use notes as a bucket for storage or scratch thoughts (andymatuschak.org)](https://notes.andymatuschak.org/z5nw1rPzimCJYyMknDujwvP344Hv3ixCZRZV2),原文：[Most people use notes as a bucket for storage or scratch thoughts (andymatuschak.org)](https://notes.andymatuschak.org/z5nw1rPzimCJYyMknDujwvP344Hv3ixCZRZV2)
2,"People don’t want to forget an idea or a conversation or a task or quote from a book, so they write it down in Evernote or something. What’s the purpose? Probably: “To make sure I don’t forget."" Maybe: “Just writing it down helps me remember.”",很多人为不忘记某个想法，一次对话，一项任务，或者，便将其记在印象笔记之类的地方。至于其目的？可能是：「这样就不会忘记」。也许「写下来有助于记忆。」
3,"In this conception, notes are a way to [Close open loops](https://notes.andymatuschak.org/z8d4eJNaKrVDGTFpqRnQUPRkexB7K6XbcffAV), not to accumulate insight. The “real” work happens outside the notes; the notes are just a reference system which stores information which might help, or a write-once pile of “messy” thoughts (Khoe).",这样的观点中，笔记是为了[闭合开环](https://notes.andymatuschak.org/z8d4eJNaKrVDGTFpqRnQUPRkexB7K6XbcffAV)，而不是为了积累洞察。实在的思考发生在笔记之外；笔记只是参考系统，里面储存了可能有帮助的信息，或是一次性写就的杂乱想法（Khoe）。
4,"These are not [Evergreen notes](https://notes.andymatuschak.org/z4SDCZQeRo4xFEQ8H4qrSqd68ucpgE6LU155C). Most “storage-oriented” notes will never be useful again ([Most people take only transient notes](https://notes.andymatuschak.org/z2ZAGQBHuJ2u9WrtAQHAEHcCZTtqpsGkAsrD1)). More importantly, this framing misses that it’s possible for note-writing to *be* the “real” work ([Evergreen note-writing as fundamental unit of knowledge work](https://notes.andymatuschak.org/z3SjnvsB5aR2ddsycyXofbYR7fCxo7RmKW2be)).",这些都不是[常青笔记](https://notes.andymatuschak.org/z4SDCZQeRo4xFEQ8H4qrSqd68ucpgE6LU155C)。大部分「面向存储」的笔记之后很难派上用场（[大多数人只写临时的笔记](https://notes.andymatuschak.org/z2ZAGQBHuJ2u9WrtAQHAEHcCZTtqpsGkAsrD1)）。更重要的是，这样的思考方式下，人们意识不到笔记写作可能是思考创意 **本身**（[常青笔记是知识工作的基本单位](https://notes.andymatuschak.org/z3SjnvsB5aR2ddsycyXofbYR7fCxo7RmKW2be））。
5,------,------
6,## References,## 参考文献
7,"Khoe, M.-L. (2016, December 21). Messy thought, neat thought. Retrieved September 17, 2019, from Khan Academy Early Product Development website: https://klr.tumblr.com/post/154784481858/messy-thought-neat-thought","Khoe, M.-L. (2016, December 21). Messy thought, neat thought. Retrieved September 17, 2019, from Khan Academy Early Product Development website: https://klr.tumblr.com/post/154784481858/messy-thought-neat-thought"
