﻿﻿0,# Most explanatory media place heavy metacognitive demands on participants,# 大多数解释型媒体对参与者提出了沉重的元认知要求
1,[Most explanatory media place heavy metacognitive demands on participants (andymatuschak.org)](https://notes.andymatuschak.org/z2T1wfESQC8moFh2Er4pHkHxkm3SoSzVvBsEo),原文：[Most explanatory media place heavy metacognitive demands on participants (andymatuschak.org)](https://notes.andymatuschak.org/z2T1wfESQC8moFh2Er4pHkHxkm3SoSzVvBsEo)
2,"[Learning requires metacognition](https://notes.andymatuschak.org/z7J71kWtJfZrdWHevwTbq6ih3G1YAvRbmXa63). When learning something new from a text, readers must constantly ask themselves: did I understand that? what questions can I ask myself to check my understanding? should I reread that passage? should I consult a reference for background on that? etc.",[学习需要元认知](https://notes.andymatuschak.org/z7J71kWtJfZrdWHevwTbq6ih3G1YAvRbmXa63)。当读者从文本中学习新东西时，他必须不断询问自己：我理解了吗？ 我可以问自己什么问题来检查我的理解？我是不是应该重读一遍文章？我是不是应该看看参考了解背景？等等
3,"In other words, readers have to run their own feedback loops. When readers are focused on challenging object-level material, they may not be able to effectively perform this kind of metacognition; conversely, too much effort spent on evaluation, planning, and executive control may make it difficult to engage with difficult object-level material.",换句话说，读者必须运行自己的反馈回路。当读者专注于具有挑战性的表层的材料时，他们可能无法有效地进行这种元认知；反之，在评估、计划和执行控制上花费太多的精力可能会使他们难以处理困难的表层的材料。
4,"The situation is perhaps slightly worse in video formats. In books, readers are in complete control of the pace, but in videos, there’s a default pace, and viewers must actively decide to subvert it.",在视频格式中，情况可能稍微糟糕。在书籍中，读者对节奏有完全的掌控，但视频有默认的节奏，而观众必须主动去逆反这一节奏。
5,"My theory as to why this is true: [Metacognitive supports require dynamic, participatory environments](https://notes.andymatuschak.org/z6sGtFW1yd4qgcxkLQsEBEJWxLKmBdjMQzKfa).",对于为什么会这样，我的理论是：[元认知支持需要动态的、参与性的环境](https://notes.andymatuschak.org/z6sGtFW1yd4qgcxkLQsEBEJWxLKmBdjMQzKfa)。
6,------,------
7,## References,## 参考文献
8,"Matuschak, A. (2019). Why books don’t work. Retrieved from https://andymatuschak.org/books","Matuschak, A. (2019). Why books don’t work. Retrieved from https://andymatuschak.org/books"
