﻿﻿0,# My daily routine,# 我的日程安排
1,[My daily routine (andymatuschak.org)](https://notes.andymatuschak.org/z3x7AvJgYzmgEY4kcKdSY2aYxdqWYpTyPqRs8),原文：[My daily routine (andymatuschak.org)](https://notes.andymatuschak.org/z3x7AvJgYzmgEY4kcKdSY2aYxdqWYpTyPqRs8)
2,"Ever since I began working independently from home in early 2019, I’ve found it very helpful to have a routine to guide me. When my days don’t go well, it’s often because something derailed me in the morning, and I never really got back on track. [The high-order bit for my productivity is whether I complete a deeply-focused morning creative block](https://notes.andymatuschak.org/zR9LxW1N893EXwQ3Fma1Gz4xPa1tF2Zd6zZ).",自从我在 2019 年初开始在家独立工作以来，我发现有一个日程安排来指导我是非常有帮助的。当我的日子不顺利的时候，往往是因为早上有什么事情让我脱轨，而我从来没有真正回到正轨。[对我的生产力来说，最重要的是我是否完成了一个深度聚焦的早晨创作区](https://notes.andymatuschak.org/zR9LxW1N893EXwQ3Fma1Gz4xPa1tF2Zd6zZ)。
3,This has been my morning routine since mid-2019:,自 2019 年年中以来，这一直是我的晨间日程：
4,- Pre-desk,- 上桌之前
5,  - Wake (around 6:30),  - 醒来（6:30 左右）
6,  - Body-weight exercises,  - 自重锻炼
7,  - Shower,  - 淋浴
8,"  - Walk, train, and feed my dog",  - 遛狗、训狗和喂狗
9,  - Meditate,  - 冥想
10,  - Make small coffee (10g / 150mL),  - 煮一小杯咖啡（10g / 150mL）
11,- First morning block (~7:30 – 10),- 上午第一节 (~7:30 – 10)
12,"  - Start a [Daily working log](https://notes.andymatuschak.org/z28QkpK3vRKQTacjFDfGYBhCXHqHuVWJzny9), write for a minute or so about how I’m feeling and my intentions for the day",  - 开始做[每日工作日志](https://notes.andymatuschak.org/z28QkpK3vRKQTacjFDfGYBhCXHqHuVWJzny9)，用一分钟左右的时间写下我的感受和我一天的打算。
13,  - Do,  - 做
14,    My morning writing practice,    [我的晨间写作练习](https://notes.andymatuschak.org/zVFGpprS64TzmKGNzGxq9FiCDnAnCPwRU5T)
15,"    , usually until around 10:00",    ，通常到 10:00 左右
16,"    - I alternate between 35 minute periods of focused unitasking and 5 minute breaks, during which I walk around the house and pick up, do mise en place for dinner, etc.",    - 我交替使用 35 分钟的集中处理单元任务时间和 5 分钟的休息时间，在此期间，我在家里走来走去，捡东西，为晚餐做准备工作，等等。
17,  - Make small coffee (10g / 150 mL),  - 煮一小杯咖啡（10g / 150mL）
18,"I don’t let myself use the internet before this point in my day. It scatters my attention, but more importantly, I find that filling my head with others’ voices exacerbates [It’s hard to hear yourself think](https://notes.andymatuschak.org/z3ruCqbkUjU7U8MD5gaMjzmJV4GuENJ3ie1LP).",在每天的这个时间点之前，我不会让自己使用互联网。它分散了我的注意力，但更重要的是，我发现让我的脑子里充满别人的声音会加剧[很难听到自己的想法](https://notes.andymatuschak.org/z3ruCqbkUjU7U8MD5gaMjzmJV4GuENJ3ie1LP)。
19,"On weekends, I usually stop adhering to routine at this point. On weekdays, my activities are less consistent from here, but the time structure is regular:",在周末，我通常在这一点上不再坚持常规。在工作日，我的活动从这里开始就不太一致，但时间结构是有规律的：
20,- Second morning working block (~10 – noon),- 第二个上午的工作区（~10 – 中午）
21,  - I eat lunch at my desk around 11:30. It’s usually [Quiche](https://notes.andymatuschak.org/z5efx2iNLSB8antyDHfU74Xk3x7voSXk9tuec).,  - 我在 11:30 左右在我的办公桌上吃午餐。通常是[乳蛋饼](https://notes.andymatuschak.org/z5efx2iNLSB8antyDHfU74Xk3x7voSXk9tuec)。
22,- Mid-day break: dog park or long walk with Shabu (~noon – 1),- 中午休息：与 Shabu （我的宠物狗）去狗狗公园或一起长时间散步（~中午 – 1点）
23,- Third working block (~1 – 4),- 第三个工作区块（~1 – 4）
24,"  - This is often my very execution-oriented working block. I find that my creative focus is sharper in the morning, and in the afternoon I mostly want to knock out tasks.",  - 这往往是我非常注重执行的工作区块。我发现我的创意焦点在上午比较敏锐，而在下午我主要是想把任务完成。
25,- Late afternoon:,- 傍晚：
26,"  - Around 4:00, I’ll meet up with collaborators or do administrative work. I’m usually pretty fried at this point.",  - 4 点左右，我将与合作者见面或做行政工作。这时我通常会很疲惫。
27,"  - If I have meetings, they usually start at 5:00, and they’re usually walking meetings. I very rarely take meetings before 4:00.",  - 如果我有会议，它们通常在 5 点开始，而且通常是散步会议。我很少在 4 点之前参加会议。
28,- Evening:,- 晚上：
29,  - I cook dinner every weeknight around 6.,  - 我每个周末晚上都会在 6 点左右做晚餐。
30,    - I try to have friends over for dinner at least one night a week.,    - 我尝试每周至少有一个晚上请朋友来吃饭。
31,"  - After that, it’s usually reading, piano practice, and time with Sara until bedtime at 10.",  - 之后，通常是阅读、钢琴练习和与 Sara 在一起的时间，直到 10 点睡觉。
