﻿﻿0,# My morning writing practice,# 我的晨间写作
1,[My morning writing practice (andymatuschak.org)](https://notes.andymatuschak.org/zVFGpprS64TzmKGNzGxq9FiCDnAnCPwRU5T),原文：[My morning writing practice (andymatuschak.org)](https://notes.andymatuschak.org/zVFGpprS64TzmKGNzGxq9FiCDnAnCPwRU5T)
2,"After the pre-desk elements of [My daily routine](https://notes.andymatuschak.org/z3x7AvJgYzmgEY4kcKdSY2aYxdqWYpTyPqRs8), I begin my first serious creative work of the day: at least two hours writing and revising [Evergreen notes](https://notes.andymatuschak.org/z4SDCZQeRo4xFEQ8H4qrSqd68ucpgE6LU155C). This is typically the most challenging work I do all day, so I like to do it when I have the most clarity and focus. It’s not for “note-taking” in a traditional sense—writing down other people’s ideas, or recording things that happened—it’s for developing ideas. (i.e. [Most people use notes as a bucket for storage or scratch thoughts](https://notes.andymatuschak.org/z5nw1rPzimCJYyMknDujwvP344Hv3ixCZRZV2) vs. [Evergreen note-writing helps insight accumulate](https://notes.andymatuschak.org/z6cFzJWgj9vZpnrQsjrZ8yCNREzCTgyFeVZTb))",[我的日常惯例](https://notes.andymatuschak.org/z3x7AvJgYzmgEY4kcKdSY2aYxdqWYpTyPqRs8)中，前置活动完成后，我就开始当天第一项严肃创意工作：两个小时的写作、修改[常青笔记](https://notes.andymatuschak.org/z4SDCZQeRo4xFEQ8H4qrSqd68ucpgE6LU155C)。这通常是我一天中最有挑战的工作，所以我喜欢挑我思绪清晰，足够专注的时候做完成件事。写常青笔记不是传统意义上的「记笔记」——写下别人的想法，或记录发生的事情，其目的是完善想法。(即[大多数人把笔记当作存放想法、给想法打草稿的容器](https://notes.andymatuschak.org/z5nw1rPzimCJYyMknDujwvP344Hv3ixCZRZV2)，对比 [常青的笔记写作有助于积累洞察力](https://notes.andymatuschak.org/z6cFzJWgj9vZpnrQsjrZ8yCNREzCTgyFeVZTb))
3,"I usually begin by opening my writing inbox ([A writing inbox for transient and incomplete notes](https://notes.andymatuschak.org/z5aJUJcSbxuQxzHr2YvaY4cX5TuvLQT7r27Dz)) and flipping through those prompts and incomplete notes. If any strike me, I’ll draft [Evergreen notes](https://notes.andymatuschak.org/z4SDCZQeRo4xFEQ8H4qrSqd68ucpgE6LU155C) about them. This may happen over multiple days: I may flesh out a note considerably, then run out of steam and leave it in my inbox to finish another day.",我通常先开启写作收件箱（[为临时和不完整的笔记准备的写作收件箱](https://notes.andymatuschak.org/z5aJUJcSbxuQxzHr2YvaY4cX5TuvLQT7r27Dz)），翻阅收件箱中的提示和不完整的笔记。如果有什么内容激发了我的想法，我便就此起草[常青笔记](https://notes.andymatuschak.org/z4SDCZQeRo4xFEQ8H4qrSqd68ucpgE6LU155C)。书写笔记的跨度可能不止一天：我可能把笔记大大充实一番，直到我筋疲力尽，便将笔记存在收件箱里，改天再完成。
4,"If my inbox is relatively low, I’ll get out my memo pad ([Pocket memo pad to capture into writing inbox while out](https://notes.andymatuschak.org/z5FKgZAnMhS73t9kenbVUYx23CHSQAE1gKxVf)) and fill my inbox with those notes. I don’t force it: if none of the prompts seem interesting, I’ll archive the ones which seem most boring and move on.",如果收件箱东西较少，我会拿出便笺（[用口袋便笺将外出时的收获捕捉到写作收件箱](https://notes.andymatuschak.org/z5FKgZAnMhS73t9kenbVUYx23CHSQAE1gKxVf)），用其中内容填满收件箱。我不会强制把便笺内容全都填进去：如果便笺里什么提示都没意思，我就把最无聊的卡片归档，然后开始下一步。
5,"After working through my writing inbox, I’ll focus my attention on my primary creative projects and ask myself prompts like:",在处理完写作收件箱后，我会专注于各项主要创作项目，并问自己这样的问题：
6,- what are the most important unknowns for this project?,- 这个项目的未知信息中什么信息最重要？
7,- what new ideas am I excited about?,- 有哪些新想法令我兴奋？
8,- what are the most interesting things I know about this project?,- 这个项目中，我所知道的最有趣的事情是什么？
9,"For these prompts, I’ll use my [Daily working log](https://notes.andymatuschak.org/z28QkpK3vRKQTacjFDfGYBhCXHqHuVWJzny9) as a scratch space, splatting a dozen or so one-liners into a haphazard bulleted list. After emptying my head, I’ll write about any that seem interesting. Usually that leads to rabbit holes which consume the rest of the session. I’ll add promising stragglers to my writing inbox for future days.",对于这些卡片，我会在我[每日工作日志](https://notes.andymatuschak.org/z28QkpK3vRKQTacjFDfGYBhCXHqHuVWJzny9)里打草稿，把十几条单行笔记凑出一个无序清单。这样清空头脑后，我围绕其中似乎有意思的部分着手写作。这时候，我通常在给自己挖坑，结果用光了剩余时间。如果来不及的那些看起来挺有意义，我就添加到写作收件箱中，好在以后处理。
10,"If those prompts don’t feel fruitful, I’ll use the time to [Write about what you read to internalize texts deeply](https://notes.andymatuschak.org/zg3fYweZpbHeBTpcYke5mF4ZfrJutYcQEtFo). I’ve usually got a backlog of books and articles I’ve read but for which I haven’t yet written [Evergreen notes](https://notes.andymatuschak.org/z4SDCZQeRo4xFEQ8H4qrSqd68ucpgE6LU155C). If the prompts don’t feel fruitful for several days in a row, that’s a sign that I need to shake things up: my inputs aren’t high-variance enough, or I’m not giving myself the right kind of creative space, or I may need to re-evaluate my projects. My writing inbox should always feel like a cornucopia.",如果这些提问感觉没有成果，我会利用这段时间[围绕所读内容写笔记，以求深刻内化文本](https://notes.andymatuschak.org/zg3fYweZpbHeBTpcYke5mF4ZfrJutYcQEtFo)。我通常会积压一些我已经读过但还没有写过的书籍和文章相关的[常青笔记](https://notes.andymatuschak.org/z4SDCZQeRo4xFEQ8H4qrSqd68ucpgE6LU155C)。如果连续几天的提问都不觉得有成果，那就说明我需要略施改变：我的信息输入不够丰富多彩，或者我没有给自己营造合适的创作空间，或者我可能需要重新评估我的项目。我的写作收件箱应该总是感觉像一个丰收的宝库。
11,"I take 5-minute breaks to get up and move around every 35 minutes, but even with those breaks, I usually can’t continue this practice much longer than two hours. Sometimes I can do another session later in the day.",我每隔 35 分钟就休息 5 分钟，站起来活动一下，但即使有这些休息时间，我通常也无法持续处理常青笔记超过两个小时。有时我可以在一天的晚些时候再处理一次。
