﻿﻿0,"# Nielsen, M. A. (2004). Principles of effective research (Technical Note No. 0404). The University of Queensland.","# Nielsen, M. A. (2004). 有效研究的原则（第 0404 则技术笔记）昆士兰大学"
1,"[Nielsen, M. A. (2004). Principles of effective research (Technical Note No. 0404). The University of Queensland. (andymatuschak.org)](https://notes.andymatuschak.org/z2Zh745BsDC3CbVwCbm2aRvaVfqBR6KUpxXE)","原文：[Nielsen, M. A. (2004). Principles of effective research (Technical Note No. 0404). The University of Queensland. (andymatuschak.org)](https://notes.andymatuschak.org/z2Zh745BsDC3CbVwCbm2aRvaVfqBR6KUpxXE)"
2,"Notes from [Michael Nielsen](https://notes.andymatuschak.org/zgiX4jSevUQ5QWQf6XY3Y2XooSpkTJFP9VA) to himself on effective research practices, written while he was researching quantum computing.",来源： [Michael Nielsen](https://notes.andymatuschak.org/zgiX4jSevUQ5QWQf6XY3Y2XooSpkTJFP9VA) 在研究量子计算时，为自己写了这则关于有效研究实践的笔记。
3,- [Proactivity and personal responsibility](https://notes.andymatuschak.org/zefns4J1r2iu6HTm3U1Wt4uHxN9Va8yCcUm),- [主动性与个人责任感](https://notes.andymatuschak.org/zefns4J1r2iu6HTm3U1Wt4uHxN9Va8yCcUm)
4,- [A strong vision enables great creative work](https://notes.andymatuschak.org/z2mMMszAvgRMgzoFtKHEhnCka5zwrXZbKrma),- [强大的愿景是伟大创造性作品的先决条件](https://notes.andymatuschak.org/z2mMMszAvgRMgzoFtKHEhnCka5zwrXZbKrma)
5,"- Self-development (very Atomic Habits-esque, years in advance of course):",- 自我发展（非常类似于《原子习惯》，当然是比原子习惯提前几年）：
6,  - Form a clear picture of how you want to behave and what habits you want to have,  - 对于你对自己行为的期望，以及你想要形成的习惯，具备清晰的认识
7,"  - Set small, measurable goals relative to that picture",  - 根据这个认识，设定小而可衡量的目标
8,  - Evaluate and reflect,  - 评估和反思
9,- Becoming a problem-creator,- 成为问题创造者
10,  - Develop a taste for what’s important,  - 培养识别重要事物的敏感度
11,"    - What makes for great science? What makes some fields fail? What have the most important developments been? What hyped ideas didn’t pan out, and why?",    - 是什么造就了伟大的科学领域？是什么让一些领域衰败没落？某个领域目前最重要的进展是什么？哪些被吹捧一时的想法最终没有成功，为什么？
12,- [Talks and classes provide pressure and emotional fuel for understanding](https://notes.andymatuschak.org/z89YENG1wKd8FKzc8JSF9HMJc2qE39n2S4pL5),- [讲座和课堂为理解提供压力与情感动力](https://notes.andymatuschak.org/z89YENG1wKd8FKzc8JSF9HMJc2qE39n2S4pL5)
13,------,------
14,"Aristotle: “We are what {we repeatedly do}. {Excellence}, then, {is not an act but a habit}.”",亚里士多德：「我们就是{我们一再重复的行为}，因此，{卓越}{不是行为，而是习惯}。」
15,Q. (effective people) What gives McDonald’s the edge?,问：（高效人士）是什么让麦当劳具备优势？
16,A. They take care of the little things everyone claims to care about but only they actually bother to do.,答：他们关注一些小事，这些事是其他人声称自己关心，却只有他们真正去做的。
17,Q. What practice forms “the heart of personal effectiveness” for Michael? (think McDonalds),问：对 Michael 来说，什么实践是「个人效能的核心」？（想想麦当劳）
18,"A. Doing the basics, consistently well.",答：一以贯之地做好基本功。
19,Q. What social interaction does MN suggest creates self-discipline?,问：Michael Nielsen 认为什么社交互动能够培养自律？
20,A. Being accountable to other people.,答：对他人负责。
21,Q. What (3) simple ways does MN suggest one can use to become accountable to other people?,问：根据 Michael Nielsen 的建议，有哪三种方法有助于提高对他人的责任感？
22,"A. take on students, collaborate with colleagues, establish mentoring relationship",答：担任导师，与同事合作，建立导师关系。
23,Q. What special kind of honesty does MN suggest is important to self-discipline?,问：Michael Nielsen 认为，哪种特殊的诚实对自律非常重要？
24,"A. Honesty to oneself, about oneself",答：对自己诚实，了解自己。
25,Q. How does MN see creative research and self-development relating?,问：Michael Nielsen 如何看待创造性研究与自我发展之间的关系？
26,"A. Creative research is best viewed as an *extension* of self-development, especially an extension of a well-developed reading program.",答：最好将创造性研究看作自我发展的**延伸** ，尤其是完善的阅读计划的延伸。
27,Q. Self-development as a researcher is focused on development of…,问：对于研究人员来说，自我发展的重点是……
28,A. Research strengths,答：科研优势。
29,"Q. When planning the development of research strengths, what combinations of abilities should you look for?",问：在规划科研优势的发展时，应寻找什么样的能力组合？
30,A. Unique combinations which give you a comparative advantage,答：能给你相对优势的独特组合。
31,Q. Why does MN believe most people fail to do great research? (development),问：为什么 Michael Nielsen 认为大多数人做不了伟大的研究？（发展）
32,A. People aren’t willing to pay the price to systematically develop the skills they need.,答：人们不愿花费精力来系统地发展所需技能。
33,"Q. When learning a new field, how should you distribute your reading time?",问：在进行新领域的学习时，应如何分配阅读时间？
34,"A. Focus on reading deeply in the most important papers, rather than skimming the top hundreds.",答：专注于深入阅读最重要的论文，而不是略读最重要的前几百篇。
35,"Q. To foster self-development, change your environment to manipulate social pressures in what way?",问：若要改变环境以促进自我发展，应将社会压力调整到什么状态？
36,"A. So that they work *for* you as a researcher, rather than against you.",答：让它们**对**你作为研究者有利，而非不利。
37,Q. Name three examples of ways to manipulate social pressure to work for you?,问：请例举三个调整社会压力以使其对你有利的方法。
38,"A. e.g. start a seminar series, develop a discussion area, create a lounge, organize a small workshop, organize a reading group",答：例如开展系列研讨会，开辟讨论区，建立休息室，组织小型研讨会，组织阅读小组。
39,Q. How should you develop a taste for what’s important?,问：如何培养对重要事物的敏感度？
40,A. Ask questions about the characteristics of important science.,答：提出关于重要科学特征的问题。
41,Q. Give a few examples of questions about the characteristics of important science.,问：请例举几个关于重要科学领域的特征的问题。
42,"A. e.g. What makes some fields thrive and others die? What are the most useful kinds of unifying ideas? What have been the most important developments in your field, and why? Why did some promising ideas fail to pan out?",答：例如，某些领域蓬勃发展，而其他领域衰败没落，这背后的原因是什么？最有用的大一统观念是什么样的？在你研究的领域中，目前最重要的进展是什么，以及为什么？为什么一些看似有前途的想法未能实现？
43,Q. What kind of work should you aim to produce?,问：你应该力求哪种类型的产出？
44,A. Work of the highest possible caliber according to what *you* believe is important,答：基于**你**对重要工作的理解，产出尽可能高水平的成果。
45,Q. How did Deutsch and Feynman create the field of quantum computing?,问：Deutsch 和 Feynman 是如何创立量子计算领域的？
46,A. By framing the right questions: “What would a quantum computer be capable of? Would it be faster than a classical computer?”,答：通过提出正确的问题：「如果存在量子计算机，这种计算机会有什么能力？会比经典计算机更快吗？」
47,Q. Why might a messy research area be an opportunity?,问：为什么混乱无序的研究领域可能是机会？
48,A. You may be able to discovery unifying/simplifying concepts.,答：你可能会发现大一统/化繁为简的概念。
49,MN: “There is little that is more important in research than building {forward momentum}.”,Michael Nielsen：「在研究中，几乎没有什么比建立{前进的动力}更重要。」
50,Q. Taking the time to set clear goals for one’s research helps w.r.t. the fact that “much of the time in research is spent…?”,问：花时间为自己的研究设定明确的目标，这样有助于应对「研究中的大部分时间都在……」的问题。
51,A. … in a fog.,答：……迷茫之中。
52,Q. How should one build forward momentum in research?,问：如何增强推进研究的动力？
53,A. Be clear about some goal—even if it’s the wrong goal! So long as you periodically reflect and reconsider those goals.,答：确立一个目标，即使这目标是错的！只要你定期反思并重新考虑这些目标即可。
54,It’s important that you work towards being able to solve {important problems}.,重要的是你在朝着能解决{重要问题}的方向努力。
