﻿﻿0,# Note-writing practices are generally ineffective,# 笔记写作实践大多是无效的
1,[Note-writing practices are generally ineffective (andymatuschak.org)](https://notes.andymatuschak.org/z8V2q398qu89vdJ73N2BEYCgevMqux3yxQUAC),原文：[Note-writing practices are generally ineffective (andymatuschak.org)](https://notes.andymatuschak.org/z8V2q398qu89vdJ73N2BEYCgevMqux3yxQUAC)
2,"[Knowledge work should accrete](https://notes.andymatuschak.org/z6UDDkom8Aifg6mLdjT1sPtbMBweCmpyTwmJT), but [Most people take only transient notes](https://notes.andymatuschak.org/z2ZAGQBHuJ2u9WrtAQHAEHcCZTtqpsGkAsrD1).",[知识工作应能聚沙成塔](https://notes.andymatuschak.org/z6UDDkom8Aifg6mLdjT1sPtbMBweCmpyTwmJT)，但[大多数人只写临时的笔记](https://notes.andymatuschak.org/z2ZAGQBHuJ2u9WrtAQHAEHcCZTtqpsGkAsrD1)。
3,"In part because [Note-writing practices provide weak feedback](https://notes.andymatuschak.org/z66PNF1Wt4AZ4j7TVEenkvPZgvDcHPuSdJC2r), people don’t even notice how ineffective their note-writing practices are. They develop some baseline level of note-writing skill and mostly stay there ([People generally develop skills to a plateau and then stop](https://notes.andymatuschak.org/z5gHroEM2vM2WcKxkdcsCw8qv5tmHSbBVxEb4)). Expert performance is not well-defined, so it’s not obvious that people aren’t performing well ([Salience of improvement drives skill development](https://notes.andymatuschak.org/z3TLgRqbKq1iQvYNvxenccLPZUuJNB329uwGw)). All this is true of other core knowledge work skills, too: [Core practices in knowledge work are often ad-hoc](https://notes.andymatuschak.org/z7z6uFero1JXyANDsq7P4RzeUemPWrHD7Ejmn).",部分原因是[笔记写作实践提供的反馈很弱](https://notes.andymatuschak.org/z66PNF1Wt4AZ4j7TVEenkvPZgvDcHPuSdJC2r)，人们甚至没有注意到他们的笔记写作实践是多么的无效。他们发展了一些基本的笔记写作技巧，并大多停留在那里（[人们通常把技能发展到一个平台期，然后就停下来](https://notes.andymatuschak.org/z5gHroEM2vM2WcKxkdcsCw8qv5tmHSbBVxEb4)）。专家的表现没有得到很好的定义，所以人们表现不佳的情况并不明显（[改善的显著性推动了技能的发展](https://notes.andymatuschak.org/z3TLgRqbKq1iQvYNvxenccLPZUuJNB329uwGw)）。所有这些对其他核心知识工作技能来说也是如此：[知识工作的核心实践往往是临时性的](https://notes.andymatuschak.org/z7z6uFero1JXyANDsq7P4RzeUemPWrHD7Ejmn)。
4,Much of what’s written about trying to improve these practices is misguided: [“Better note-taking” misses the point; what matters is “better thinking”](https://notes.andymatuschak.org/z7kEFe6NfUSgtaDuUjST1oczKKzQQeQWk4Dbc),许多关于试图改善这些实践的文章都被误导了：[「更好地记笔记」没抓到重点；重要的是「更好地思考」](https://notes.andymatuschak.org/z7kEFe6NfUSgtaDuUjST1oczKKzQQeQWk4Dbc)
5,By contrast: [Evergreen note-writing as fundamental unit of knowledge work](https://notes.andymatuschak.org/z3SjnvsB5aR2ddsycyXofbYR7fCxo7RmKW2be),相比之下：[常青笔记写作是知识工作的基本单位](https://notes.andymatuschak.org/z3SjnvsB5aR2ddsycyXofbYR7fCxo7RmKW2be)
