﻿﻿0,# Note-writing practices provide weak feedback,# 笔记写作的反馈不足
1,[Note-writing practices provide weak feedback (andymatuschak.org)](https://notes.andymatuschak.org/z66PNF1Wt4AZ4j7TVEenkvPZgvDcHPuSdJC2r),原文：[Note-writing practices provide weak feedback (andymatuschak.org)](https://notes.andymatuschak.org/z66PNF1Wt4AZ4j7TVEenkvPZgvDcHPuSdJC2r)
2,One reason why [Note-writing practices are generally ineffective](https://notes.andymatuschak.org/z8V2q398qu89vdJ73N2BEYCgevMqux3yxQUAC) may be that note systems generally offer poor feedback.,[笔记写作实践通常是无效的](https://notes.andymatuschak.org/z8V2q398qu89vdJ73N2BEYCgevMqux3yxQUAC)，其中一个原因可能是由于笔记系统一般提供的反馈不足。
3,"If one starts a spaced repetition practice, they’ll get strong feedback every day: if they write a bad question, it’ll bother them immediately and regularly thereafter; they’ll feel (to some extent) their growing retention of a given topic.",开始进行间隔重复练习的人每天都会得到强反馈：如果他写了一个糟糕的问题，这个问题便会立刻且此后长期地困扰着他；他会感觉到（在某种程度上）自己对某一主题的记忆保留率的增长。
4,"By contrast, in note-taking the feedback is very delayed: in typical practice, when you write a note, you may not see it again for weeks. The feedback is also ambiguous: if a note helps you distill some insight (or fail to), that usually won’t be especially evident.",相比之下，笔记写作的反馈非常迟缓：通常，当你写了一个笔记，你可能在几周内都不会去看它。这样的反馈也模棱两可：如果一个笔记能（或不能）帮助你提炼出一些深刻见解，它通常都不会特别明显。
5,"In general, people don’t have a clear picture of what a note *should* be, so it’s not clear when a given note fails to conform to that standard.",一般来说，人们并不清楚一个笔记**应该**是什么样子，所以也就不清楚某个笔记是否符合这个标准。
6,[Evergreen notes](https://notes.andymatuschak.org/z4SDCZQeRo4xFEQ8H4qrSqd68ucpgE6LU155C) offer tighter and higher-signal feedback loops because you’re constantly revising and consulting past notes. It’s somewhat easier to notice if a prior note is difficult to revise. The [Executable strategy for writing](https://notes.andymatuschak.org/z3PBVkZ2SvsAgFXkjHsycBeyS6Cw1QXf7kcD8) also creates stronger feedback on one’s note-taking practices.,[常青笔记](https://notes.andymatuschak.org/z4SDCZQeRo4xFEQ8H4qrSqd68ucpgE6LU155C)提供了更紧密和更强的反馈回路，这是因为你在不断地修改和参考过去的笔记。如果之前的笔记难以修改，你也会更容易注意到。使用[可执行的写作策略](https://notes.andymatuschak.org/z3PBVkZ2SvsAgFXkjHsycBeyS6Cw1QXf7kcD8)也会对一个人的笔记系统产生更强的反馈。
7,------,------
8,## References,## 参考文献
9,"Ahrens, S. (2017). *How to Take Smart Notes: One Simple Technique to Boost Writing, Learning and Thinking – for Students, Academics and Nonfiction Book Writers*.","Ahrens, S. (2017). *How to Take Smart Notes: One Simple Technique to Boost Writing, Learning and Thinking – for Students, Academics and Nonfiction Book Writers*."
10,> There is another reason that note-taking flies mostly under the radar: We don’t experience any immediate negative feedback if we do it badly.,> 人们不重视笔记写作的另一个原因是，即使笔记写得不好，也不会立即得到任何负面的反馈。
