﻿﻿0,# Novel user interface ideas are public goods,# 新颖的用户界面创意是公共物品
1,[Novel user interface ideas are public goods (andymatuschak.org)](https://notes.andymatuschak.org/zXseK39g1SHgQvMXLbnaB1AUZ2WL5ffDzsbZ),原文：[Novel user interface ideas are public goods (andymatuschak.org)](https://notes.andymatuschak.org/zXseK39g1SHgQvMXLbnaB1AUZ2WL5ffDzsbZ)
2,"One core challenge for [Tools for thought](https://notes.andymatuschak.org/z5YhNc8HVKxjg9a3h3SeCyKqnNDFgiY6WGrM) is that their core insights are generally expensive to produce but cheap to duplicate. For example, Adobe developed countless interactions and metaphors in Photoshop and Illustrator which Sketch and Figma could copy and improve without paying for years of R&D. Apple spent years developing modern multi-touch interfaces; Google copied them in under a year and suffered little in the ensuing lawsuits. A novel interface idea is roughly a [Public good](https://notes.andymatuschak.org/z3zzwa7xcqZt72QDncJZjgMdAYfGR9xFgFPD6): they’re non-excludable ([Excludability](https://notes.andymatuschak.org/z7YsM6TnaydeUiA4kbg9oLkZEtrBktR8uwTgu)), modulo the relatively smaller costs for a competitor to duplicate the idea. Happily (for society), such ideas are non-rivalrous ([Rivalry](https://notes.andymatuschak.org/zjQmSaBSJMo9WSg3K9oDoZZsRQrqq76zq4bE)) or even anti-rivalrous.",[思想工具](https://notes.andymatuschak.org/z5YhNc8HVKxjg9a3h3SeCyKqnNDFgiY6WGrM)的核心洞见，往往要耗费颇多才能得出，但是复制起来却成本低廉，这是思想工具的核心挑战。例如，Adobe 公司在 Photoshop 和 Illustrator 平台上发展了无数的交互和隐喻，然而 Sketch 和 Figma 能轻松复制这些功能并加以改进，而不用支付多年以来的研发费用。Apple 公司用了很多年开发了现代多点触控交互界面；Google 公司在一年内就复制了该功能，而在随后的诉讼中几乎毫发无损。新颖的交互界面创新可以算作是[公共物品](https://notes.andymatuschak.org/z3zzwa7xcqZt72QDncJZjgMdAYfGR9xFgFPD6)：无法将他人排除在外（[排他性](https://notes.andymatuschak.org/z7YsM6TnaydeUiA4kbg9oLkZEtrBktR8uwTgu)），对手只需要相对很少的成本便能复制这一创新。令人高兴的是（对社会来说），这样的想法是非竞争性的（[竞争性](https://notes.andymatuschak.org/zjQmSaBSJMo9WSg3K9oDoZZsRQrqq76zq4bE)），甚至是反竞争性的。
3,"But competitors’ appropriation of novel interface ideas does discourage production efforts. Since anyone can free-ride on the initial investment into interfaces, it’s hard for companies to justify spending much on R&D in this space.",但是竞争者们对创意的侵吞挫伤了创意的产生。由于任何人都可以白嫖交互研发初始投资，所以对于公司来说，很难有充足理由在这个领域投入研发费用。
4,"Adobe does manage to defend their position, of course—but not because of their interface ideas. They’ve established a careful lock-in marketing strategy. So they understandably don’t invest as much in new interface ideas as they do in, say, sales and training.",Adobe 公司确实决定要捍卫他们的权利，但不是因为用户界面的创意问题。他们建立了谨慎的市场锁定战略。所以，他们在开发新界面想法上投入的钱，远少于在销售和培训上投入的钱，这也能理解了。
5,But: [Video games can profit from novel user interface ideas](https://notes.andymatuschak.org/z58B5xzowu1giLFq4Du59WqwX2ZKhgHEYw81j),但是：[电子游戏可以从新颖的用户界面上获益](https://notes.andymatuschak.org/z58B5xzowu1giLFq4Du59WqwX2ZKhgHEYw81j)
6,------,------
7,## References,## 参考文献
8,"Matuschak, A., & Nielsen, M. (2019, October). *How can we develop transformative tools for thought?* https://numinous.productions/ttft","Matuschak, A., & Nielsen, M. (2019, October). *How can we develop transformative tools for thought?* https://numinous.productions/ttft"
