﻿﻿0,# Parallel reading is mostly impossible in digital reading,# 电子阅读时，并排阅读基本上不可能
1,[Parallel reading is mostly impossible in digital reading (andymatuschak.org)](https://notes.andymatuschak.org/z8KaXwxWaMdUbhKa3RC2zN8ZB36gfvWcoWmwR),原文：[Parallel reading is mostly impossible in digital reading (andymatuschak.org)](https://notes.andymatuschak.org/z8KaXwxWaMdUbhKa3RC2zN8ZB36gfvWcoWmwR)
2,"As far as I’m aware, no PDF or EPUB reader allows readers to view multiple non-contiguous pages at a time. If you want to look at the part of the bibliography which corresponds to the chapter you’re reading, you’ll need to flip back and forth. [LiquidText](https://notes.andymatuschak.org/z2fGXCnKwFV1jDmKsp15wkbV5WHSnLpy52Mq) is the only mass-market exception I know of.",据我所知，没有 PDF 或 EPUB 阅读器，允许读者一次查看同一本书的多篇不相邻的页面。如果你要查看手头章节对应的那部分参考书目，你需要来回翻动页面。我只知道 [LiquidText](https://notes.andymatuschak.org/z2fGXCnKwFV1jDmKsp15wkbV5WHSnLpy52Mq) 是常见阅读软件中的唯一例外。
3,"Among other things, this exacerbates [Physical cut and paste is a parallel act involving informal intermediate states](https://notes.andymatuschak.org/z6VMTBKqURcGfZa7Kj24U8wqTCS4vXukuCizB).",[物理剪切和粘贴是并行的，并会存在不严格的中间状态](https://notes.andymatuschak.org/z6VMTBKqURcGfZa7Kj24U8wqTCS4vXukuCizB)，然而电子的复制粘贴也并非如此，于是问题更严重了。
4,Related: [Maintaining multiple reading positions is difficult when reading digitally](https://notes.andymatuschak.org/z7ZNevNutwN3wT5hTRLUipssHBNbxUWSyDHrr),相关笔记：[电子阅读很难保持多个阅读位置](https://notes.andymatuschak.org/z7ZNevNutwN3wT5hTRLUipssHBNbxUWSyDHrr)
