﻿﻿0,# People who write extensively about note-writing rarely have a serious context of use,# 对笔记写作大谈特谈的人很少有严肃的使用场景
1,[People who write extensively about note-writing rarely have a serious context of use (andymatuschak.org)](https://notes.andymatuschak.org/zUMFE66dxeweppDvgbNAb5hukXzXQu8ErVNv),原文：[People who write extensively about note-writing rarely have a serious context of use (andymatuschak.org)](https://notes.andymatuschak.org/zUMFE66dxeweppDvgbNAb5hukXzXQu8ErVNv)
2,"Many bloggers and “life-hackers” have made a full-time job of suggesting how you should organize your journal, or how you should most effectively [Write about what you read to internalize texts deeply](https://notes.andymatuschak.org/zg3fYweZpbHeBTpcYke5mF4ZfrJutYcQEtFo). We should take this advice seriously insofar as those practices have helped the authors achieve meaningful creative work: [“Better note-taking” misses the point; what matters is “better thinking”](https://notes.andymatuschak.org/z7kEFe6NfUSgtaDuUjST1oczKKzQQeQWk4Dbc)",许多博主和「生活专家」的全职工作就是建议应该如何组织日记，或者应该如何最有效地[写你所读，以求内化](https://notes.andymatuschak.org/zg3fYweZpbHeBTpcYke5mF4ZfrJutYcQEtFo)。我们之所以认真对待这样的建议，是因为这些做法已经帮助作者实现了有意义的创造性工作。[「更好的记笔记」错过了要点；重要的是「更好的思考」](https://notes.andymatuschak.org/z7kEFe6NfUSgtaDuUjST1oczKKzQQeQWk4Dbc)
3,"But most people who write about note-taking don’t seem particularly accomplished in their own fields, whatever those may be. In fact, most such writers aren’t applying their notes to some exogenous creative problem: their primary creative work *is* writing about productivity. These writers offer advice on note-taking to help scientists and executives with the challenges of their work, but the advice was developed in a context disconnected from those external realities. There are two related problems here: [Effective system design requires insights drawn from serious contexts of use](https://notes.andymatuschak.org/z3H98n8DGZmu8XArqHZVsckyWvbTe8wK4kAt2), and [Powerful enabling environments usually arise as a byproduct of projects pursuing their own intrinsically meaningful purposes](https://notes.andymatuschak.org/z4N6d29XL2PZXCa64HPcxA64RGWDb6Cagc1gs).",但大多数对笔记写作大谈特谈的人在他们自己的领域并非成就累累，不管这些领域是什么。事实上，大多数这样的作者并没有将他们的笔记应用于一些外生的创造性问题：他们的主要创造性工作**是**撰写关于生产力的文章。这些作者提供了记笔记的建议，以帮助科学家和高管应对工作中的挑战，但孕育这些建议的环境与这些挑战毫无关联。这里有两个相关的问题：[有效的系统设计需要从严肃的使用场景中获得洞见](https://notes.andymatuschak.org/z3H98n8DGZmu8XArqHZVsckyWvbTe8wK4kAt2)，以及[强大的赋能环境通常是追求自身意义的项目的副产品](https://notes.andymatuschak.org/z4N6d29XL2PZXCa64HPcxA64RGWDb6Cagc1gs)。
4,"Luhmann, by contrast, barely wrote about his [Zettelkasten](https://notes.andymatuschak.org/z2QvtE9w5zs49x7WUeG8Ut1vywHDLiG2Wkm9p): he focused on his prolific research output, then published a couple small essays about his practices near the end of his career.",相比之下，卢曼几乎没有介绍过他的 [Zettelkasten](https://notes.andymatuschak.org/z2QvtE9w5zs49x7WUeG8Ut1vywHDLiG2Wkm9p)：他专注研究，成果丰硕，只有在他职业生涯接近尾声时，发表了几篇描述他笔记系统的短篇文章。
5,"I’m not quite guilty of this problem myself, but I certainly slip into this behavior for weeks at a time. This is a cautionary note. Related: [The most effective readers and thinkers I know don’t take notes when reading](https://notes.andymatuschak.org/z6GNVv6RyFDewy11ZgXzce8agWxSLwJ6Ub5Rw).",我不是很常遇到这个问题，但我确实会整周只谈写笔记而对严肃追求放手不管。这则笔记在提醒我小心这件事。相关笔记：[我所认识的高效阅读者和思想家在阅读时不做笔记](https://notes.andymatuschak.org/z6GNVv6RyFDewy11ZgXzce8agWxSLwJ6Ub5Rw)。
