﻿﻿0,# Platform knowledge helps non-practitioners amplify good ideas,# 平台知识帮助非从业者放大好点子
1,[Platform knowledge helps non-practitioners amplify good ideas (andymatuschak.org)](https://notes.andymatuschak.org/zUp2QEWS4i1En8vm44WPR3g7ZQzQiNqUXpQN),原文：[Platform knowledge helps non-practitioners amplify good ideas (andymatuschak.org)](https://notes.andymatuschak.org/zUp2QEWS4i1En8vm44WPR3g7ZQzQiNqUXpQN)
2,"Perhaps only 100k-1M people will do important work on climate technologies. But the impact of media on that topic is not limited to its influence on those people alone. Other readers, who don’t practice in the field, but who are interested in the topic, can use that knowledge in their role as nodes in society’s “idea network.”",也许只有 10 万到 100 万人会在气候技术方面从事重要工作。但媒体对这一话题的影响并不局限于这些人。其他不专注于这个领域，但对这个话题感兴趣的读者，可以在作为社会「想法网络」的节点的时候使用这些知识。
3,"With better understanding, they’ll be able to distinguish better ideas from bad ones, and they’ll amplify or damp accordingly. That’s particularly helpful in fields like climate change, longevity, BCIs, etc, where there are many charlatans and ineffective do-gooders.",在更好的理解下，他们将能区分好想法和坏想法，他们会相应地放大或削弱这些想法。这在气候变化、长寿、脑机接口等有很多假内行和无效的空想家的领域中特别有用。
4,"Novel insights can only occur when the prerequisite ideas manage to propagate through the “idea network” and reach the relevant nodes. Even non-experts and non-practitioners have a role to play there. If they amplify nonsense, they make it harder for experts’ ideas to serendipitously propagate between experts, because the strongest path between two experts may be through non-experts.",只有当前置想法设法通过「想法网络」传播并到达相关节点时，新的洞见才会产生。即使是非专家和非从业者也可以在其中发挥作用。如果他们放大了无稽之谈，就会使专家的想法更难在专家之间偶然传播，因为两个专家之间最有力的交流途径可能变成非专家。
5,------,------
6,## References,## 参考资料
7,"- Simler, K. (2019, May 13). Going Critical. Retrieved December 29, 2019, from https://meltingasphalt.com/interactive/going-critical","- Simler, K. (2019, May 13). Going Critical. Retrieved December 29, 2019, from https://meltingasphalt.com/interactive/going-critical"
8,- [Patrick Collison on project plans - 2019-12-24](https://notes.andymatuschak.org/z7crqahuuZZqzsRNKKV2ZkbmjLgcFb5CoCecF),- [Patrick Collison on project plans - 2019-12-24](https://notes.andymatuschak.org/z7crqahuuZZqzsRNKKV2ZkbmjLgcFb5CoCecF)
