﻿﻿0,# Pomodoro technique,# 番茄工作法
1,[Pomodoro technique (andymatuschak.org)](https://notes.andymatuschak.org/zRtoDFQZWq5WYcN1dJH52wKXuKCT4s62B78),原文：[Pomodoro technique (andymatuschak.org)](https://notes.andymatuschak.org/zRtoDFQZWq5WYcN1dJH52wKXuKCT4s62B78)
2,In reference to my own practice:,根据我自己的实践：
3,"- Switched back to 25m/5m pomos in Jan 2022 as part of [Program - finish my workday in the morning](https://notes.andymatuschak.org/z75qcWeAULZeQGbsKTmP2rXezBezxbTp9xL8H); focusing on longer contiguous blocks (6hr instead of 4hr, no long breaks) and higher-quality deep attention on harder tasks rather than trying to optimize efficiency","- 2022 年 1 月换回工作 25 分钟，休息 5 分钟的番茄钟，作为 [项目——在早上完成工作](https://notes.andymatuschak.org/z75qcWeAULZeQGbsKTmP2rXezBezxbTp9xL8H); focusing on longer contiguous blocks (6hr instead of 4hr, no long breaks) 的一部分；关注更长的连续时间块（6 小时而不是 4 小时，没有长休息时间）和在更难的任务上基于更高质量的深度关注，而不是试图优化效率"
4,- Switched to 40m/5m pomos on [2021-07-12](https://notes.andymatuschak.org/z2An8A72dXYUn5Z5HhLHJ7kC9H9SwRVH2HbM),- 换到工作 40 分钟，休息 5 分钟（注：称为 45 分钟番茄钟） (https://notes.andymatuschak.org/z2An8A72dXYUn5Z5HhLHJ7kC9H9SwRVH2HbM)
5,  - So goal for the morning block is 6 45m pomos.,  - 所以早上要做 6 个 45 分钟番茄钟
6,  - 8h of working time is 12 pomos,  - 工作 8 小时就是 12 个番茄钟
7,    - 55m of break time spread within those 12,   - 总共 55 分钟休息时间，分成 12 份
8,- Switched to 35m/5m pomos on [2020-01-22](https://notes.andymatuschak.org/z8ADGLGQuMmy2sEWp7sHdsiCscdJNrChxPEi3),- 换到工作 35 分钟，休息 5 分钟 [2020-01-22](https://notes.andymatuschak.org/z8ADGLGQuMmy2sEWp7sHdsiCscdJNrChxPEi3)
9,  - Goal for the morning with this block size is 7 40m pomos,  - 今早目标是 7 个 40 分钟番茄钟
10,  - 8h of working time is ~14 pomos,  - 工作 8 小时就快 14 个番茄钟了
11,    - 65m of break time spread within those 14,- 总共 65 分钟休息时间，分成 14 份
12,## The standard pomo break routine isn’t as (relatively) inefficient as it seems,## 标准的番茄钟休息程序你想看起来那样（相对）低效
13,"On its face, the 25/5 split seems quite inefficient. You’re sacrificing 17% of your total working time to tiny breaks, too small to do anything serious! That feels like a terrible idea until you realize that if you *don’t* take intermittent breaks, you’ll often waste much more time than that in distraction, rabbit holes, poor focus, etc.",25/5的分割看起来似乎效率很低。你牺牲了总工作时间的17% 来做一些微小的休息，太小了，不能做任何严肃的事情！这感觉像是一个糟糕的主意，直到你意识到如果你 **不** 进行间断性地休息，你会在分心、时间黑洞、注意力不集中等事上浪费更多的时间。
14,"Still, it’s far from clear that 25/5 is the right ratio. In a 4 hour working block…",尽管如此，25/5 是否是正确的比例仍不清楚。在4小时的工作时间内...
15,- 25/5 has 40m of breaks (83% work),- 25/5 番茄钟包含 40 分钟的休息（83% 的时间工作）
16,- 35/5 has 30m of breaks (87% work),- 35/5 番茄钟包含 30 分钟的休息（87% 的时间工作）
17,- 55/5 has 20m of breaks (92% work),- 55/5 番茄钟包含 20 分钟的休息（92% 的时间工作）
18,"It’s surprising how small these differences are. In my experience, 55/5 is *much, much* harder than 25/5 (and substantially less reliable), at least when my next steps aren’t crystal clear. And yet working in that much more difficult regime buys me only an extra 20m of functional working time. It’d be much easier (and more importantly, much more reliable) to achieve that same result by just tacking an extra pomo onto the end of a 25/5 series. In other words, if I want ~3h40m of focused working time, I’d rather sign up for a more reliable, less demanding 4h30m working block than a less reliable, more demanding 4h working block.",这些分割的差异令人惊讶的小。据我的经验，55/5 比 25/5 **难得多**（并且可靠性大大降低），至少在我的下一步不是非常清晰的情况下。并且在这个更苛刻的方案下工作仅为我赢得了额外的 20 分钟的灵活工作时间。并且，在 25/5 方案后面加一个额外的番茄钟将会得到相同的且更加容易（更重要的是，它更可靠）被实现的结果。换句话说，如果我想要 3 小时 40 分钟的专注的工作时间，比起选择一个不那么可靠、要求较高的 4 小时 工作时间块，我宁愿选择一个更可靠、要求较低的 4 小时 30 分钟的工作时间块
19,"Now, in practice, the situation is muddier than this because breaks themselves have overhead. Sometimes it’ll take me a few minutes to get back into the groove after a break. This is mostly mitigated if I forbid myself from doing any unrelated cognitive activity during the break (no replying to anything but the most trivial messages; no reading news / social media; no solving unrelated problems; etc). Sometimes the breaks are very inconveniently timed, and I’m forced to break off a train of thought right in the middle of a sentence. Not sure what the cost of this is, really. Sometimes if there’s only a few minutes left in a block and what remains is difficult, I won’t even bother starting on the difficult thing, because I know I’ll get interrupted. This is explicitly suggested as part of the technique—you’re meant to just plan for what to do next instead. And sometimes that’s helpful advice. But you don’t want it happening *too* often. Longer blocks make that rarer.",实际操作中，情况比这要复杂得多，因为休息本身也会产生一定的负担。有时候，休息过后我需要几分钟才能重新进入工作状态。如果我在休息时禁止自己进行任何与工作无关的认知活动（如回复琐碎信息、浏览新闻或社交媒体、解决无关问题等），这种情况会得到一定程度的缓解。但有时候休息的时间安排并不合适，我可能会在思考的过程中被迫中断。实际上，我不确定这会造成多大的损失。有时，当一个时间段临近结束而剩余任务较为困难时，我甚至不愿开始这个困难任务，因为我知道会被打断。来自番茄工作法的建议——你应该计划下一步要做的事情。有时候，这是一个有益的建议。然而，你并不希望被打断的太过频繁。延长工作时间可以有效降低被打断后不愿继续的发生率。
20,"Zooming out: what’s the “ideal”? If I know *exactly* what to do next for the whole four hour period, as is often the case on programming projects, the best structure is probably one five minute break after two hours, and 30s seated stretch/eye breaks every 30m. I’ll feel physically awful if I don’t walk around at all within a four hour block. So the best case for me is actually ~97% efficiency (not 100%). In a perfect world, I’d dynamically adjust the break distribution according to the character of the task: when programming, use bigger blocks; when doing hard creative work, maybe use smaller ones. But it’s hard to do that reliably.",那么，何为「理想」状态呢？假设我在接下来的四个小时里清楚地知道该做什么，这在编程项目中是常见的情况，那么最佳的休息安排可能是：两小时后休息五分钟，每隔30分钟进行30秒的坐姿伸展和眼部休息。如果在四个小时内我完全不活动，我的身体会感到极度不适。因此，对我而言，实际上最佳的效率约为97%（并非100%）。在理想情况下，我会根据任务性质动态调整休息时间分配：在编程时使用较长的工作时间段，而在进行繁重的创新性工作时使用较短的时间段。但实际上，要可靠地做到这一点颇具挑战性。
21,"On the margin, then, I think gains in “efficiency” easier to acquire by doing the following, rather than fussing too much about pomo breaks:",因此，在一定程度上，我认为相较于过分纠结番茄工作法，通过以下途径来提升“效率”更易于实现：
22,- more aggressively controlling your calendar to ensure unbroken work time,- 更积极地管理日程，确保连续的工作时间
23,- more carefully choosing the best next action,- 更加慎重地挑选接优质的下一步行动
24,- more reliably avoiding mental static before working sessions (see [It’s hard to hear yourself think](https://notes.andymatuschak.org/z3ruCqbkUjU7U8MD5gaMjzmJV4GuENJ3ie1LP)),- 更可靠地避免进行工作前的心理噪音 (见 [倾听自己的想法很难](https://notes.andymatuschak.org/z3ruCqbkUjU7U8MD5gaMjzmJV4GuENJ3ie1LP))
25,"- manufacturing intensity through social pressures (collaboration, mentorship, deliverables, etc)",- 通过社交压力提高生产强度（合作、指导、成果交付等）
26,"Unless the task is quite heterogenous or quite straightforward, I usually find the difficulty of each marginal pomo increases steeply starting from 7 or so; it often feels quite tough to stay on task for 9 and 10, and the quality of my attention is often pretty poor. Context switching is expensive, and it’s best to work in large contiguous blocks, but if you have 5 or 6 hours on your hands, it may be best to divide that into two big tasks. Practically speaking, I’ve struggled to do this. There’s a lot of “attentional residue” after the first big block; it’s hard to move into the second without a substantial break. So a substantial fraction of the time the second block sort of doesn’t happen, or happens poorly."
27,Related:,相关笔记：
28,[It’s hard to do difficult creative work for more than a few hours a day](https://notes.andymatuschak.org/z2CimZy4H6BHkurFNQpqDjKitgpVud4pDTbwm),[每天进行几个小时的困难的创意性工作是相当困难的](https://notes.andymatuschak.org/z2CimZy4H6BHkurFNQpqDjKitgpVud4pDTbwm)
