﻿﻿0,"# Powerful innovations often focus on creating new paradigms, not solving problems of the current context",# 强大的创新往往侧重于创造全新范式，而非解决当前情境中的问题
1,"[Powerful innovations often focus on creating new paradigms, not solving problems of the current context (andymatuschak.org)](https://notes.andymatuschak.org/z6ReihULdqZXqhY2bMACp15kwgM1sT421Cx6p)","原文：[Powerful innovations often focus on creating new paradigms, not solving problems of the current context (andymatuschak.org)](https://notes.andymatuschak.org/z6ReihULdqZXqhY2bMACp15kwgM1sT421Cx6p)"
2,"The XEROX Alto wasn’t trying to solve the problems of existing offices: it attempted to create a completely new context, which would have its own benefits and challenges. Likewise, one can’t invent the iPhone by trying to solve the problems of the Motorola ROKR: it’s a new thing, more an act of invention than of reaction or iteration.",施乐 Alto 并非要解决现有办公室的问题，而是力图创造全新情境，既有其优势，也有其困难。同样，我们不能靠解决 Motorola ROKR 的问题来发明 iPhone：iPhone 是全新的事物，是发明，不是回应竞品或者迭代改良。
3,"Expanding from technology, one can apply this observation to certain political systems (democracy), economic systems (crypto), spiritual systems (Dzogchen), etc.",从技术推广到其他领域，这一观察同样适用于某些政治制度（民主）、经济制度（加密货币）、精神制度（佐臣）等。
4,------,------
5,## References,## 参考文献
6,"Victor, B. (2019, December 12). *Presentation at Stripe Convergence*.","Victor, B. (2019, December 12). *Presentation at Stripe Convergence*."
