﻿﻿0,# Prefer fine-grained associations,# 优先使用细粒度的关联
1,[Prefer fine-grained associations (andymatuschak.org)](https://notes.andymatuschak.org/z68tVM68dEAuH4acs7HY6K76tTVzBdoBGKMZB),原文：[Prefer fine-grained associations (andymatuschak.org)](https://notes.andymatuschak.org/z68tVM68dEAuH4acs7HY6K76tTVzBdoBGKMZB)
2,Links between materials in an information system (e.g. [Evergreen notes should be densely linked](https://notes.andymatuschak.org/z2HUE4ABbQjUNjrNemvkTCsLa1LPDRuwh1tXC)) can be fine-grained (like a citation in the middle of a sentence of a paper) or coarse-grained (like a “see also” section).,信息系统中，材料之间的链接（例如[常青笔记之间应该建立大量链接](https://notes.andymatuschak.org/z2HUE4ABbQjUNjrNemvkTCsLa1LPDRuwh1tXC)）可以是细粒度的（如文章中一句话中的引用），也可以是粗粒度的（如「另请参阅」小节）。
3,"It’s generally better to make fine-grained associations. For instance, rather than evaluating a jumbled list of papers related to the paper you’re reading, it’s more helpful to see that I noticed paper X relates to paragraph N.",一般来说，创建细粒度关联会更好。例如你在读论文，比起在杂乱的相关论文列表中翻找有用内容，X 论文与 N 段落有关这一信息更有用。
4,"This is particularly true when links are bidirectional, since you’ll need help to see why the “backwards” relationship makes sense.",双向链接尤其如此，否则很难知道这里的「反向」关系为何合理。
