﻿﻿0,# Prefer note titles with complete phrases to sharpen claims,# 笔记标题建议使用完整的句子，避免模糊主张
1,[Prefer note titles with complete phrases to sharpen claims (andymatuschak.org)](https://notes.andymatuschak.org/z3KmNj3oKKSTJfqdfSEBzTQiCVGoC4GfK3rYW),原文：[Prefer note titles with complete phrases to sharpen claims (andymatuschak.org)](https://notes.andymatuschak.org/z3KmNj3oKKSTJfqdfSEBzTQiCVGoC4GfK3rYW)
2,"When writing [Evergreen notes](https://notes.andymatuschak.org/z4SDCZQeRo4xFEQ8H4qrSqd68ucpgE6LU155C), I’ve found that using complete phrases as note titles helps maintain concept-orientation ([Evergreen notes should be concept-oriented](https://notes.andymatuschak.org/z6bci25mVUBNFdVWSrQNKr6u7AZ1jFzfTVbMF)). For example: [Educational objectives often subvert themselves](https://notes.andymatuschak.org/z6qfYv9SPx6M9FZPzVj7o4qVRD1iTGJpMfz6J), [Evergreen notes permit smooth incremental progress in writing (“incremental writing”)](https://notes.andymatuschak.org/z6C5H4eYH2A4omfNLuUcDiKibQ1hZG2RGNZ97).",在[常青笔记](https://notes.andymatuschak.org/z4SDCZQeRo4xFEQ8H4qrSqd68ucpgE6LU155C)的写作过程中，我发现使用完整的句子作为笔记标题，有助于笔记保持面向概念（[常青笔记应面向概念](https://notes.andymatuschak.org/z6bci25mVUBNFdVWSrQNKr6u7AZ1jFzfTVbMF)）。例如：[教育的目标往往会自我颠覆](https://notes.andymatuschak.org/z6qfYv9SPx6M9FZPzVj7o4qVRD1iTGJpMfz6J)，[常青笔记实现顺畅而渐进的写作（「渐进写作」）](https://notes.andymatuschak.org/z6C5H4eYH2A4omfNLuUcDiKibQ1hZG2RGNZ97).
3,"These are often declarative or imperative phrases making a strong claim. This puts pressure on me to adequately support the claim in the body. If I write a note but struggle to summarize it in a sharp title, that’s often a sign that my thinking is muddy or that this note is about several topics (contra [Evergreen notes should be atomic](https://notes.andymatuschak.org/z4Rrmh17vMBbauEGnFPTZSK3UmdsGExLRfZz1)). In both cases, the solution is to break the ideas down and write about the bits I understand best first.",这些笔记标题通常是陈述句或者祈使句，明确地表达主张。主张明确的标题驱使我在笔记的主体部分充分围绕标题进行分析，以支持标题提出的主张。如果我写了一则笔记，但是却很难用精准的标题总结它，那么这通常表明我的想法不清晰，或者这则笔记涉及多个主题（违背了[常青笔记应该是原子化的](https://notes.andymatuschak.org/z4Rrmh17vMBbauEGnFPTZSK3UmdsGExLRfZz1)的原则）。在这两种情况下，解决办法都是将想法分解，然后先写自己最理解的部分。
4,"Questions also make good note titles because that position creates pressure to make the question get to the core of the matter. Some questions really are evergreen ([To what extent is exceptional ability heritable?](https://notes.andymatuschak.org/z6Ndn5nmxLWsrQQ3ZLHsxHsokGTycgo17XGYi)); others are more ephemeral creative prompts ([How might the mnemonic medium enable readers in genres outside platform knowledge?](https://notes.andymatuschak.org/z57S2Fte6gAnnM1gCS2nHpH7NYAiXD8KeDfvZ)). The goal with the latter type of note is to eventually drop the question mark, refactoring it into declarative/imperative notes.",问题也是很好的笔记标题，因为这个位置能驱使我提出触及笔记的核心的问题。有些问题确实是历久弥新的（[杰出才能在多大程度上是可遗传的？](https://notes.andymatuschak.org/z6Ndn5nmxLWsrQQ3ZLHsxHsokGTycgo17XGYi)）；而其他问题笔记则更偏向于短期的启发式卡片（[助记媒介如何助力非专业知识的学习？](https://notes.andymatuschak.org/z57S2Fte6gAnnM1gCS2nHpH7NYAiXD8KeDfvZ) ）。第二类问题的目标是摆脱问号，将其重构为以陈述句/祈使句为标题的笔记。
5,A few common exceptions to this policy:,这一策略的几个常见例外：
6,"- I use nouns and noun phrases in note titles only to define core terms (which other notes generally orbit around). Examples: [Executable strategy](https://notes.andymatuschak.org/z53fk5XwrsnueNDDCq6WNe2VbPhrDGQmmVgNS), [Enacted experience](https://notes.andymatuschak.org/z3KASfpz5AmNmqM2m517Jbs1EvXrLN7NkeYWH), [Enabling environment](https://notes.andymatuschak.org/z3DaBP4vN1dutjUgrk3jbEeNxScccvDCxDgXe)","- 我只在定义核心术语术语时使用名词或名词短语（其他笔记一般围绕这些术语展开）。例子：[可执行战略](https://notes.andymatuschak.org/z53fk5XwrsnueNDDCq6WNe2VbPhrDGQmmVgNS), [情景体验](https://notes.andymatuschak.org/z3KASfpz5AmNmqM2m517Jbs1EvXrLN7NkeYWH), [赋能环境](https://notes.andymatuschak.org/z3DaBP4vN1dutjUgrk3jbEeNxScccvDCxDgXe)"
7,- Outline notes (see [Create speculative outlines while you write](https://notes.andymatuschak.org/z2uXyfV67dnWLUKg1iDbsrHk3DGjtNWTxSTah)) like [§Note-writing systems](https://notes.andymatuschak.org/zhmLXArqiCMDr9Q13ViqN3hh3SmrKzjQxWAr),- 提纲式笔记（见[在写作时预先拟好提纲](https://notes.andymatuschak.org/z2uXyfV67dnWLUKg1iDbsrHk3DGjtNWTxSTah)）如[§笔记写作系统](https://notes.andymatuschak.org/zhmLXArqiCMDr9Q13ViqN3hh3SmrKzjQxWAr)
8,"- For more, see [Taxonomy of note types](https://notes.andymatuschak.org/z6f6xgGG4NKjkA5NA1kDd46whJh2Gt5rAmfX)",- 更多内容请见[笔记类型命名法](https://notes.andymatuschak.org/z6f6xgGG4NKjkA5NA1kDd46whJh2Gt5rAmfX)
9,"I often begin by writing a note without knowing what the title will be. The title often emerges from the text as it’s written. When a note suggests a strong title with a clear claim, that’s a good sign that it’s starting to make sense. Related: [Evergreen note titles are like APIs](https://notes.andymatuschak.org/z3XP5GRmd9z1D2qCE7pxUvbeSVeQuMiqz9x1C)",开始写笔记时，我通常不知道标题会是什么。标题往往涌现在笔记正文的写作过程中。当一则笔记使我联想到一个清晰而强有力的标题时，这表明说明我开始理解这则笔记了。相关文章：[常青笔记的标题就像 API](https://notes.andymatuschak.org/z3XP5GRmd9z1D2qCE7pxUvbeSVeQuMiqz9x1C)
