﻿﻿0,# Quantum Country readers reliably develop detailed retention for embedded questions,# 量子国的读者可靠地对嵌入式问题形成详细的保留
1,[Quantum Country readers reliably develop detailed retention for embedded questions (andymatuschak.org)](https://notes.andymatuschak.org/z3kzMVAPanLdwuE4MQYt2ZW3p67Ce57ZVXjwZ),原文：[Quantum Country readers reliably develop detailed retention for embedded questions (andymatuschak.org)](https://notes.andymatuschak.org/z3kzMVAPanLdwuE4MQYt2ZW3p67Ce57ZVXjwZ)
2,## Late-2019 schedule,## 2019年末的时间表
3,"For late-2019 schedule data, see [After five repetitions, most Quantum Country readers reach at least 1 month of demonstrated retention for at least 95% of questions](https://notes.andymatuschak.org/z2MbabeKq79Jk8VPkLYtHMhWQ51osmH8XfAy)",关于2019年下半年的时间表数据，见[经过五次重复，大多数量子国读者对至少95%的问题达到了至少1个月的证明保留](https://notes.andymatuschak.org/z2MbabeKq79Jk8VPkLYtHMhWQ51osmH8XfAy)
4,See also [Quantum Country users rarely forget after demonstrating five-day retention](https://notes.andymatuschak.org/zS5uKLsoTbkJSadTv2U3Z4G3uEBrFxTLy5E),另见[量子国用户在展示了五天的保留后很少忘记](https://notes.andymatuschak.org/zS5uKLsoTbkJSadTv2U3Z4G3uEBrFxTLy5E)
5,## Early-2019 schedule,## 2019年初的时间表
6,All this data is among readers who answered 80%+ of [QCVC](https://notes.andymatuschak.org/zDEm83cN4nymHeX89cvZCPVQJ4hyhmsLexyC) questions in the essay before their first review session.,所有这些数据都是在第一次复习课前回答了80%以上的[QCVC](https://notes.andymatuschak.org/zDEm83cN4nymHeX89cvZCPVQJ4hyhmsLexyC)文章问题的读者。
7,"After 6 repetitions (using an earlier, less aggressive SRS schedule), most 2019H1 users average about 54 days of retention per question.",经过6次重复（使用较早的、不那么积极的SRS时间表），大多数2019H1用户每个问题平均保留约54天。
8,![img](https://notes.andymatuschak.org/BearImages/F022F1DE-0051-41F2-8774-18A19730F9F9-50257-00003E08227452B0/dem_retention.png),![img](https://notes.andymatuschak.org/BearImages/F022F1DE-0051-41F2-8774-18A19730F9F9-50257-00003E08227452B0/dem_retention.png)
9,The median 2019H2 reader had demonstrated 2-week retention on 95%+ of QCVC prompts by session 9. [Source](https://datastudio.google.com/u/0/reporting/1VtXKXFeHu2ItURkfTuFbGsWYetYMZkUe/page/h446/edit) These users average about 24 days of retention per question after 3 repetitions of every prompt. We don’t have data on later repetition numbers yet.,2019H2的中位数读者在第9节时对95%以上的QCVC提示表现出了2周的保留。[来源](https://datastudio.google.com/u/0/reporting/1VtXKXFeHu2ItURkfTuFbGsWYetYMZkUe/page/h446/edit)这些用户在对每个提示重复3次后，每个问题平均保留了约24天。我们还没有后来重复次数的数据。
10,But is this just a survivorship effect? Would these readers have developed this retention in any case? Or is it a selection effect—did these readers already *have* detailed retention of this material? [What is the causal impact of the mnemonic medium’s review sessions on reader retention?](https://notes.andymatuschak.org/z7eT9uRr3hqxJe2ojDnbZm5L6YhCnk6DfSPm2),但这只是一种生存效应吗？这些读者在任何情况下都会形成这种保留？还是说这是一种选择效应--这些读者已经*有了对这种材料的详细保留？[记忆性媒介的复习环节对读者保留的因果影响是什么？](https://notes.andymatuschak.org/z7eT9uRr3hqxJe2ojDnbZm5L6YhCnk6DfSPm2)
