﻿﻿0,# Retrieval practice and transfer learning,# 提取练习和迁移学习
1,[Retrieval practice and transfer learning (andymatuschak.org)](https://notes.andymatuschak.org/z2a8QGPfUmdLCVokLaegNzmaU6ehC58CUtYi),原文：[Retrieval practice and transfer learning (andymatuschak.org)](https://notes.andymatuschak.org/z2a8QGPfUmdLCVokLaegNzmaU6ehC58CUtYi)
2,"The simplest instantiation of the [Testing effect](https://notes.andymatuschak.org/z45mhbpabsigFceeSiRyDXZdvcRqvE2A1xMsn) is elicited when students test themselves on a prompt which they’ll later be tested on (i.e. identically). So: say you memorize a thousand prompts about a topic. What we really care about is not just your ability to answer those specific questions, but how that practice affects your utilizable understanding of the topic. What can you actually do with it? If I ask you an open-ended question involving the knowledge you practiced, can you marshall that knowledge—i.e. [Transfer learning](https://notes.andymatuschak.org/z2hEyCHQpB6UV8z4mYvto7FJud4zWVqZqfxJZ).",最简单的[测试效应](https://notes.andymatuschak.org/z45mhbpabsigFceeSiRyDXZdvcRqvE2A1xMsn)实例发生在学生对着他们之后会被测试的（即相同的）卡片进行测试的时候。所以：假设你记住了关于一个主题的一千张卡片，我们真正关心的不仅仅是你回答这些具体问题的能力，毕竟你早就见过它们了，而更重要的是这种练习使你对该主题的可用理解产生了怎样的影响。你实际上能用它做什么？如果我问你一个涉及你所练习的知识的开放式问题，你能不能调动这些知识——即[迁移学习](https://notes.andymatuschak.org/z2hEyCHQpB6UV8z4mYvto7FJud4zWVqZqfxJZ)。
3,- [The mnemonic medium could include prompts which support near transfer](https://notes.andymatuschak.org/z6MSrv4m23Z41Gwic6ts3i7Hiy63hdNKH8MbZ),- [助记媒介可以包含卡片来支持近迁移](https://notes.andymatuschak.org/z6MSrv4m23Z41Gwic6ts3i7Hiy63hdNKH8MbZ)
4,- [How might the mnemonic medium support readers in building more complex understanding?](https://notes.andymatuschak.org/z7RgD27WGTZmhHEvEeYcZXAZQwPT8QZ6Ee8xQ),- [助记媒介如何帮助读者产生更复杂的理解？](https://notes.andymatuschak.org/z7RgD27WGTZmhHEvEeYcZXAZQwPT8QZ6Ee8xQ)
5,## Experimental evidence,## 实验证据
6,"- [Meta-analytic review and synthesis. Psychological Bulletin, 144(7), 710–756](https://notes.andymatuschak.org/Pan%2C_S._C.%2C_%26_Rickard%2C_T._C._(2018)._Transfer_of_test-enhanced_learning)","- [Meta-analytic review and synthesis. Psychological Bulletin, 144(7), 710–756](https://notes.andymatuschak.org/Pan%2C_S._C.%2C_%26_Rickard%2C_T._C._(2018)._Transfer_of_test-enhanced_learning)"
7,"  - This meta-analysis of transfer effects in retrieval practice finds an overall average transfer effect of d=0.4 relative to non-practice interventions, moderated in particular by response congruency, initial accuracy, and presence of elaborated retrieval during practice.",  - 这个关于提取练习的迁移效应的元分析发现，相对于非练习干预，总体平均迁移效应为 d=0.4，特别是受练习期间的反应一致性、初始准确性和精细提取调节。
8,"- [Butler, A. (2010). Repeated Testing Produces Superior Transfer of Learning Relative to Repeated Studying. Journal of Experimental Psychology. Learning, Memory, and Cognition, 36, 1118–1133.](https://notes.andymatuschak.org/zKhfH8c9tyT3e8sZzDSKZ3yMmLFjybUT1CA)","- [Butler, A. (2010). Repeated Testing Produces Superior Transfer of Learning Relative to Repeated Studying. Journal of Experimental Psychology. Learning, Memory, and Cognition, 36, 1118–1133.](https://notes.andymatuschak.org/zKhfH8c9tyT3e8sZzDSKZ3yMmLFjybUT1CA)"
9,  - small experiments with adapted Wikipedia passages demonstrate retrieval practice improves performance on transfer-like questions relative to re-studying by a similar margin to verbatim questions,  - 用改编的维基百科段落进行的小型实验表明，相对于重新学习，提取练习可以提高学习者面对迁移类问题的表现，其幅度与逐字问题相近。
10,- [A Systematic Review of Applied Research in Schools and Classrooms. Educational Psychology Review.](https://notes.andymatuschak.org/Agarwal%2C_P._K.%2C_Nunes%2C_L._D.%2C_%26_Blunt%2C_J._R._(2021)._Retrieval_Practice_Consistently_Benefits_Student_Learning),- [A Systematic Review of Applied Research in Schools and Classrooms. Educational Psychology Review.](https://notes.andymatuschak.org/Agarwal%2C_P._K.%2C_Nunes%2C_L._D.%2C_%26_Blunt%2C_J._R._(2021)._Retrieval_Practice_Consistently_Benefits_Student_Learning)
11,"  - in this broader systematic review of [Retrieval practice](https://notes.andymatuschak.org/zFGWCfLsZMkwKPYG2F3k9mnpwWM9D6cEJXS), the authors note that “Effect sizes were generally smaller for experiments with rephrased questions compared to experiments with verbatim or repeated questions.” The effect looks smallish—perhaps d~0.1-0.2.",  - 在这个关于[提取练习](https://notes.andymatuschak.org/zFGWCfLsZMkwKPYG2F3k9mnpwWM9D6cEJXS)的更广泛的系统性的综述中，作者指出：「与逐字或重复问题的实验相比，改写问题的实验的效应通常较小。」这个效应看起来很小，也许是 d~0.1-0.2。
12,"- [Samani, J., & Pan, S. (2021). Interleaved Practice Enhances Memory and Problem-Solving Ability in Undergraduate Physics. Npj Science of Learning, 6.](https://notes.andymatuschak.org/z2hbCUF8Lyt1eoAfR5cN74GNYKdUcJBdaK97)","- [Samani, J., & Pan, S. (2021). Interleaved Practice Enhances Memory and Problem-Solving Ability in Undergraduate Physics. Npj Science of Learning, 6.](https://notes.andymatuschak.org/z2hbCUF8Lyt1eoAfR5cN74GNYKdUcJBdaK97)"
13,"  - [Interleaved practice](https://notes.andymatuschak.org/zVBSmoZbMp7kpzoPEsEwbp2ZpH3W6wtfyAJ), which in this instance would involve both [Retrieval practice](https://notes.andymatuschak.org/zFGWCfLsZMkwKPYG2F3k9mnpwWM9D6cEJXS) and the [Spacing effect](https://notes.andymatuschak.org/z5oCe7JTrkYfmb6SHE4n5HxisE7PdwS6nmXEw), produces markedly improved results on a delayed transfer test.",  - [交错练习](https://notes.andymatuschak.org/zVBSmoZbMp7kpzoPEsEwbp2ZpH3W6wtfyAJ)，在这个例子中会涉及到[提取练习](https://notes.andymatuschak.org/zFGWCfLsZMkwKPYG2F3k9mnpwWM9D6cEJXS)和[间隔效应](https://notes.andymatuschak.org/z5oCe7JTrkYfmb6SHE4n5HxisE7PdwS6nmXEw)，在随后的迁移测试中产生了明显的提高。
14,"- [Karpicke, J. D., & Blunt, J. R. (2011). Retrieval Practice Produces More Learning than Elaborative Studying with Concept Mapping. Science, 331(6018), 772–775.](https://notes.andymatuschak.org/z78CeJK6CpQWhzruLZZ8cVxeQ2WaHgzHNmHsq)","- [Karpicke, J. D., & Blunt, J. R. (2011). Retrieval Practice Produces More Learning than Elaborative Studying with Concept Mapping. Science, 331(6018), 772–775.](https://notes.andymatuschak.org/z78CeJK6CpQWhzruLZZ8cVxeQ2WaHgzHNmHsq)"
15,"  - Study primarily designed to assess [Concept mapping](https://notes.andymatuschak.org/z88WWcjQ3JXgNMd2eq9yeStASEfqJwE4dp5) vs. [Retrieval practice](https://notes.andymatuschak.org/zFGWCfLsZMkwKPYG2F3k9mnpwWM9D6cEJXS), but assessment involves inference questions requiring transfer; on these questions, students in the retrieval practice condition performed better than all other conditions (repeated studying, concept mapping), and fairly well in absolute terms.",  - 研究主要是为了评估[概念图](https://notes.andymatuschak.org/z88WWcjQ3JXgNMd2eq9yeStASEfqJwE4dp5)与[提取练习](https://notes.andymatuschak.org/zFGWCfLsZMkwKPYG2F3k9mnpwWM9D6cEJXS)，评估时涉及需要迁移才能回答的推理问题，在这些问题上，提取练习条件下的学生比所有其他条件（重复学习、概念图）表现更好，就绝对数值而言，也相当不错。
16,"- [Do Students Need Fact Knowledge Before Higher Order Learning? Journal of Educational Psychology, 111, 189–209](https://notes.andymatuschak.org/Agarwal%2C_P._(2019)._Retrieval_Practice_%26_Bloom%E2%80%99s_Taxonomy)","- [Do Students Need Fact Knowledge Before Higher Order Learning? Journal of Educational Psychology, 111, 189–209](https://notes.andymatuschak.org/Agarwal%2C_P._(2019)._Retrieval_Practice_%26_Bloom%E2%80%99s_Taxonomy)"
17,"  - In some conditions, students practice with factual questions and are asked to answer higher-order test questions. These students’ performance is ind istinguishable from those who don’t engage in retrieval practice at all.",  - 在某些条件下，学生进行事实问题的练习，并被要求回答高阶测试问题。这些学生的表现与那些完全不进行提取练习的学生几乎没有区别。
18,### To read,### 准备阅读
19,"- Agarwal, P. K., Bain, P. M., & Chamberlain, R. W. (2012). The value of applied research: Retrieval practice improves classroom learning and recommendations from a teacher, a principal, and a scientist. *Educa- tional Psychology Review, 24,*437– 448. http://dx.doi.org/10.1007/ s10648-012-9210-2","- Agarwal, P. K., Bain, P. M., & Chamberlain, R. W. (2012). The value of applied research: Retrieval practice improves classroom learning and recommendations from a teacher, a principal, and a scientist. *Educa- tional Psychology Review, 24,*437– 448. http://dx.doi.org/10.1007/ s10648-012-9210-2"
20,"- Johnson, C. I., & Mayer, R. E. (2009). A testing effect with multimedia learning. Journal of Educational Psychology, 101(3), 621–629. https://doi.org/10.1037/a0015183","- Johnson, C. I., & Mayer, R. E. (2009). A testing effect with multimedia learning. Journal of Educational Psychology, 101(3), 621–629. https://doi.org/10.1037/a0015183"
21,"- McDaniel, M. A., Howard, D. C., & Einstein, G. O. (2009). The Read-Recite-Review Study Strategy: Effective and Portable. Psychological Science, 20(4), 516–522. https://doi.org/10.1111/j.1467-9280.2009.02325.x","- McDaniel, M. A., Howard, D. C., & Einstein, G. O. (2009). The Read-Recite-Review Study Strategy: Effective and Portable. Psychological Science, 20(4), 516–522. https://doi.org/10.1111/j.1467-9280.2009.02325.x"
22,"- McDaniel, M. A., Thomas, R. C., Agarwal, P. K., McDermott, K. B., & Roediger, H. L. (2013). Quizzing in middle-school science: Successful transfer performance on classroom exams. *Applied Cognitive Psychol- ogy, 27,*360–372. http://dx.doi.org/10.1002/acp.2914","- McDaniel, M. A., Thomas, R. C., Agarwal, P. K., McDermott, K. B., & Roediger, H. L. (2013). Quizzing in middle-school science: Successful transfer performance on classroom exams. *Applied Cognitive Psychol- ogy, 27,*360–372. http://dx.doi.org/10.1002/acp.2914"
23,"- Agarwal, P. K. (2019). Retrieval practice and Bloom’s taxonomy: do students need fact knowledge before higher order learning? Journal of Educational Psychology, 111, 2 189–209.","- Agarwal, P. K. (2019). Retrieval practice and Bloom’s taxonomy: do students need fact knowledge before higher order learning? Journal of Educational Psychology, 111, 2 189–209."
24,"- Butler, A. C., Black-Maier, A. C., Raley, N. D., & Marsh, E. J. (2017). Retrieving and applying knowledge to different examples promotes transfer of learning. *Journal of Experimental Psychology: Applied, 23,*433–446. http://dx.doi.org/10.1037/xap0000142","- Butler, A. C., Black-Maier, A. C., Raley, N. D., & Marsh, E. J. (2017). Retrieving and applying knowledge to different examples promotes transfer of learning. *Journal of Experimental Psychology: Applied, 23,*433–446. http://dx.doi.org/10.1037/xap0000142"
25,"- Carpenter, S. K. (2012). Testing enhances the transfer of learning. *Current Directions in Psychological Science, 21,*279–283. http://dx.doi.org/10 .1177/0963721412452728","- Carpenter, S. K. (2012). Testing enhances the transfer of learning. *Current Directions in Psychological Science, 21,*279–283. http://dx.doi.org/10 .1177/0963721412452728"
26,"- Rohrer, D., Taylor, K., & Sholar, B. (2010). Tests enhance the transfer of learning. *Journal of Experimental Psychology: Learning, Memory, and Cognition, 36,*233–239. http://dx.doi.org/10.1037/a0017678","- Rohrer, D., Taylor, K., & Sholar, B. (2010). Tests enhance the transfer of learning. *Journal of Experimental Psychology: Learning, Memory, and Cognition, 36,*233–239. http://dx.doi.org/10.1037/a0017678"
27,"- van Eersel, G. G., Verkoeijen, P. P., Povilenaite, M., & Rikers, R. (2016). The testing effect and far transfer: The role of exposure to key infor- mation. Frontiers in Psychology, 7, 1977. http://dx.doi.org/10.3389/ fpsyg.2016.01977","- van Eersel, G. G., Verkoeijen, P. P., Povilenaite, M., & Rikers, R. (2016). The testing effect and far transfer: The role of exposure to key infor- mation. Frontiers in Psychology, 7, 1977. http://dx.doi.org/10.3389/ fpsyg.2016.01977"
28,"- Balch, W. R. (1998). Practice versus review exams and final exam performance. Teaching of Psychology, 25, 181–185. http://dx.doi.org/10 .1207/s15328023top2503_3","- Balch, W. R. (1998). Practice versus review exams and final exam performance. Teaching of Psychology, 25, 181–185. http://dx.doi.org/10 .1207/s15328023top2503_3"
29,"- Bjork, E. L., Little, J. L., & Storm, B. C. (2014). Multiple-choice testing as a desirable difficulty in the classroom. Journal of Applied Research in Memory & Cognition, 3, 165–170. http://dx.doi.org/10.1016/j.jarmac .2014.03.002","- Bjork, E. L., Little, J. L., & Storm, B. C. (2014). Multiple-choice testing as a desirable difficulty in the classroom. Journal of Applied Research in Memory & Cognition, 3, 165–170. http://dx.doi.org/10.1016/j.jarmac .2014.03.002"
30,"- McConnell, M. M., St-Onge, C., & Young, M. E. (2015). The benefits of testing for learning on later performance. Advances in Health Sciences Education, 20, 305–320. http://dx.doi.org/10.1007/s10459-014-9529-1","- McConnell, M. M., St-Onge, C., & Young, M. E. (2015). The benefits of testing for learning on later performance. Advances in Health Sciences Education, 20, 305–320. http://dx.doi.org/10.1007/s10459-014-9529-1"
31,"- McDaniel, M. A., Anderson, J. L., Derbish, M. H., & Morrisette, N. (2007). Testing the testing effect in the classroom. European Journal of Cognitive Psychology, 19, 494 –513. http://dx.doi.org/10.1080/ 09541440701326154","- McDaniel, M. A., Anderson, J. L., Derbish, M. H., & Morrisette, N. (2007). Testing the testing effect in the classroom. European Journal of Cognitive Psychology, 19, 494 –513. http://dx.doi.org/10.1080/ 09541440701326154"
32,"- McDaniel, M. A., Wildman, K. M., & Anderson, J. L. (2012). Using quizzes to enhance summative-assessment performance in a web-based class: An experimental study. Journal of Applied Research in Memory & Cognition, 1, 18–26. http://dx.doi.org/10.1016/j.jarmac.2011.10.001","- McDaniel, M. A., Wildman, K. M., & Anderson, J. L. (2012). Using quizzes to enhance summative-assessment performance in a web-based class: An experimental study. Journal of Applied Research in Memory & Cognition, 1, 18–26. http://dx.doi.org/10.1016/j.jarmac.2011.10.001"
