﻿﻿0,# Skill development requires challenging homeostasis,# 发展技能需要挑战稳态
1,[Skill development requires challenging homeostasis](https://notes.andymatuschak.org/z4V56SvpNAHuaWSkU9U319uTxqBppv1mRx3aE),原文：[Skill development requires challenging homeostasis](https://notes.andymatuschak.org/z4V56SvpNAHuaWSkU9U319uTxqBppv1mRx3aE)
2,"To build muscle tissue, you have to push your body’s homeostatic mechanisms past their normal ability to compensate, at which point your body will strengthen your muscles to re-establish homeostasis. Our neurological structures appear to respond in similar ways, adapting connection networks to make often-used routes easier to traverse (Barnes and Finnerty, 2010).","为了让肌肉更强壮，你必须要挑战身体的稳态机制，超越稳态一般所能补偿的范围，直到身体增强肌肉力量来重新建立稳态。我们的神经结构似乎有类似的应对机制，会调整网络之间的连接，使得经常使用的连接路线更畅通 (Barnes and Finnerty, 2010)。"
3,"So if you aim to develop a skill, you need to challenge homeostasis. By pushing into a “new normal” beyond your current comfort zone, your body will respond by making that state easier. At that point, the “new normal” will become the new homeostasis set-point, so you’ll need to push yourself even harder to keep growing. See [Purposeful practice, after Ericsson and Pool](https://notes.andymatuschak.org/z7pC147AdTuRWQ2XKyRYpQC8FiM6rmjwRqwzv).",因此，如果你有志于发展一项技能，你便需要挑战这种稳态。超越目前的舒适区，进入「新常态」后，身体便会有所回应，让新的状态易于接受。此时，「新常态」将成为新的稳态点，所以为了继续成长，你便要再接再厉，砥砺前行。见[目的明确的练习，术语来自 Ericsson和 Pool](https://notes.andymatuschak.org/z7pC147AdTuRWQ2XKyRYpQC8FiM6rmjwRqwzv)。
4,## Does ceasing to challenge homeostasis lead to regression?,## 停止挑战稳态后是否会退步？
5,"{Woollett et al} ({2009}) found that retired London cab drivers’ performance at navigational tasks is {poorer than that of full-time London cab drivers, but greater than that of control subjects}.",{Woollett 等人} ({2009}) 发现，退休的伦敦出租车司机在导航任务上{比全职的伦敦出租车司机表现差，但相比对照组的司机表现更好}。
6,------,------
7,## References,## 参考文献
8,"Barnes, S. J., & Finnerty, G. T. (2010). Sensory Experience and Cortical Rewiring. The Neuroscientist, 16(2), 186–198. https://doi.org/10.1177/1073858409343961","Barnes, S. J., & Finnerty, G. T. (2010). 感官体验和大脑皮质重塑. The Neuroscientist, 16(2), 186-198. https://doi.org/10.1177/1073858409343961"
9,"Ericsson, A., & Pool, R. (2016). *Peak: Secrets from the New Science of Expertise* (1 edition). Eamon Dolan/Houghton Mifflin Harcourt. [Peak - Ericsson and Pool](https://notes.andymatuschak.org/z6Sx5DSLp1Jdt4wqvN36Xvregj6mQnCnFopmy)","Ericsson, A., & Pool, R. (2016). **尖峰：来自关于专业的新科学的秘密** （第 1 版）Eamon Dolan/Houghton Mifflin Harcourt。[Peak - Ericsson and Pool](https://notes.andymatuschak.org/z6Sx5DSLp1Jdt4wqvN36Xvregj6mQnCnFopmy)"
