﻿﻿0,# Skillful reading is generally non-linear,# 熟练的阅读通常是非线性的
1,[Skillful reading is generally non-linear (andymatuschak.org)](https://notes.andymatuschak.org/z3S7mmbydSX5Kx3V8mvkWLBcRGCgtroaY8XPz),原文：[Skillful reading is generally non-linear (andymatuschak.org)](https://notes.andymatuschak.org/z3S7mmbydSX5Kx3V8mvkWLBcRGCgtroaY8XPz)
2,"Books are almost always written with highly linear structures, and the form of the medium itself encourages the reader to move through the text linearly. But skillful readers rarely read linearly. Sometimes they read with intention—looking for how the book can help them answer a specific question. Or they might do a sparse first pass to understand the book’s structure (see [Inspectional reading](https://notes.andymatuschak.org/z7nGeuP4x5jheM35njJFkr1Ss5CAu1S5WmwPg)). Or they might start with the index and focus on the most relevant passages.",书籍的结构几乎总是高度线性的，书籍这一媒介本身的形式也鼓励读者线性地阅读文本。但掌握阅读技巧的读者很少以线性方式阅读——他们要么带着目的阅读，寻找书中能帮他们解决问题的内容；要么在第一次阅读时理解这本书的结构（见[检视阅读](https://notes.andymatuschak.org/z7nGeuP4x5jheM35njJFkr1Ss5CAu1S5WmwPg)）；或者从索引开始，只关注其中最重要的段落。
3,An interesting contrary argument in McCutcheon (2015):,McCutcheon（2015）有一个有趣的反面观点：
4,"> Ancient authors incorporated this linearity of the scroll into the totality of the hermeneutics for a text. They constructed poetry books without a clear linear narrative linking the individual poems, but relied on the scroll to force readers to make interpretive sense of this variatio of content, since they had to proceed through the poetry book in that manner.",> 古代作者将卷轴的线性特点作为文本解释中的一个维度（译者注：古代的西方解释学即是解释神话、圣经、法典等的技艺之学）。他们在卷轴上写就的诗集没有明确的线索来串连一首首诗歌，但是卷轴的特点迫使读者对内容变化做出解释，因为他们必须以线性方式来阅读诗集。
5,## References,## 参考文献
6,"Edwards, P. N. (2005). How to Read a Book.","Edwards, P. N. (2005). How to Read a Book."
7,"> The purpose of reading books like these is to gain information. Here, finding out what happens — as quickly and easily as possible — is your main goal. So unless you’re stuck in prison with nothing else to do, NEVER read a non-fiction book from beginning to end.",> 阅读这类书籍的目的是获得信息。此时干脆利落地找出事由主因才是主要目标。因此，除非你被困在监狱里无事可做，否则**千万**不要从头到尾读非虚构类书籍。
8,"> Instead, when you’re reading for information, you should ALWAYS jump ahead, skip around, and use every available strategy to **discover**, then to **understand**, and finally to **remember**what the writer has to say. This is how you’ll get the most out of a book in the smallest amount of time.",> 为获取信息而阅读时，你更应该始终跳在前面，跳来跳去，并使用一切可用的策略来**发现**，然后是**理解**，最后是**记住**作者要表达的内容。这样便能在最短的时间里从书中汲取最多的营养。
9,"McCutcheon, R. W. (2015). Silent Reading in Antiquity and the Future History of the Book. Book History, 18(1), 1–32. https://doi.org/10.1353/bh.2015.0011","McCutcheon, R. W. (2015). Silent Reading in Antiquity and the Future History of the Book. Book History, 18(1), 1–32. https://doi.org/10.1353/bh.2015.0011"
