﻿﻿0,# Skill development in games is subservient to other intrinsically meaningful purposes,# 游戏中的技能培养服从于其他有内在意义的目的
1,[Skill development in games is subservient to other intrinsically meaningful purposes (andymatuschak.org)](https://notes.andymatuschak.org/zeb2g4GbLPhXGKZavqQ7v7iuqe5B8jGhnFKw),原文：[Skill development in games is subservient to other intrinsically meaningful purposes (andymatuschak.org)](https://notes.andymatuschak.org/zeb2g4GbLPhXGKZavqQ7v7iuqe5B8jGhnFKw)
2,"[Games effectively develop players’ skills](https://notes.andymatuschak.org/z2J6v5xtfJaeW5KFF6fNwkHxLWQonxuUA5ndg), but that’s not the point of the experience: the skills are incidental to intrinsically meaningful purposes—aesthetic, social, narrative, etc. The true purpose is aesthetic, not practical: [Games are an aesthetic medium of action](https://notes.andymatuschak.org/z5LACRpfDs6pfGiJV5RjixDj6cMsPQoQrSj3s). And that aesthetic is generally guided by [“Find the fun”](https://notes.andymatuschak.org/z2BH7jhTMRmmjM5UHyVUShW4ZtTSzxaV7oubs).",[游戏能有效地培养玩家的技能](https://notes.andymatuschak.org/z2J6v5xtfJaeW5KFF6fNwkHxLWQonxuUA5ndg)，但这并不是游戏体验的重点：这些技能对于有内在意义的目的——审美、社交、叙事等——是附带的。真正的目的是审美的，而不是实用的：[游戏是审美的行动媒介](https://notes.andymatuschak.org/z5LACRpfDs6pfGiJV5RjixDj6cMsPQoQrSj3s)。而审美观通常由[“寻找乐趣”](https://notes.andymatuschak.org/z2BH7jhTMRmmjM5UHyVUShW4ZtTSzxaV7oubs)引导。
3,Skill-building is a means for these ends: I want to learn how to fly because it is beautiful. Skill-building is also a natural by-product of those ends: I become better at flying because the environment contains tricky platforms I struggle to reach.,技能培养是实现这些目的的一种手段：我想学习如何飞行，因为它很美。技能培养也是这些目的的自然副产品：我变得更擅长飞行，因为环境中有我难以到达的平台。
4,"[Educational game](https://notes.andymatuschak.org/z5YBATDEy9pSqzTgNhH6MhGqgkG8mAF7QTLK5) designers ignore this observation and make skill-building itself the primary purpose. Sometimes the player’s presented with some other ostensible purpose (“beat the high score!”), but that’s a thin veneer ; it’s obviously not the primary consideration for the designers. These games subvert their own aims: [Educational games are a doomed approach to creating enabling environments](https://notes.andymatuschak.org/z7wPt3dxX5hp6LK3PLUBTJXxk7kAhMuh8UDck).",[教育游戏](https://notes.andymatuschak.org/z5YBATDEy9pSqzTgNhH6MhGqgkG8mAF7QTLK5)的设计者忽略了这一点，而将技能培养本身作为首要目的。有时玩家会表现出一些名义上的目的（「打破高分！」），但这只是一层一戳即破的梦幻泡影；这显然不是设计师的首要考虑因素。这些游戏颠覆了它们自己的目标：[教育游戏对于创造赋能环境是注定失败的方法](https://notes.andymatuschak.org/z7wPt3dxX5hp6LK3PLUBTJXxk7kAhMuh8UDck)。
5,## References,## 参考文献
6,"Email with Bret Victor , 2015/03/19. [Re: Toys with weight-bearing educative properties](javascript:void(0))",Bret Victor 的电子邮件，2015/03/19。[回复：具有负重教育功能的玩具](javascript:void(0))
7,"> I think you’ve definitely got the right idea, thinking about activities with “weight-bearing” concepts. But I think that excessive focus on “are we *teaching* these concepts, are children *learning* these concepts” leads to condescending designs, which fail to be either interesting or educational. …",> 我认为你的想法绝对是正确的，用「负重」的概念来思考活动。但我认为，过度关注「我们是否在教授这些概念，孩子们是否在学习这些概念」会导致居高临下的设计，既不有趣，也没有教育意义。
8,>,>
9,"> Maybe instead, design activities where the concepts bear the weight, but focus on making the activity inherently interesting and joyful *for both designer and player.* Ask yourself: “*Do I love playing with this myself?*” And trust that players, by spending hours with these concepts “in their hands”, will pick up a familiarity , then fluency , then understanding, that’s hard to design for explicitly .",> 也许相反，在设计活动时，概念承载着重量，但专注于使活动本身**对设计师和玩家来说**有趣和快乐。问问自己：「我自己喜欢玩这个吗？」并相信玩家，通过花几个小时**接触**这些概念，会获得熟悉，然后是流利，然后是理解，这很难明确地设计出来。
