﻿﻿0,"# Software interfaces often harmfully frame destructive operations as final decisions, not contingent preferences",# 软件界面经常将破坏性操作作为最终决定，而不是视情况而定的选择
1,"[Software interfaces often harmfully frame destructive operations as final decisions, not contingent preferences (andymatuschak.org)](https://notes.andymatuschak.org/z5vXaKVAPBNKAAi9RXNudduhyGadGXqtMVTEs)","原文：[Software interfaces often harmfully frame destructive operations as final decisions, not contingent preferences (andymatuschak.org)](https://notes.andymatuschak.org/z5vXaKVAPBNKAAi9RXNudduhyGadGXqtMVTEs)"
2,"[Inboxes only work if you trust how they’re drained](https://notes.andymatuschak.org/z5tiFxnNKMZCnc8G9R1N51L5hknyRGmyCQx18), and usually that requires aggressively dropping lower-priority items. Some examples:",[收件箱需要可靠的清空流程才有效](https://notes.andymatuschak.org/z5tiFxnNKMZCnc8G9R1N51L5hknyRGmyCQx18)，而通常这需要积极地放弃较低优先级的项目。一些例子：
3,- archiving low-priority emails to keep your inbox legible,- 将低优先级的电子邮件归档，以保持收件箱的可读性
4,- dropping straggler to-do items,- 丢弃掉队的待办事项
5,- closing wishful browser tabs to keep the browser UI manageable,- 关闭一厢情愿的浏览器标签，以保持浏览器界面的可管理性
6,- deleting long-unread PDFs from your downloads folder,- 删掉你的下载文件夹里的那些长期未读的 PDF 文件
7,"Those actions all feel weighty because they’re destructive. Sure, if you close the tab, you could always re-open it later, but you’re often afraid that if you close it, you’ll never see it again.",这些行动都让人感到沉重，因为它们是破坏性的。当然，如果你关闭标签，你总是可以在以后重新打开它，但你总是害怕如果你关闭它，那你就再也看不到它了。
8,"Such destructive actions often don’t correspond to what we actually mean. We often mean something like: if I have a light day in the next week (i.e. if the arrival rate is low), or if I have time in the next few evenings (i.e. if I temporarily increase the departure rate), I’ll check this out… but otherwise I won’t. The other tabs I have open are much more important right now.",这种破坏性的行动往往不符合我们的实际意思。我们的意思往往是：如果我在下周有一个轻松的日子（即如果流入率很低），或者如果我在接下来的几个晚上有时间（即如果我暂时增加流出率），我会打开来看看......否则我就不会了。我现在打开的其他标签要重要得多。
9,"Similarly, if you’re revising an essay, you might struggle with an interesting paragraph which doesn’t really belong. It feels destructive to delete the paragraph, and if you move it to a “graveyard” section, you don’t trust that you’ll ever see it again.",同样，如果你正在修改一篇文章，你可能会纠结于一个有趣的段落，但它其实并不属于那里。删除段落会给人一种破坏性的感觉，如果你把它移到一个「墓地」区域，你就不相信你会再看到它。
10,"Typical software systems are over-formal. They insist on finality, though their users usually think in terms of relative preferences, contingent on context. On the other hand, systems which explicitly reify “priority” and “context” are typically over-fiddly and unusable. A better “core verb” is needed. One example of a possible solution: [Spaced repetition can lower the stakes around destructive inbox-maintenance operations](https://notes.andymatuschak.org/z7yRMBXGc81KkUwLxefodzfnnfKXx63vXzP88).",典型的软件系统是过于正式的。它们坚持最终性，尽管它们的用户通常是以相对的偏好来思考的，这取决于环境。另一方面，明确重申「优先权」和「背景」的系统通常过于繁琐，无法使用。我们需要一个更好的「核心动词」。一个可能的解决方案的例子：[间隔重复可以降低破坏性的收件箱维护操作的风险](https://notes.andymatuschak.org/z7yRMBXGc81KkUwLxefodzfnnfKXx63vXzP88)。
11,------,------
12,## References,## 参考文献
13,"Matuschak, A. (2019, December). Taking knowledge work seriously. Presented at the Stripe Convergence, San Francisco.","Matuschak, A. (2019, December). Taking knowledge work seriously. Presented at the Stripe Convergence, San Francisco."
