[
  {
    "key": "0",
    "original": "# Metacognitive supports as cognitive scaffolding",
    "translation": "# 元认知支持作为认知脚手架",
    "stage": 9
  },
  {
    "key": "1",
    "original": "[Metacognitive supports as cognitive scaffolding (andymatuschak.org)](https://notes.andymatuschak.org/z4qFtxPZi21DKoLruHcmsocee1YnZy9JMArb6)",
    "translation": "原文：[Metacognitive supports as cognitive scaffolding (andymatuschak.org)](https://notes.andymatuschak.org/z4qFtxPZi21DKoLruHcmsocee1YnZy9JMArb6)",
    "stage": 3
  },
  {
    "key": "2",
    "original": "[Learning requires metacognition](https://notes.andymatuschak.org/z7J71kWtJfZrdWHevwTbq6ih3G1YAvRbmXa63), but environments can take some of that metacognitive burden off of learners’ shoulders.",
    "translation": "[学习需要元认知技能](https://notes.andymatuschak.org/z7J71kWtJfZrdWHevwTbq6ih3G1YAvRbmXa63)，不过环境可以减轻学习者的元认知负担。",
    "stage": 5
  },
  {
    "key": "3",
    "original": "In a classroom setting, teachers do much of the monitoring, evaluation, planning, and executive control. Of course, they sometimes do *too* much of it, but in many situations, this can free students to focus on the material at hand.",
    "translation": "在课堂中，教师会大量监控、评估、计划、控制学生的执行。当然，他们有时候做得**太**多了，但是在很多情况下，这可以让学生把注意力放在手头的材料上。",
    "stage": 3
  },
  {
    "key": "4",
    "original": "On [Quantum Country](https://quantum.country/), our interleaved review sessions help readers notice when they’re not absorbing the material and give them a sense of ease when their memory is solid. The environment also plans and executes subsequent memory practice accordingly.",
    "translation": "在[量子国度](https://quantum.country/)中，我们穿插的复习环节会帮助读者注意到他们是否掌握材料，并在他们的记忆扎实时给他们一种轻松的感觉。该环境还相应地计划和执行后续的记忆练习。",
    "stage": 3
  },
  {
    "key": "5",
    "original": "Games are particularly good at this:",
    "translation": "游戏在这方面做得特别好：",
    "stage": 5
  },
  {
    "key": "6",
    "original": "- [Games help players evaluate their developing skills](https://notes.andymatuschak.org/z2tZBJUtAasH3bGxHaEpFdP5zjjiWwqDsFxEM)",
    "translation": "- [游戏帮助玩家评估他们正在发展的技能](https://notes.andymatuschak.org/z2tZBJUtAasH3bGxHaEpFdP5zjjiWwqDsFxEM)",
    "stage": 5
  },
  {
    "key": "7",
    "original": "- [Games help players make and adapt plans](https://notes.andymatuschak.org/z7mU6RxxzJ9FZBCcgbYQsv9nExuK3xVm635Ks)",
    "translation": "- [游戏帮助玩家制定和调整计划](https://notes.andymatuschak.org/z7mU6RxxzJ9FZBCcgbYQsv9nExuK3xVm635Ks)",
    "stage": 5
  }
]