﻿﻿0,# Embedded prompt templates may actively scaffold prompt-writing for mnemonic medium readers,# 嵌入卡片模板可以主动辅助助记媒介读者编写卡片
1,[Embedded prompt templates may actively scaffold prompt-writing for mnemonic medium readers](https://notes.andymatuschak.org/z2GSNFzS3TRYHW1UGQhay6Y4J16BVRSwsjWZ),原文：[Embedded prompt templates may actively scaffold prompt-writing for mnemonic medium readers](https://notes.andymatuschak.org/z2GSNFzS3TRYHW1UGQhay6Y4J16BVRSwsjWZ)
2,"[The mnemonic medium may help scaffold prompt-writing through author-provided prompts](https://notes.andymatuschak.org/z4j3bcyJfBzGdpEoQje9gaVeECfsZFgMEhBNL), but sometimes it’s particularly important that the reader write their own prompts—e.g. particularly when the impact is personal rather than intellectual, as in [Spaced repetition may be a helpful tool to develop or change habits](https://notes.andymatuschak.org/z249N76MhdBzDfrwMnqP6jEsTv6Z8u2kJrp8). In these situations, what if the author could help the reader write their own prompts? Perhaps they could provide a set of prompt templates to remix, interleaved directly into the reading experience as in this sketch:",[助记媒介可能通过提供作者创作的卡片来辅助卡片编写](https://notes.andymatuschak.org/z4j3bcyJfBzGdpEoQje9gaVeECfsZFgMEhBNL)，但有时由读者亲自写卡片特别重要——例如卡片内容主要是在个人层面上影响读者，而非智力层面，[间隔重复可能是培养或改变习惯的有用工具](https://notes.andymatuschak.org/z249N76MhdBzDfrwMnqP6jEsTv6Z8u2kJrp8)。这时候作者若能够帮助读者写出他们自己的卡片，那将会怎么样呢？也许他们可以提供一套卡片模板给读者自己使用，卡片模板贯穿于阅读体验中，就像这幅草图一样：
3,![img](https://notes.andymatuschak.org/BearImages/5F72BD9A-D0DD-42D5-ABCC-3023C078CEEA-454-0000073D7A921C49/habit%20demo.png),![img](https://notes.andymatuschak.org/BearImages/5F72BD9A-D0DD-42D5-ABCC-3023C078CEEA-454-0000073D7A921C49/habit%20demo.png)
4,This mechanism will depend heavily on good answers to [How might the mnemonic medium adapt to readers’ differing backgrounds and goals?](https://notes.andymatuschak.org/z287gqhS79WChEm7zRiB5vcuVAXYCnn3GCXv). This is the kind of thing which could readily feel quite irritating.,要实现好这个机制，就必须解决[助记媒介如何适应读者的不同背景和目标？](https://notes.andymatuschak.org/z287gqhS79WChEm7zRiB5vcuVAXYCnn3GCXv)的问题。这个问题挺令人烦躁。
5,"Perhaps the typing interaction should be pulled out “above” the prompt itself, so that several prompts can be generated from a single response; e.g. “What frictions do I feel when trying to [do daily exercise](https://notes.andymatuschak.org/z2GSNFzS3TRYHW1UGQhay6Y4J16BVRSwsjWZ)?” and “What’s one (new) thing I might try to make it easier to [do daily exercise](https://notes.andymatuschak.org/z2GSNFzS3TRYHW1UGQhay6Y4J16BVRSwsjWZ)?”, with both templates’ blanks filled in with the chosen habit.",也许应该把文字输入交互提取出来，放在卡片的「上方」，这样就可以从一个回答中产生几个卡片；例如，「我在尝试[做日常练习](https://notes.andymatuschak.org/z2GSNFzS3TRYHW1UGQhay6Y4J16BVRSwsjWZ)时感到什么摩擦？」和 「为了使[做日常练习](https://notes.andymatuschak.org/z2GSNFzS3TRYHW1UGQhay6Y4J16BVRSwsjWZ)更容易，我可以尝试什么（新）事情？」，两个模板的空白处都填上所选择的习惯。
6,"A variant of this mechanism could be framed as a multi-part prompt (the card unfolding like origami?): “At this moment, what habit do you instinctively feel you want to make more reliable?” / “What frictions do you feel when trying to do that habit?” / “How might you ease those frictions or make it easier to do that habit?” With this type of multi-part prompt, a typing interaction may not be necessary: the later prompts can simply speak to the earlier ones.",这种机制的一个变种可以是多面卡片 (卡片像折纸一样展开？)：「此时此刻，你本能地想让什么习惯更可靠？」/「当你试图做这个习惯时，你感到有什么摩擦？」/「你如何缓解这些摩擦或使这个习惯做起来更容易？」对于这种类型的多面卡片，可能没有必要进行输入交互：后面的提示可以简单地与前面的提示对话。
7,A related possibility: [Reflection prompts can record and accumulate responses over time](https://notes.andymatuschak.org/z2Bj633qFBDgBfPA4X4KRVJcxJr5sJsckFa9),一个相关的可能性：[反思卡片可以记录和积累长期的反馈](https://notes.andymatuschak.org/z2Bj633qFBDgBfPA4X4KRVJcxJr5sJsckFa9)
8,------,------
9,## References,## 参考文献
10,"Conversation with Taylor Rogalski, 2020-05-10","与泰勒-罗加尔斯基的对话, 2020-05-10"
