﻿﻿0,# How might the mnemonic medium support readers in building more complex understanding?,# 助记媒介如何帮助读者建立更复杂的理解？
1,[How might the mnemonic medium support readers in building more complex understanding? (andymatuschak.org)](https://notes.andymatuschak.org/z7RgD27WGTZmhHEvEeYcZXAZQwPT8QZ6Ee8xQ),原文：[How might the mnemonic medium support readers in building more complex understanding? (andymatuschak.org)](https://notes.andymatuschak.org/z7RgD27WGTZmhHEvEeYcZXAZQwPT8QZ6Ee8xQ)
2,"The [Mnemonic medium](https://notes.andymatuschak.org/z4rRX3qwSSJRsEkdXKwH2shamgHNeRthrMLiF) helps readers remember what they’ve read, and that’s an important first step to understanding ([Deep understanding requires detailed knowledge of fundamentals](https://notes.andymatuschak.org/zQiumA4k3SXo1GeRVJpsrVaBRETAoyYmSERS)). We also use these prompts to help readers acquire conceptual knowledge: [Spaced repetition memory systems can be used to develop conceptual understanding](https://notes.andymatuschak.org/z6UZP7P4sRNgRKSvNj7tMV5uW6dDhwwbdZCy9). And we’ve gone beyond recall: [The mnemonic medium can help readers apply what they’ve learned through simple application prompts](https://notes.andymatuschak.org/z6Y8xDS2AJyE1d34X99y14Sk1A7YCNas5kFjA). So. How might we continue up [Bloom’s taxonomy](https://notes.andymatuschak.org/z2o43GMSejBW6vU4axsSTHit8hxaUBJYUTD8Z) to support more complex types of understanding? Related early experiments suggests that this may be possible: [Spaced repetition memory systems can be used to prompt application, synthesis, and creation](https://notes.andymatuschak.org/zE8PK4UUAAWK6LEcmr8jja8JdxpUxcf1FUCX).",[助记媒介](https://notes.andymatuschak.org/z4rRX3qwSSJRsEkdXKwH2shamgHNeRthrMLiF)帮助读者记住他们读过的东西，这是理解的重要前提（[深入理解基于详细的基础知识](https://notes.andymatuschak.org/zQiumA4k3SXo1GeRVJpsrVaBRETAoyYmSERS)）。我们还利用这些卡片来帮助读者获得概念性的知识：[间隔重复记忆系统可用于发展概念性理解](https://notes.andymatuschak.org/z6UZP7P4sRNgRKSvNj7tMV5uW6dDhwwbdZCy9)。而且我们能做到的不仅仅是单纯的回忆：[助记媒介可以通过简单的应用卡片帮助读者应用他们所学的知识](https://notes.andymatuschak.org/z6Y8xDS2AJyE1d34X99y14Sk1A7YCNas5kFjA)。那么，顺着[布鲁姆分类法](https://notes.andymatuschak.org/z2o43GMSejBW6vU4axsSTHit8hxaUBJYUTD8Z)我们应该如何达到更高的思维水平，以支持更复杂的理解类型呢？相关的早期实验表明，这可能是可行的：[间隔重复记忆系统可用于促进应用、综合和创造](https://notes.andymatuschak.org/zE8PK4UUAAWK6LEcmr8jja8JdxpUxcf1FUCX)。（译注：布鲁姆的分类法是一个层次结构模型——一种根据六个认知复杂程度对思维进行分类的方法。布鲁姆的模型由六个层次组成，三个较低的层次（记忆、理解和应用）比较高的层次（分析、评估和创造）更基本，见下图。如果学习者已经掌握了更高的水平，那么可以认为他掌握了以下更低的层次。）
3,One angle would be to focus on [Retrieval practice and transfer learning](https://notes.andymatuschak.org/z2a8QGPfUmdLCVokLaegNzmaU6ehC58CUtYi) (e.g. [The mnemonic medium could include prompts which support near transfer](https://notes.andymatuschak.org/z6MSrv4m23Z41Gwic6ts3i7Hiy63hdNKH8MbZ)).,一个角度是关注[提取练习和迁移学习](https://notes.andymatuschak.org/z2a8QGPfUmdLCVokLaegNzmaU6ehC58CUtYi)（例如[助记媒介可以包含支持近迁移的卡片](https://notes.andymatuschak.org/z6MSrv4m23Z41Gwic6ts3i7Hiy63hdNKH8MbZ)）。
4,"A solution is likely to involve adding complexity to prompts over time, perhaps introducing synthesis-oriented prompts after readers already have firm recall. See [The mnemonic medium can be adapted to author an experience which unfolds over time](https://notes.andymatuschak.org/zvzwYeFU3Au4Ya2uVh2k3BUu8udZB7NSrAdL).",随着时间的推移来增加卡片的复杂性或许是一种解决方案——在读者已经有了牢固的记忆之后再引入综合性的卡片。见[助记媒介略加调整后可以容纳逐步发展的体验](https://notes.andymatuschak.org/zvzwYeFU3Au4Ya2uVh2k3BUu8udZB7NSrAdL)。
