﻿﻿0,# How might the mnemonic medium enable readers in genres outside platform knowledge?,# 助记媒介如何在平台类知识之外的体裁中赋能读者？
1,[How might the mnemonic medium enable readers in genres outside platform knowledge? (andymatuschak.org)](https://notes.andymatuschak.org/z57S2Fte6gAnnM1gCS2nHpH7NYAiXD8KeDfvZ),原文：[How might the mnemonic medium enable readers in genres outside platform knowledge? (andymatuschak.org)](https://notes.andymatuschak.org/z57S2Fte6gAnnM1gCS2nHpH7NYAiXD8KeDfvZ)
2,"[The mnemonic medium is particularly valuable for platform knowledge](https://notes.andymatuschak.org/z2bwNMKjXjzp9tGrK6Hm7PXpoEeNAG9M65JW6), but we suspect it can help readers connect more deeply to material in other genres, like:",[助记媒介对于平台知识特别有价值](https://notes.andymatuschak.org/z2bwNMKjXjzp9tGrK6Hm7PXpoEeNAG9M65JW6)，但我们怀疑它是否能够帮助读者更深入地联系到其他体裁的材料，例如：
3,- persuasive writing,- 议论文
4,- informal discussion,- 非正式讨论
5,- reference material,- 参考资料
6,"  - Max Roser, 2020-06-15, points out that in some ways, OWiD is more like an augmented spreadsheet than like augmented prose.","  - Max Roser, 2020-06-15，指出，在某些方面，OWiD\* 更像是一个增强的电子表格，而不是增强的散文。（\*译注：Our World in Data，由牛津大学的学者们建立，旨在以数据的方式，让我们更全面，更精确的了解这个世界）"
7,"  - [Cell Biology by the Numbers](https://notes.andymatuschak.org/zXBk7GLFDaxgd6oMsRd5Jdr17dnCtik3MQ8) is in between in an interesting way… it’s also like an augmented spreadsheet, but the expository prose adds much richness, akin to [Mnemonic medium prompts rely on invoking external experiences (from narrative, from real-world experience)](https://notes.andymatuschak.org/zBnpJjh6V7yrWbNBJ39Gx2TXiyXVQ4jByPc)",  - [Cell Biology by the Numbers](https://notes.andymatuschak.org/zXBk7GLFDaxgd6oMsRd5Jdr17dnCtik3MQ8) 以一种有趣的方式介于两者之间……它也像一个增强的电子表格，但说明文使其更加充实，类似于[助记媒介卡片依赖于调用外部经验（来自叙事，来自现实世界的经验）](https://notes.andymatuschak.org/zBnpJjh6V7yrWbNBJ39Gx2TXiyXVQ4jByPc)
8,- academic papers,- 学术论文
9,- Twitter threads: [Twitter threads could be an interesting context for the mnemonic medium](https://notes.andymatuschak.org/z4rDaiTpdFf2nmTEuHyyR8RfQWaMZn5gRtxcb),- 推特帖子：[Twitter 帖子可能是助记媒介的有趣背景](https://notes.andymatuschak.org/z4rDaiTpdFf2nmTEuHyyR8RfQWaMZn5gRtxcb)
10,Some challenges from work so far: [Lessons learned from applying the mnemonic medium to non-technical texts](https://notes.andymatuschak.org/ztWkeRtP1VRttCcrGPmDH6trs3vobziJMHT),到目前为止，工作中遇到的一些挑战：[将助记媒介应用于非技术性文章的经验教训](https://notes.andymatuschak.org/ztWkeRtP1VRttCcrGPmDH6trs3vobziJMHT)
11,One significant difference between these genres and platform knowledge will be significantly increased user variation—both in terms of motivation/purpose and in terms of prior knowledge. I expect this will require the medium to become more flexible. [How might the mnemonic medium adapt to readers’ differing backgrounds and goals?](https://notes.andymatuschak.org/z287gqhS79WChEm7zRiB5vcuVAXYCnn3GCXv),这些体裁和平台知识之间的主要区别包括用户差异的显著增加ーー无论是在动机/目的方面，还是在预备知识方面。我预计这要求媒介更加灵活。[助记媒介如何适应读者不同的背景和目标？](https://notes.andymatuschak.org/z287gqhS79WChEm7zRiB5vcuVAXYCnn3GCXv)
12,I suspect that one key approach will be using the medium less to build detailed memory and more in terms of [The mnemonic medium keeps readers in contact with material over time](https://notes.andymatuschak.org/z7tjqSxGsJ53tXsGkRpchsECWcMsW3sFUw86U).,我猜想，关键方法是少用这种媒介建立详细的记忆，而多用[助记媒介使读者与材料保持长久联系](https://notes.andymatuschak.org/z7tjqSxGsJ53tXsGkRpchsECWcMsW3sFUw86U)。
13,One framing that bears on this question: [What if the mnemonic medium were reframed as a means to engage more deeply with a text?](https://notes.andymatuschak.org/z8ByVmn3qYHQmkzLRGN1958M1aYLZ2yzLbvGs),与这个问题有关的一个框架：[如果助记媒介被重新设计成一种更深入地参与文本的手段会怎样？](https://notes.andymatuschak.org/z8ByVmn3qYHQmkzLRGN1958M1aYLZ2yzLbvGs)
14,Related potential mechanisms:,相关的潜在机制：
15,- [Embedded prompt templates may actively scaffold prompt-writing for mnemonic medium readers](https://notes.andymatuschak.org/z2GSNFzS3TRYHW1UGQhay6Y4J16BVRSwsjWZ),- [嵌入卡片模板可以主动辅助助记媒介读者编写卡片](https://notes.andymatuschak.org/z2GSNFzS3TRYHW1UGQhay6Y4J16BVRSwsjWZ)
