﻿﻿0,# Impact of mnemonic medium on downstream learning,# 助记媒介对下游学习的影响
1,[Impact of mnemonic medium on downstream learning (andymatuschak.org)](https://notes.andymatuschak.org/zhYZD1BMjUDeKAFQdyb55XNnMMaJoSfjKh9),原文：[Impact of mnemonic medium on downstream learning (andymatuschak.org)](https://notes.andymatuschak.org/zhYZD1BMjUDeKAFQdyb55XNnMMaJoSfjKh9)
2,[Does studying QCVC help readers understand the subsequent Search essay?](https://notes.andymatuschak.org/z35cVNSmpJHTqJSM6MseUdgEapTsvMhKH26CP),[学习QCVC是否有助于读者理解随后的《搜索》一文？](https://notes.andymatuschak.org/z35cVNSmpJHTqJSM6MseUdgEapTsvMhKH26CP)
3,[Jeremy](javascript:void(0)),[Jeremy](javascript:void(0))
4,"> For your question about my quantum computing class, I would say that I found the essays were the most helpful in having me remember specific aspects of circuits and operations done on them. So, for example, the definitions of the various Pauli gates (X, Y, and Z), as well as other gates like the Hadamard were definitely engraved into my mind after each review session! I don’t know if this particularly helped for problem sets (we didn’t have exams), but I’d say it helped in the sense that I didn’t ever feel stuck on these “small” hurdles. Have you ever had the feeling where you want to get X done, but X is so big so you actually have to do little steps y and z beforehand? They might not be difficult on their own, but you can burn a lot of time/mental effort having to go over y and z again before finally getting to X. I found Quantum Country gave me a good sense of these smaller fundamentals so that they never became issues when working with the material. (Of course, I also enjoyed the writing a lot!)",> 对于你关于我的量子计算课的问题，我想说的是，我发现论文在让我记住电路的具体方面和对它们进行的操作方面最有帮助。因此，例如，各种泡利门（X、Y 和 Z）的定义，以及其他门如阿达马门的定义，在每次复习课后肯定会被刻在我的脑海中！我不知道这对问题集是否有特别的帮助。我不知道这是否对问题集有特别大的帮助（我们没有考试），但我想说的是，这对我的帮助很大，因为我从来没有在这些「小」障碍上感到困窘。你有没有过这样的感觉，你想完成 X，但 X 是如此之大，所以你实际上必须事先做一些小步骤 Y 和 Z？它们本身可能并不困难，但在最终达到X之前，你可能需要再次复习 y 和 z，从而消耗大量的时间/精神。我发现量子国度给了我对这些小的基础知识的良好感觉，所以在使用材料时，它们从未成为问题。（当然，我也非常喜欢这些文字！）
