﻿﻿0,# In what senses is the mnemonic medium more than an annotation layer on ordinary prose?,# 从哪些角度看，助记媒介不仅仅是普通文章上面的注解层？
1,[In what senses is the mnemonic medium more than an annotation layer on ordinary prose? (andymatuschak.org)](https://notes.andymatuschak.org/z2EpuLdwnh6jiC2nKQJdqaSiZ1BodNUHATbN),原文：[In what senses is the mnemonic medium more than an annotation layer on ordinary prose? (andymatuschak.org)](https://notes.andymatuschak.org/z2EpuLdwnh6jiC2nKQJdqaSiZ1BodNUHATbN)
2,"A straightforward way to think about the [Mnemonic medium](https://notes.andymatuschak.org/z4rRX3qwSSJRsEkdXKwH2shamgHNeRthrMLiF) is as “text plus.” You write a prose explanation, then you go back through it and annotate it with prompts which reinforce the key ideas. It’s much more interesting, though, to think about ways in which the combination creates a meaningfully new medium—where the questions push the prose around and vice versa. Are there powerful possibilities there, or is it just aggrandizement?",将[助记媒介](https://notes.andymatuschak.org/z4rRX3qwSSJRsEkdXKwH2shamgHNeRthrMLiF)视为「文本+」是一种直截了当的方式。你写一篇散文式的解释，然后再看一遍，并用卡片对其注释，以强调关键想法。不过，更有趣的是思考这种结合如何创造出一种有意义的新媒介——在这种媒介中，问题推动着散文，反之亦然。这种结合会不会蕴藏着巨大的可能性，还是只是在夸夸其谈？
3,"- [Mnemonic medium prompts can extend the main text’s discussion, not just repeat it](https://notes.andymatuschak.org/zWseCLfA8e3FiyggqNqGTRNW51bCTyZ8YYb)",- [助记媒介卡片可以扩展正文的讨论，而不仅仅是重复它](https://notes.andymatuschak.org/zWseCLfA8e3FiyggqNqGTRNW51bCTyZ8YYb)
4,"- Because the medium is so nascent, new texts will usually introduce the purpose of the prompts in the prose.",- 助记媒介非常稚嫩，新的助记文本通常会介绍散文中嵌入卡片的目的。
5,"  - They’ll also sometimes comment on specific prompts after their corresponding areas. For instance, [Quantum Country](https://notes.andymatuschak.org/z2fBHADWa93EZTuNzuww7V3Vi587ZyZ4FHTHm) points out a prompt which seems to duplicate an earlier one, and explains why that makes sense in this instance (i.e. [Spaced repetition memory prompts should encode ideas from multiple angles](https://notes.andymatuschak.org/z3K5a9tM1wq1x4QnDfsUpTeYZWW3M9iUzMdfo))",  - 它们有时还会在擅长领域的特定卡片下发表评论。例如，[量子国度](https://notes.andymatuschak.org/z2fBHADWa93EZTuNzuww7V3Vi587ZyZ4FHTHm)指出一张卡片似乎重复了先前的卡片，并解释了为什么在这种情况下这是有意义的（即[间隔重复记忆卡片应该从多个角度对概念进行编码](https://notes.andymatuschak.org/z3K5a9tM1wq1x4QnDfsUpTeYZWW3M9iUzMdfo)）
