﻿﻿0,# Mass adoption of the mnemonic medium seems to require mass adoption of web publishing,# 普及助记媒介似乎需要网页出版的普及
1,[Mass adoption of the mnemonic medium seems to require mass adoption of web publishing (andymatuschak.org)](https://notes.andymatuschak.org/zLbzDQF4MLSUEgDKu16i2h9q1ea8jC5crTV),原文：[Mass adoption of the mnemonic medium seems to require mass adoption of web publishing (andymatuschak.org)](https://notes.andymatuschak.org/zLbzDQF4MLSUEgDKu16i2h9q1ea8jC5crTV)
2,The most straightforward strategy for scaling the mnemonic medium—[Turning any web page into the mnemonic medium](https://notes.andymatuschak.org/z2hABbXxq3dz9XQ6bWrqLyModyC5EC2MXxNA)—can’t be applied to most texts (even new ones) because they’re not published as [Web books](https://notes.andymatuschak.org/z6jZuw3srmKtrQ72ytFNFJ2ggddASZBHg22Gu).,普及助记媒介最直接的策略——[把任意一个网页转化成助记媒介](https://notes.andymatuschak.org/z2hABbXxq3dz9XQ6bWrqLyModyC5EC2MXxNA)——无法应用于大多数文本（即使是新文本）因为他们不是作为[网络书籍](https://notes.andymatuschak.org/z6jZuw3srmKtrQ72ytFNFJ2ggddASZBHg22Gu)发表的。
3,"Modern publishers are used to preparing titles for multiple destinations (print layouts, EPUBs, Kindle formatted copies), but few publish them as web pages. Those who do offer online reading usually do so via a (terrible) web-based EPUB reader. O’Reilly is an interesting exception—they present books online as straight web pages.",现代出版商习惯于为多种渠道准备书籍（印刷版、EPUB、Kindle 格式），但很少会将他们作为网页出版。那些提供在线阅读的网站通常是通过（糟糕的）基于网页的 EPUB 阅读器。O’Reilly 是一个有趣的例外ーー他们将在线图书直接由网页呈现。
4,"EPUBs *are* constrained web pages, though, so anyone who is preparing EPUBs isn’t that far from web publishing.",EPUB **是**受限的网页，所以任何准备 EPUB 格式的人离网页发布已经很接近了。
5,## Possible barriers to mass adoption of web publishing,## 网页出版普及可能存在的障碍
6,See general comments in [Mass adoption of written media with novel cognitive supports requires mass adoption of reading on computers](https://notes.andymatuschak.org/z4ANG1DVEjkbEwkhbeKtMYRGYbHGUW3mcc9aA).
7,### Making money,### 赚钱
8,"If you make an EPUB, Amazon deals with distribution. If you publish a web book, *you* deal with distribution. I imagine that’s a barrier for many."
9,"It would be nice if future books could be made available on the open web, instantly linkable without any kind of barriers. That approach would require some way for authors to make money. I’m not sure what that is. Micropayments for content have a fraught history, but perhaps crypto will change the story. Ads are unhappy solution, and I’m skeptical that they could generate enough revenue. Tipping models work for some authors who publish online, but it doesn’t seem predictable and scalable enough for mass adoption."
10,"So long as traditional publishers are in the mix, I expect most will simply want one-time payments. I don’t know of a general service which would allow you to put a web book behind a one-time paywall. Gumroad does this for downloadable content. It looks like there are Wordpress plugins to do this, but they don’t look highly polished."
11,### Publishing tools,### 出版工具
12,"If you’re publishing a print book, you use InDesign. If you’re publishing an ebook, Amazon’s made free mass-market tools which can e.g. easily convert from a Word doc. If you’re publishing a web book… what do you do, exactly? Maybe Wordpress can handle the servers, but how are you getting the book *into* Wordpress? Surely you didn’t write it *in*Wordpress’s editor."
