﻿﻿0,# Mnemonic medium prompts are interleaved into the reading experience,# 助记媒介卡片穿插在阅读过程中
1,[Mnemonic medium prompts are interleaved into the reading experience (andymatuschak.org)](https://notes.andymatuschak.org/zE1sr3TTDoEJut4hgai2w6qFUwBYHSkk7no),原文：[Mnemonic medium prompts are interleaved into the reading experience (andymatuschak.org)](https://notes.andymatuschak.org/zE1sr3TTDoEJut4hgai2w6qFUwBYHSkk7no)
2,"A [Quizlet](https://notes.andymatuschak.org/z4erShe1C2qB39z4r8yDox1FuM2ZhRJxxTXbN)-style implementation of the idea described in [The mnemonic medium supplies expert-authored prompts to remove the burden of prompt-writing](https://notes.andymatuschak.org/z8ASeF682pSQ3feo8LHpLzk3u3SNpVUgNxMAU) would deliver the prompts separately from the text itself. For instance, perhaps you read a text, and then some days later you’re quizzed on its contents. Or perhaps the prompts are supplied at the end of an article, after you’ve read it at all. Our design for the [Mnemonic medium](https://notes.andymatuschak.org/z4rRX3qwSSJRsEkdXKwH2shamgHNeRthrMLiF) differs from these approaches by interleaving the prompts into the reading experience at a finer granularity.",[助记媒介提供专家编写的卡片以消除制卡负担](https://notes.andymatuschak.org/z8ASeF682pSQ3feo8LHpLzk3u3SNpVUgNxMAU)中描述的想法的 [Quizlet](https://notes.andymatuschak.org/z4erShe1C2qB39z4r8yDox1FuM2ZhRJxxTXbN) 式实现，把提供的卡片与文本本身分开了。例如，你也许会在读了一篇文章几天后才被问及它的内容。或是在文章的结尾提供卡片，使你读完文章之后才会看到。我们对[助记媒介](https://notes.andymatuschak.org/z4rRX3qwSSJRsEkdXKwH2shamgHNeRthrMLiF)的设计与这些方法不同，它将卡片穿插在阅读过程中，颗粒度更细。
3,"Some consequences (potential, intended, observed):",一些（潜在的、预期的、观察到的）后果：
4,- [The mnemonic medium may push readers to read more slowly and attentively](https://notes.andymatuschak.org/z7W1Zr7wEGptA3bFYwwaPbCFLBo54xXmQLQdK),- [助记媒介可能会促使读者更缓慢、更专注地阅读](https://notes.andymatuschak.org/z7W1Zr7wEGptA3bFYwwaPbCFLBo54xXmQLQdK)
5,- [Mnemonic medium prompts signal what the author finds important](https://notes.andymatuschak.org/zA6tshJmivafEMKvd4BKx7CaxP252KVj65B),- [助记媒介的卡片提示了作者认为重要的内容](https://notes.andymatuschak.org/zA6tshJmivafEMKvd4BKx7CaxP252KVj65B)
6,- [Interleaved mnemonic medium prompts promote a feeling of safety](https://notes.andymatuschak.org/z2TCHSDXHpLAH7137LZ5zZjcRVepwtrMVLpk),- [交错嵌入的助记媒介卡片提高了材料阅读时的安全感](https://notes.andymatuschak.org/z2TCHSDXHpLAH7137LZ5zZjcRVepwtrMVLpk)
7,- [Mnemonic medium review sets create natural breaks in the reading experience](https://notes.andymatuschak.org/z4sXBJLQQrFYFUKPE9nrW5gDndYWCPP7Kic),- [助记媒介复习集使阅读过程产生了自然的中断](https://notes.andymatuschak.org/z4sXBJLQQrFYFUKPE9nrW5gDndYWCPP7Kic)
8,- Offers a more natural opportunity for [The mnemonic medium should give readers control over the prompts they collect](https://notes.andymatuschak.org/z3XqmAYKcD411jZgBik9oyXgcrarXycADWVeh),- 为[助记媒介应该让读者对他们收集的卡片进行控制](https://notes.andymatuschak.org/z3XqmAYKcD411jZgBik9oyXgcrarXycADWVeh)提供了更自然的机会
9,A dependency of this design decision: [The mnemonic medium’s design relies on light-weight prompts](https://notes.andymatuschak.org/z7U6zXNGgTz1aEpRDUe6eMxotrhK4tmgprcxh).,这个设计决定依赖于：[助记媒介依赖的卡片应是轻量级的](https://notes.andymatuschak.org/z7U6zXNGgTz1aEpRDUe6eMxotrhK4tmgprcxh)。
10,Some questions:,一些问题：
11,- [How should mnemonic medium review sets be spaced?](https://notes.andymatuschak.org/z2HvBwx8Uqr7ErLp28oTuiKebTYy3RaRgv4B7),- [如何给助记媒介的复习集安排间隔？](https://notes.andymatuschak.org/z2HvBwx8Uqr7ErLp28oTuiKebTYy3RaRgv4B7)
