﻿﻿0,"# Mnemonic texts could be serialized in small sections over time, timed to reader recall",# 助记文本可以在一段时间内分小段连载，根据读者的记忆情况排期
1,"[Mnemonic texts could be serialized in small sections over time, timed to reader recall (andymatuschak.org)](https://notes.andymatuschak.org/zDuEHAJkdvoRuBDxZ6rxcSw9oHTxexywRVt3)","原文：[Mnemonic texts could be serialized in small sections over time, timed to reader recall (andymatuschak.org)](https://notes.andymatuschak.org/zDuEHAJkdvoRuBDxZ6rxcSw9oHTxexywRVt3)"
2,"One early theory in our design of the [Mnemonic medium](https://notes.andymatuschak.org/z4rRX3qwSSJRsEkdXKwH2shamgHNeRthrMLiF) was that if someone reviews chapter 1’s content a few times, they may have an easier time understanding chapter 2: [Complex ideas may be hard to learn in part because their components overflow working memory](https://notes.andymatuschak.org/z6eTZz16YRGs2PyWyc3qe1B9oJ7swmnCU54hZ).",我们在设计[助记媒介](https://notes.andymatuschak.org/z4rRX3qwSSJRsEkdXKwH2shamgHNeRthrMLiF)时的一个早期理论是，如果把第一章的内容复习几遍，第二章会更容易理解：[复杂概念很难学习的部分原因是工作记忆容纳不下其组分](https://notes.andymatuschak.org/z6eTZz16YRGs2PyWyc3qe1B9oJ7swmnCU54hZ)。
3,If one took that idea seriously:,更进一步的话：
4,"1. One might author later chapters not as free-standing texts but as focused additions to prior chapters, assuming that the reader had thoroughly learned that material.",1. 写后续章节时，不要当成单独成文的篇章来写，而是对先前章节所叙重点的专门补充。同时可以假定读者已经充分学习了这些材料。
5,2. One might write smaller chapters to keep working memory from overflowing; one might use chapter boundaries as “checkpoints” before building something new on that prior material.,2. 每章写得短一些，避免工作记忆超负荷；章节之间的分隔可以充当「检查点」，通过检查点后再写新内容。
6,"3. One might suggest when readers should continue to the next chapter, either passively in a chapter listing or proactively with a notification. One might even gate access to later chapters on progress through its prerequisite chapters.",3. 向读者建议何时阅读下一章，或是在章节列表里呈现，等着读者阅读，或是主动推送通知给读者。也许可以对后续章节施加限制，只有阅读完必须的章节才可以阅读本章。
7,"4. One might incorporate the extended calendar schedule into one’s writing: if you know that the reader won’t reach chapter 5 until two months after chapter 1, that may significantly change the relationship authors develop with readers in their prose. ([Mass mediums mostly lack an authored time dimension beyond a day](https://notes.andymatuschak.org/z7JZswHPm99BbpTnb7NcP9Rnp8Bs6jsM3zjdv))",4. 写作时考虑更长的阅读时间轴。如果作者知道，读者读完第一章后，要等待两个月才能读第五章，作者与读者之间的关系可能发生很大改变。（[大众媒介大多缺乏超过一天的创制时间维度](https://notes.andymatuschak.org/z7JZswHPm99BbpTnb7NcP9Rnp8Bs6jsM3zjdv)）
8,"[Execute Program](https://notes.andymatuschak.org/z2LGZ8cXBcQMP7YuAHbeVyCSLZoiMXvQNKCok) implements the first three of these notions, and it certainly creates quite a curated-feeling experience:",[Execute Program](https://notes.andymatuschak.org/z2LGZ8cXBcQMP7YuAHbeVyCSLZoiMXvQNKCok) 实现了这些概念中的前三个，其体验也很有策划感：
9,1. [Execute Program’s lessons assume solid recall of prior material](https://notes.andymatuschak.org/z6KuKVKD8st5c9esCGVtBihTE9iGg9TsX4xe6),1. [Execute Program 的课程假定学习者对先前材料记忆牢固](https://notes.andymatuschak.org/z6KuKVKD8st5c9esCGVtBihTE9iGg9TsX4xe6)
10,2. [Execute Program’s lessons are quite short](https://notes.andymatuschak.org/z5sJuuRv2X1ZeGYPMC8xhyNcQFecBxS1VTuxk),2. [Execute Program 的课程相当短](https://notes.andymatuschak.org/z5sJuuRv2X1ZeGYPMC8xhyNcQFecBxS1VTuxk)
11,3. [Execute Program’s lessons don’t unlock until you’ve successfully reviewed their prerequisites](https://notes.andymatuschak.org/z43GdwxNzaXGvNs7Hdd57UD9KauMxRGbH45r8),3. [Execute Program 的课程只有在你成功复习其前置课程后才会解锁](https://notes.andymatuschak.org/z43GdwxNzaXGvNs7Hdd57UD9KauMxRGbH45r8)
12,"This is one possible instantiation of [The mnemonic medium can be adapted to author an experience which unfolds over time](https://notes.andymatuschak.org/zvzwYeFU3Au4Ya2uVh2k3BUu8udZB7NSrAdL), a kind of [Timeful text](https://notes.andymatuschak.org/z73hGbYFm7bjV3yYwK29MvbBZEcwK6kWyduqV).",这是[助记媒介可调整为将创制经验逐步展开的形式](https://notes.andymatuschak.org/zvzwYeFU3Au4Ya2uVh2k3BUu8udZB7NSrAdL)的一个可能实例，一种[穿越时间的文本](https://notes.andymatuschak.org/z73hGbYFm7bjV3yYwK29MvbBZEcwK6kWyduqV)。
13,"This relates to [Incremental reading](https://notes.andymatuschak.org/z2gZooHVxB8x6EbDSR97Bz1jFMqAqSWSLPnMs), but with the author exerting somewhat more control over the session composition.",可以联系[渐进阅读](https://notes.andymatuschak.org/z2gZooHVxB8x6EbDSR97Bz1jFMqAqSWSLPnMs)，但作者对不同环节的创作控制更多。
