﻿﻿0,# Mnemonic medium review sets create natural breaks in the reading experience,# 助记媒介的复习集使阅读过程产生了自然的中断
1,[Mnemonic medium review sets create natural breaks in the reading experience (andymatuschak.org)](https://notes.andymatuschak.org/z4sXBJLQQrFYFUKPE9nrW5gDndYWCPP7Kic),原文：[Mnemonic medium review sets create natural breaks in the reading experience (andymatuschak.org)](https://notes.andymatuschak.org/z4sXBJLQQrFYFUKPE9nrW5gDndYWCPP7Kic)
2,"[Mnemonic medium prompts are interleaved into the reading experience](https://notes.andymatuschak.org/zE1sr3TTDoEJut4hgai2w6qFUwBYHSkk7no); one thing I notice as a reader is that the review sets feel like a welcome exhalation. This is partially because I know they’ll help me make sure I’m understanding the piece ([Interleaved mnemonic medium prompts promote a feeling of safety](https://notes.andymatuschak.org/z2TCHSDXHpLAH7137LZ5zZjcRVepwtrMVLpk)), but it’s also in part because it creates a change in the texture of the experience. It breaks up a long block of text, lets me switch from “trying to understand new stuff” to “reviewing old stuff.”",[助记媒介卡片穿插在阅读的过程中](https://notes.andymatuschak.org/zE1sr3TTDoEJut4hgai2w6qFUwBYHSkk7no)；在阅读时我注意到，复习集是喜闻乐见的，让人得以喘一口气。部分原因是我知道它们能让我确定自己在对文段进行理解（[材料中嵌入助记媒介卡片能带来安全感](https://notes.andymatuschak.org/z2TCHSDXHpLAH7137LZ5zZjcRVepwtrMVLpk)），还有部分原因是它创造了另一种阅读体验。它打破了长文段，让我从「知新」切换到「温故」。
3,"[Gary Bernhardt](https://notes.andymatuschak.org/z4S7bk6dvuUUHrBUP58cn94r2zpUFfkBuUU7N), Re: See you soon! / Draft: “Translating knowledge into spaced repetition prompts”:","[Gary Bernhardt](https://notes.andymatuschak.org/z4S7bk6dvuUUHrBUP58cn94r2zpUFfkBuUU7N), Re: 回头见！ / 草稿：「将知识转化为间隔重复卡片」："
4,"> I liked that they broke it up. I can zone out and stay that way while still “reading”, which is probably my main state while “reading” anything long. But here, each review block is a point where I’m guaranteed to reset.",> 它们打破了连续的文本，我喜欢这种方式。我在阅读过程中会开小差（或者跳出文本？不确定），这也是我在长时间阅读时的常态。不过在这里，每个复习集就是一个标记点，保证我回到文本中。
5,Related:,相关笔记：
6,- [How should mnemonic medium review sets be spaced?](https://notes.andymatuschak.org/z2HvBwx8Uqr7ErLp28oTuiKebTYy3RaRgv4B7),- [如何给助记媒介的复习集安排间隔？](https://notes.andymatuschak.org/z2HvBwx8Uqr7ErLp28oTuiKebTYy3RaRgv4B7)
7,- [Eckhart Tolle’s pause symbol](https://notes.andymatuschak.org/zxRE7XavvhxgY3EkFduYB5B4fnMBknizq52u),- [Eckhart Tolle 的停顿符号](https://notes.andymatuschak.org/zxRE7XavvhxgY3EkFduYB5B4fnMBknizq52u)
