﻿﻿0,# My implementation of a personal mnemonic medium,# 我的个人助记媒介实现
1,[My implementation of a personal mnemonic medium (andymatuschak.org)](https://notes.andymatuschak.org/z4mAF1uBV96r72e4NjLcDaujEyTPGiUQJEj8C),原文：[My implementation of a personal mnemonic medium (andymatuschak.org)](https://notes.andymatuschak.org/z4mAF1uBV96r72e4NjLcDaujEyTPGiUQJEj8C)
2,I have implemented [The mnemonic medium can be extended to one’s personal notes](https://notes.andymatuschak.org/z5ARNXtS5VxteskEW91S1yYTgAcLABNXsZuJE) in my own [Note-writing system](https://notes.andymatuschak.org/z8XrKGDz49o6XxEx7tzGewzrXQnw6jSgv3Yyf).,我在自己的[笔记系统](https://notes.andymatuschak.org/z8XrKGDz49o6XxEx7tzGewzrXQnw6jSgv3Yyf)中实现了[助记媒介可以扩展到个人笔记](https://notes.andymatuschak.org/z5ARNXtS5VxteskEW91S1yYTgAcLABNXsZuJE)的想法。
3,The system works by continuously scanning a set of Markdown files for embedded prompts (see syntax below). Prompts are then considered part of my working set for spaced repetition reviews. I’ve also implemented a component which continuously syncs those extracted prompts to Anki.,这套系统的原理是，不断扫描一组 Markdown 文件，寻找其中所嵌入的卡片（卡片语法见下）。之后这些卡片便属于我的活跃卡片集合。我还实现了一个组件，将这些提取出来的卡片同步到 Anki 中。
4,Some example notes which include this feature:,一些包含这一特性的样例笔记：
5,- [Channel capacity of humans as information processors](https://notes.andymatuschak.org/z8iJEzmLdBMoWYtQHkDohDgeWz6UBGm74qEiW),- [人类作为信息处理机时的“信道容量”](https://notes.andymatuschak.org/z8iJEzmLdBMoWYtQHkDohDgeWz6UBGm74qEiW)
6,- [Human channel capacity increases with bits-per-chunk](https://notes.andymatuschak.org/z6ZFtY8UGPaF9uofckBB7HwK62pssJAUg8C91),- [人类的信道容量随着每个组块的比特量的增加而增加](https://notes.andymatuschak.org/z6ZFtY8UGPaF9uofckBB7HwK62pssJAUg8C91)
7,"For the implementation, see https://github.com/andymatuschak/computer-supported-thinking.",系统的实现请见 https://github.com/andymatuschak/computer-supported-thinking。
8,"For ongoing unprocessed thoughts, see [personal mnemonic medium](https://notes.andymatuschak.org/Log)",对于正在进行的未处理的想法，见[个人助记媒介](https://notes.andymatuschak.org/Log)
9,## Syntax,## 语法
10,### Creating typical two-sided SRS prompts,### 创建典型的双面 SRS 卡片
11,> Q. How many dimensions are in a qubit’s vector space?,> 问：一个量子比特的向量空间有多少维？
12,> A. Two.,> 答：两维。
13,The empty line between the question and answer is optional. The question and answer cannot currently span multiple paragraphs: the paragraph including Q. or A. is extracted as that field.,问题和答案之间的空行是可选的。问题和答案目前不能跨越多个段落：包括「问：」或「答：」的段落被提取为问题或答案。
14,### Creating cloze deletion prompts,### 创建挖空卡片
15,"In the context of prose notes, I’m finding cloze deletions are often somewhat more natural. This paragraph maps onto a single cloze deletion prompt with three cards:",在散文笔记的上下文中，我发现挖空往往更自然。这段话对应一张挖空卡片，其中有三个空：
16,"> Once activated, a service worker {performs one-time startup computation}, then transitions to {idle}. From that state, it’ll handle {fetch or message events} until it eventually terminates.",> 一旦激活，服务工作者{执行一次性的启动计算}，然后过渡到{空闲}状态。从这个状态开始，它将处理{获取或消息事件}，直到最终终止。
17,"The cloze prompt will use the entire paragraph surrounding the text. For example, this two-sided prompt is equivalent to one of the cards extracted from the previous example:",挖空卡片会利用填空所在的整段文本。例如，这个两面的卡片相当于从前面的例子中提取的一张卡片：
18,"> Q. Once activated, a service worker **???**, then transitions to idle. From that state, it’ll handle fetch or message events until it eventually terminates.",> 问：一旦激活，服务工作者**???**，然后过渡到空闲状态。从这个状态开始，它将处理获取或消息事件，直到最终终止。
19,"> A. Once activated, a service worker *performs one-time startup computation*, then transitions to idle. From that state, it’ll handle fetch or message events until it eventually terminates.",> 答：一旦激活，服务工作者**执行一次性的启动计算**，然后过渡到空闲状态。从这个状态开始，它将处理获取或消息事件，直到最终终止。
20,### Idempotency and identity,### 幂等性和唯一标识
21,"This system is meant to operate idempotently. That is: you can keep revising your note files over time, and it’ll keep track of changes accordingly. As you change your notes, the system will maintain your SRS state for all the embedded prompts, except for the prompts you’ve directly edited.",这个系统的目的是实现幂等性。也就是说：你可以不断地修改你的笔记文件，它也会相应地跟踪变化。当你改变你的笔记时，系统会保持你所有嵌入卡片的 SRS 状态，除了你直接编辑过的卡片。
22,"Somewhat more precisely, the embedded prompts have *identity*. You can modify the note around a prompt or even move the prompt to a new note, and your review history will be preserved. But if you modify a prompt’s text, it will be treated as a new prompt, and your review history won’t be ported from the old prompt. That’s because this system’s based on dumb plaintext files, which don’t have enough semantic structure to unambiguously specify whether a given modification represents a new prompt or a modification of an old one. Fixing this would require introducing heuristics or extra identifying markup.",更确切地说，嵌入的卡片有**唯一标识**。你可以修改卡片周围的笔记，甚至把卡片移到一条新的笔记中，而你的复习历史将被保留下来。但是如果你修改了一张卡片的文本，它将被视为一张新卡片，而你的复习历史将不会从旧卡片中迁移过来。这是因为这个系统是基于简易的纯文本文件，它没有足够的语义结构来明确说明一个给定的修改是代表一张新卡片还是一张旧卡片的修改。要解决这个问题，需要引入启发式方法或额外的标识。
23,Two-sided prompt identities are derived from the hash of their question and answer text. Cloze prompt identities are derived from the hash of their containing paragraph.,双面卡片的标识是由其问题和答案文本的哈希值得出的。挖空卡片的标识是由其包含段落的哈希值得出的。
24,"While the system will happily track prompts if you move them between note files, the behavior is undefined if identical prompts appear in multiple note files.",虽然如果你在笔记文件之间移动卡片，系统会很高兴地跟踪它们，但如果相同的卡片出现在多个笔记文件中，其行为就无法定义。
