﻿﻿0,# Substantive examples of the mnemonic medium,# 助记媒介的实例
1,[Substantive examples of the mnemonic medium (andymatuschak.org)](https://notes.andymatuschak.org/zDmYvwSyN9YRv5HgDYwX19C28jC9qZ5qiMJ),原文：[Substantive examples of the mnemonic medium (andymatuschak.org)](https://notes.andymatuschak.org/zDmYvwSyN9YRv5HgDYwX19C28jC9qZ5qiMJ)
2,- [Quantum Country](https://quantum.country/),- 《[量子国度](https://quantum.country/)》
3,- Written with [Orbit](https://notes.andymatuschak.org/z72ioKyd4X48WndtAsfkhnKwsD8o5PaaT384o):,- 使用 [Orbit](https://notes.andymatuschak.org/z72ioKyd4X48WndtAsfkhnKwsD8o5PaaT384o) 编写：
4,  - [How to write good prompts](https://andymatuschak.org/prompts/) by me,  - 《[如何写好出好卡片](https://andymatuschak.org/prompts/)》作者：我
5,"  - [Maps, the territory, and meta-rationality](https://metarationality.com/maps-and-territory) by [David Chapman](https://notes.andymatuschak.org/z29Uv6CnK2xSy3nivekQwMMXW2jwzd4yQWbN)",  - 《[地图，领土和元理性](https://metarationality.com/maps-and-territory)》作者：[David Chapman](https://notes.andymatuschak.org/z29Uv6CnK2xSy3nivekQwMMXW2jwzd4yQWbN)
6,  - [Was Planck right? The effects of aging on the productivity of scientists](https://nintil.com/age-and-science/) by [Jose Luis Ricon Fernandez de la Puente](https://notes.andymatuschak.org/zAxicVEnF4ZKani8m5LXHYRDDvrZctBvWYV),  - 《[普朗克是对的吗？衰老对科学家生产力的影响](https://nintil.com/age-and-science/)》作者：[Jose Luis Ricon Fernandez de la Puente](https://notes.andymatuschak.org/zAxicVEnF4ZKani8m5LXHYRDDvrZctBvWYV)
7,"  - (XXX’s undergrad microeconomics course, private)",  - （XXX 的本科微观经济学课程，私有）
8,"  - (XXX’s undergrad linear circuit theory course, private)",  - （XXX 本科线性电路理论课程，私有）
9,- Using systems created by other people:,- 基于别人建立的系统：
10,  - [Dawnguide](https://dawnguide.com/home) by Mispy (purpose-built implementation),  - 《[曙光指南](https://dawnguide.com/home)》作者：Mispy（定制实现）
11,  - [Soren Bjornstad](https://notes.andymatuschak.org/zzfor7LXCY9JBRjFmMaeLw5zV69GM2dSDQA)’s upcoming TiddlyWiki book (new TiddlyWiki-centric implementation),  - [Soren Bjornstad](https://notes.andymatuschak.org/zzfor7LXCY9JBRjFmMaeLw5zV69GM2dSDQA) 即将出版的 TiddlyWiki 图书（以 TiddlyWiki 为中心的新实现）
12,  - [Thought Saver](https://notes.andymatuschak.org/zBM4qbJhN1XA4wBpDCj2fonXiz4sgQFe4YR),  - 《[Think Saver](https://notes.andymatuschak.org/zBM4qbJhN1XA4wBpDCj2fonXiz4sgQFe4YR)》
13,    - https://www.lesswrong.com/posts/JgBBuDf5uZHmpEMDs/how-you-can-gain-self-control-without-self-control,    - https://www.lesswrong.com/posts/JgBBuDf5uZHmpEMDs/how-you-can-gain-self-control-without-self-control
14,## Further afield,## 更远的地方
15,"[Execute Program](https://notes.andymatuschak.org/z2LGZ8cXBcQMP7YuAHbeVyCSLZoiMXvQNKCok) is related, in that it’s an example of a communications medium with embedded spaced repetition functions, but it’s much more different from the rest of these than any are from each other.",[Execute Program](https://notes.andymatuschak.org/z2LGZ8cXBcQMP7YuAHbeVyCSLZoiMXvQNKCok) 与此有关，因为它也是一个带有嵌入间隔重复功能的交流媒介的例子，但是它与其他媒介之间的区别要比其他媒介之间的区别大得多。
16,"[Chessable MoveTrainer](https://notes.andymatuschak.org/z8MgFD7B7QRqqGZXsJqeGpm5PJhroPwb6BW2V) is likewise an integrated instructional medium and spaced repetition system, adapted from chess training texts.",[Chessable MoveTrainer](https://notes.andymatuschak.org/z8MgFD7B7QRqqGZXsJqeGpm5PJhroPwb6BW2V) 同样是一种集成的教学媒介和间隔重复系统，改编自国际象棋训练文本。
