﻿﻿0,# The mnemonic medium should be developed in a context where people really need fluency,# 助记媒介应针对真正需要流利掌握知识的情景而开发
1,[The mnemonic medium should be developed in a context where people really need fluency (andymatuschak.org)](https://notes.andymatuschak.org/zLVJdDJ7jahsFYfTRU7LKbxsMYdpZWUbKB6),原文：[The mnemonic medium should be developed in a context where people really need fluency (andymatuschak.org)](https://notes.andymatuschak.org/zLVJdDJ7jahsFYfTRU7LKbxsMYdpZWUbKB6)
2,"[Quantum Country’s readers are mostly driven by curiosity, rather than a serious context of use](https://notes.andymatuschak.org/z2H5RGWnopXncUwLjHA83hhB2vw57sr7MVDe). These readers don’t supply enough pressure on me as the system designer. Sure, if it felt like a huge waste of time, they’d stop reviewing. So there’s not *zero* signal. But it’s very difficult to get a clear sense of how the memory system interactions are translating into anything real.",[量子国度的读者大多由好奇心而非严肃的使用背景驱动](https://notes.andymatuschak.org/z2H5RGWnopXncUwLjHA83hhB2vw57sr7MVDe)。作为系统的设计者，这些读者没有给我带来足够的压力。当然，如果觉得这是在浪费时间，他们就会停止复习。所以不是完全没有反馈。但很难清楚地感觉到记忆系统的相互作用是如何转化成任何真实的东西的。
3,"If the readers were all graduate students embarking on their first research, or people trying to pivot into a career in quantum computing, we’d be able to have lots of good conversations with them about where the text/medium seemed to succeed or fail in supporting their goals. But because these readers are driven by curiosity, there’s little external force “kicking back” and revealing the inadequacies in what they’ve learned.",如果读者都是首次踏上科研之路的研究生，或者是试图转行到量子计算的人，我们就可以与他们进行很多优质的对话，讨论文本/媒介在支持他们目标方面的成功或失败。但由于目前这些读者是受好奇心驱使，很少有外力“回击”，暴露出他们所学的不足之处。
4,"Ideally, the pressing need for fluency comes from some personally meaningful goal (like a creative project), rather than from wanting to pass an exam: [The mnemonic medium should be developed in a context where learning is in service of some meaningful use](https://notes.andymatuschak.org/zaChVThdkmrnkr3mHEe7U61CP5QzorRFvKeC)",理想情况下，对流利的迫切需求来自于一些对个人有意义的目标（比如一个创意项目），而不是想要通过考试：[助记媒介应该为那些服务于有意义的使用的学习而开发](https://notes.andymatuschak.org/zaChVThdkmrnkr3mHEe7U61CP5QzorRFvKeC)。
5,"This criterion suggests that collaborations with informal/casual “content creators” (e.g. [Grant Sanderson](https://notes.andymatuschak.org/z85PiaMmkorcaUaKukXLyhR7bn7GhVeo22h8T)) are likely not a good context for developing the medium, since their readers/viewers typically don’t actually need fluency.",这一标准表明，与非正式/休闲的「内容创作者」合作（例如 [Grant Sanderson](https://notes.andymatuschak.org/z85PiaMmkorcaUaKukXLyhR7bn7GhVeo22h8T)）可能不是开发媒介的好环境，因为他们的读者/观众通常并不需要流利。
6,Related:,相关：
7,- [Effective system design requires insights drawn from serious contexts of use](https://notes.andymatuschak.org/z3H98n8DGZmu8XArqHZVsckyWvbTe8wK4kAt2),- [有效的系统设计需要从真刀真枪的使用情境汲取洞见](https://notes.andymatuschak.org/z3H98n8DGZmu8XArqHZVsckyWvbTe8wK4kAt2)
8,"- [Ryan Singer screened workshop participants for Shape Up to find hungry, motivated people](https://notes.andymatuschak.org/z2TeFK6F9LL5298ub6K2D9CoaAdWGVAPJiaao)",- [Ryan Singer 为 Shape Up 筛选研讨会参与者，寻找渴望、有动力的人](https://notes.andymatuschak.org/z2TeFK6F9LL5298ub6K2D9CoaAdWGVAPJiaao)
