﻿﻿0,# The mnemonic medium keeps readers in contact with material over time,# 助记媒介使读者长久与材料保持联系
1,[The mnemonic medium keeps readers in contact with material over time (andymatuschak.org)](https://notes.andymatuschak.org/z7tjqSxGsJ53tXsGkRpchsECWcMsW3sFUw86U),原文：[The mnemonic medium keeps readers in contact with material over time (andymatuschak.org)](https://notes.andymatuschak.org/z7tjqSxGsJ53tXsGkRpchsECWcMsW3sFUw86U)
2,"Impact on memory aside, [Mnemonic medium](https://notes.andymatuschak.org/z4rRX3qwSSJRsEkdXKwH2shamgHNeRthrMLiF) readers maintain ongoing contact with what they’ve read through the review sessions. Rather than reading something once and perhaps never thinking about it again, the review sessions bring readers back to that text again and again. This is a kind of [Timeful text](https://notes.andymatuschak.org/z73hGbYFm7bjV3yYwK29MvbBZEcwK6kWyduqV).",除了对记忆的影响，[助记媒介](https://notes.andymatuschak.org/z4rRX3qwSSJRsEkdXKwH2shamgHNeRthrMLiF)的读者通过复习环节与他们所读的内容保持不断发展的联系。相较于读过一次后可能再也不去回想读过的内容，复习环节使得读者反复回顾。这是一种[穿越时间的文本](https://notes.andymatuschak.org/z73hGbYFm7bjV3yYwK29MvbBZEcwK6kWyduqV)。
3,What is the effect of this contact over time?,随着时间的推移，这种联系会有怎样的效果？
4,"- I suspect that it changes readers’ relationship to the text in a meaningful way. Because you’re pushed to think about that material repeatedly over time, it’s easier to identify as, say, someone who’s thinking about quantum computing—not just someone who read a quantum computing article one time.",- 我认为读者与文本的关系，以沿某种有意义的方式发生了改变。因为你被强制要求在一段时间内反复思考这些材料，所以更容易被认为是，比如说，一个正在思考量子计算的人——而不仅仅是读过一次量子计算文章的人。
5,"- It creates opportunities for spontaneous connections. “Oh, yes, seeing this prompt again reminds me…” The effect may extend beyond the review session to serendipitous connections made while out and about, since the session “freshens” that material in readers’ minds.",- 它制造了一个机会，让概念间可能产生自发的联系。「哦，对了，再次看到这个卡片让我想起......」在复习环节中，读者脑海中的这些材料得以「刷新」，这种效果可能会超越复习环节——读者在其他情境中或许会碰撞出偶然的联系。
6,"- Particularly if the prompts are written to inspire reflection or synthesis, this effect creates opportunities to engage with the material at progressively deeper levels over time. For instance, a prompt designed to help you reflect on your design practice may function very differently on day one and day one thousand. (see also [Spaced repetition memory systems can be used to prompt application, synthesis, and creation](https://notes.andymatuschak.org/zE8PK4UUAAWK6LEcmr8jja8JdxpUxcf1FUCX))",- 特别是，如果是为了反思总结写卡，上文的效果就可能产生这么一个机会，人们会随着时间的推移，逐渐在更深的层次上思考这些材料。例如，一个旨在帮助你反思自己设计实践的卡片，在第一天和第一千天的作用差别可能很大。(参见[间隔重复记忆系统可用于促进应用、综合和创造](https://notes.andymatuschak.org/zE8PK4UUAAWK6LEcmr8jja8JdxpUxcf1FUCX))
7,- A different angle: [Spaced repetition systems as catechism](https://notes.andymatuschak.org/z39D31syJUE1gtNTREogSZiG6LDSuwygN5NDt),- 一个不同的角度：[间隔重复系统充当教义问答](https://notes.andymatuschak.org/z39D31syJUE1gtNTREogSZiG6LDSuwygN5NDt)
8,Going beyond simple contact: [The mnemonic medium can be adapted to author an experience which unfolds over time](https://notes.andymatuschak.org/zvzwYeFU3Au4Ya2uVh2k3BUu8udZB7NSrAdL).,超越简单的联系：[助记媒介可调整为将创制经验逐步展开的形式](https://notes.andymatuschak.org/zvzwYeFU3Au4Ya2uVh2k3BUu8udZB7NSrAdL)。
9,[Readwise](https://notes.andymatuschak.org/z2ewMN8Hzd8gt4qyfQV1ognJ5PQs3CXxDfCJ) tries to produce a similar effect through more passive engagement.,[Readwise](https://notes.andymatuschak.org/z2ewMN8Hzd8gt4qyfQV1ognJ5PQs3CXxDfCJ) 试图通过更加被动的参与产生类似的效果。
