﻿﻿0,# The mnemonic medium could include prompts which support near transfer,# 助记媒介可以包含一些辅助近迁移的卡片
1,[The mnemonic medium could include prompts which support near transfer (andymatuschak.org)](https://notes.andymatuschak.org/z6MSrv4m23Z41Gwic6ts3i7Hiy63hdNKH8MbZ),原文：[The mnemonic medium could include prompts which support near transfer (andymatuschak.org)](https://notes.andymatuschak.org/z6MSrv4m23Z41Gwic6ts3i7Hiy63hdNKH8MbZ)
2,"The approach described in [The mnemonic medium can help readers apply what they’ve learned through simple application prompts](https://notes.andymatuschak.org/z6Y8xDS2AJyE1d34X99y14Sk1A7YCNas5kFjA) would help readers build confidence in what they’ve read by using that knowledge in simple, rote situations. To develop a more fluid understanding, though, readers must become able to creatively apply what they’ve learned in unfamiliar situations ([Retrieval practice and transfer learning](https://notes.andymatuschak.org/z2a8QGPfUmdLCVokLaegNzmaU6ehC58CUtYi)).",[助记媒介可以帮助读者通过简单的应用卡片应用他们所学的知识](https://notes.andymatuschak.org/z6Y8xDS2AJyE1d34X99y14Sk1A7YCNas5kFjA)中描述的方法，让读者将阅读所得的知识应用在简单机械的场景，从而增进他们的自信心。不过，要形成更灵活的理解，读者需身处不熟悉的情境之中也能创造性地应用他们所学的知识（[提取练习和迁移学习](https://notes.andymatuschak.org/z2a8QGPfUmdLCVokLaegNzmaU6ehC58CUtYi)）。
3,"The [Mnemonic medium](https://notes.andymatuschak.org/z4rRX3qwSSJRsEkdXKwH2shamgHNeRthrMLiF) could include “near transfer” prompts: tasks which seem unfamiliar, but which mostly require figuring out which familiar information/procedures must be used (at which point they become straightforward).",[助记媒介](https://notes.andymatuschak.org/z4rRX3qwSSJRsEkdXKwH2shamgHNeRthrMLiF)可以包含要求「近迁移」的卡片：卡片上的任务似乎不熟悉，但其实想明白需要迁移哪些熟悉的知识/步骤就可以了（之后就是一马平川）。
4,"For instance, consider:",例如以下问题：
5,```,```
6,What’s the missing gate in this circuit?,这个电路中空缺的门是什么？
7,	|0> —> [?] —> Y —> -i|0>,	|0> —> [?] —> Y —> -i|0>
8,```,```
9,"Now, you could write lots of variants of this, but that sort of defeats the purpose. The whole *point* of asking questions like this is that they ask you to transfer your knowledge to some unfamiliar context. You could make the next variant look different:",类似这样的问题当然可以写很多，但这样似乎就有些南辕北辙。这些问题的根本目的，就是要让人迁移知识，在不太熟悉的情境中运用起来。可以写一个不太一样的变体：
10,```,```
11,How could you transform a |1> into a |+> with elementary gates?,如何用基本门将 |1> 转化为 |+> ？
12,```,```
13,"Doing more problems like this would make you better at doing fill-in-the-gate-type problems, but I don’t think it would make you better at transferring your knowledge to unfamiliar contexts.",这样的问题做得越多，你越擅长完成填补空缺的电路门这一类题目，但我觉得你迁移知识应用于陌生情境的能力没有提高。
14,"There are many “near transfer” tasks which would satisfy many of the assumptions described in [Simple application prompts can be presented the same way as recall prompts in the mnemonic medium](https://notes.andymatuschak.org/z7G53bg3it1M673EPpYfNfufbzyRqqKBkt3oZ), but they’ll probably want a different mechanism. The role of repetition is different with these questions: with application prompts, repeated variations build familiarity with a single skill; with near transfer prompts, the variations must be non-fungible by definition.",有许多「近迁移」的任务可以满足[助记媒介中简单的应用卡片可以和回忆卡片以一样的方式呈现](https://notes.andymatuschak.org/z7G53bg3it1M673EPpYfNfufbzyRqqKBkt3oZ)中描述的许多假设，但他们可能会想要一个不同的机制。在这些问题上，重复的作用是不同的：对于应用卡片，重复的变化建立了对单一技能的熟悉；对于近迁移的卡片，根据定义，不同卡片必须是不可互相替换的。
15,"One approach would be to think of these like a “boss fight.” You answer a couple “boss fight”-type questions when you finish reading an essay, and in each review session… but they’re different every time. Maybe there’s a set of 20-30 or something. If you get one right, there’s no need to repeat it. If you get it wrong, it comes up again in a few months, and hopefully you’ve forgotten.",一种方法是把这些问题看成是「BOSS 战」。读完文章之后，你要回答几个「BOSS 战」类型的问题，在每次复习时......但每次的问题都不同。也许有一组 20-30 个或其他问题。如果你做对了一个，就没有必要再重复其他题目。如果你做错了，这组中的其他问题过几个月又会出现，希望你已经忘记了。
16,This is an example of a way in which [The mnemonic medium can be adapted to author an experience which unfolds over time](https://notes.andymatuschak.org/zvzwYeFU3Au4Ya2uVh2k3BUu8udZB7NSrAdL).,上文举出了[助记媒介可调整为将创制经验逐步展开的形式](https://notes.andymatuschak.org/zvzwYeFU3Au4Ya2uVh2k3BUu8udZB7NSrAdL)的一种办法。
17,------,------
18,## References,## 参考文献
19,"Wiggins, G. P., & McTighe, J. (2005). *Understanding by design*.","Wiggins, G. P., & McTighe, J. (2005). *Understanding by design*."
