﻿﻿0,# The mnemonic medium may help scaffold prompt-writing through author-provided prompts,# 助记媒介可能通过提供作者创作的卡片来辅助卡片编写
1,"[The mnemonic medium supplies expert-authored prompts to remove the burden of prompt-writing](https://notes.andymatuschak.org/The_mnemonic_medium_supplies_expert-authored_prompts_to_remove_the_burden_of_prompt-writing), which helps ameliorate [Writing good spaced repetition memory prompts is hard](https://notes.andymatuschak.org/z3ntJ7w9C3uapYp1m3gy2EK6PN788guzEoUNN). But by including the prompts, we also help readers who want to write some prompts of their own. They get to see expert examples of prompt-writing, which they can use as templates for their own prompts.",[助记媒介提供专家编写的卡片来消除编写卡片的负担](https://notes.andymatuschak.org/The_mnemonic_medium_supplies_expert-authored_prompts_to_remove_the_burden_of_prompt-writing)，这有助于缓解[写好间隔重复记忆卡片很难](https://notes.andymatuschak.org/z3ntJ7w9C3uapYp1m3gy2EK6PN788guzEoUNN)的问题。但是，助记媒介嵌入这些卡片，同样能够帮助那些想要亲自编写卡片的读者。他们可以看到专家编写的卡片，从而将其用作自己卡片的模板。
2,"Several [Quantum Country](https://notes.andymatuschak.org/z2fBHADWa93EZTuNzuww7V3Vi587ZyZ4FHTHm) readers have told us that they’d tried and abandoned Anki before reading Quantum Country, but that they’ve since returned to it now that they have a clearer idea of how to write prompts.",几位[量子国度](https://notes.andymatuschak.org/z2fBHADWa93EZTuNzuww7V3Vi587ZyZ4FHTHm)的读者告诉我们，他们在阅读《量子国度》之前尝试过使用 Anki，但是放弃了，不过现在他们对编写卡片的方法有了更清晰的头绪，便又拾起来  Anki 了。
3,A more active variation: [Embedded prompt templates may actively scaffold prompt-writing for mnemonic medium readers](https://notes.andymatuschak.org/z2GSNFzS3TRYHW1UGQhay6Y4J16BVRSwsjWZ),一种更主动的变体：[嵌入卡片模板可以主动辅助助记媒介读者编写卡片](https://notes.andymatuschak.org/z2GSNFzS3TRYHW1UGQhay6Y4J16BVRSwsjWZ)
4,## User feedback regarding this effect,## 用户对这种效果的反馈
5,[Giacomo Randazzo on Quantum Country’s influence](https://notes.andymatuschak.org/z3CeV4YuXgZEJmQQ9mw6B3FV5zkJRjHu14CQc) / [2020-03-28](https://notes.andymatuschak.org/2020-03-28):,[Giacomo Randazzo 谈量子国度的影响](https://notes.andymatuschak.org/z3CeV4YuXgZEJmQQ9mw6B3FV5zkJRjHu14CQc)/[2020-03-28](https://notes.andymatuschak.org/2020-03-28)：
6,"> The Quantum Country series was essential in stepping up my Anki game. The flashcards are well thought and incorporate ideas for building questions and answers that are not obvious when starting out. The authors do a great job at introducing the ideas gradually. For people with a sufficient mathematical background, that want to learn how to use any spaced repetition software effectively, I think the investment of time in going through the entire series is exceedingly valuable!” [[source 1](https://twitter.com/RAN3000/status/1243906206592311296), [source 2](https://twitter.com/RAN3000/status/1243906209679376386)]",> 「量子国度系列对提升我的 Anki 技巧非常有帮助。里面的抽认卡都是经过深思熟虑的，还融入了一些想法，有利于在刚上手材料时，挖掘出不算显然的问题与答案做成卡片。作者是逐步引入这些想法的，值得赞赏。如果你数学背景知识足够，而且想要学习如何有效使用间隔重复软件，我认为花时间看完整个量子国度系列是非常有价值的！」[[来源1](https://twitter.com/RAN3000/status/1243906206592311296)，[来源2](https://twitter.com/RAN3000/status/1243906209679376386)]
7,------,------
8,## References,## 参考文献
9,"Matuschak, A., & Nielsen, M. (2019, October). How can we develop transformative tools for thought? https://numinous.productions/ttft","Matuschak, A. 和 Nielsen, M. (2019年10月). 我们怎样才能开发出变革性的思维工具？https://numinous.productions/ttft"
10,"> … making good cards is a difficult skill to master, and so what users lose by not making their own cards is made up by using what are likely to be much higher-quality cards than they could have made on their own. In future, it’s worth digging deeper into this issue, both to understand it beyond informal models, and to explore ways of getting the benefits of active card making.",> …编写优质卡片是一项难以掌握的技能，用户自己做的卡片可能质量很低，因此如果能提供更高质量的卡片，便能弥补用户没有制作卡片的损失。以后用户自编卡片必要性这个问题，值得深入研究，既要更严谨地论证说明，又要探寻如何获得主动编写卡片的好处。
link,https://notes.andymatuschak.org/z4j3bcyJfBzGdpEoQje9gaVeECfsZFgMEhBNL,原文：[The mnemonic medium may help scaffold prompt-writing through author-provided prompts](https://notes.andymatuschak.org/z4j3bcyJfBzGdpEoQje9gaVeECfsZFgMEhBNL)
