﻿﻿0,"# The mnemonic medium should be developed in just-in-time learning contexts, rather than preparatory learning contexts",# 助记媒介应该基于即用即学的场景开发，而不要基于预备学习的场景开发
1,"[The mnemonic medium should be developed in just-in-time learning contexts, rather than preparatory learning contexts (andymatuschak.org)](https://notes.andymatuschak.org/z8YQjYjBnEae9U9ySaywQ5AKyb3fHg7jRdcrz)","原文：[The mnemonic medium should be developed in just-in-time learning contexts, rather than preparatory learning contexts (andymatuschak.org)](https://notes.andymatuschak.org/z8YQjYjBnEae9U9ySaywQ5AKyb3fHg7jRdcrz)"
2,"Here’s a simplistic model of what I’ll call “preparatory” learning: you’d like to become a doctor, so you attend medical school and take classes for your first two years, and then in your third year you’re ready to see some patients (as a clerkship, with supervision). This style of learning is typical in formal educational contexts. The primary activity in those first two years is skill-building itself; you’re *preparing* yourself to participate in some future activity where the actual intrinsic value resides.",我认为「预备学习」简单来说就是这样：你想当医生，所以你去医学院上学，在头两年上课，然后在第三年你便能诊断一些病人（作为实习生，在监督下）。这种学习方式在正规教育背景下很典型。前两年的主要活动就是培养技能；你在为自己参加未来的一些活动做**准备**，而这些活动才是实际价值所在。
3,"By contrast, in a “just-in-time” learning context, you learn things when you find you need them to do some other primary activity. For example, maybe you’re a medical resident, and you found yourself unable to follow along with the discussion of a patient who seems to have a movement disorder. You might then go home and review a book on the topic, hoping both to help your patient and to become more capable for future patients like them.",相比之下，「即用即学」的场景下，人在开展其他主要活动中，发现需要学一些东西，于是才去学习。例如，假如你是住院医生，其他人在围绕似乎一位有运动障碍的病人开展讨论，而你发现你听不懂他们在讲什么。然后你可能会回家复习关于这个主题的书，希望既能帮助你的病人，而未来遇到相似病人，也能为他们效劳。
4,"I think these “just-in-time” contexts are likely to be better for developing the [Mnemonic medium](https://notes.andymatuschak.org/z4rRX3qwSSJRsEkdXKwH2shamgHNeRthrMLiF), since they’ll more clearly demonstrate the connection between the medium and meaningful enablement.",我认为这些「即用即学」的场景可能更有利于发展[助记媒介](https://notes.andymatuschak.org/z4rRX3qwSSJRsEkdXKwH2shamgHNeRthrMLiF)，因为这些场景将更清楚地展示媒介和有意义的赋能之间的联系。
5,"“Preparatory” learning contexts are abstracted away from the activity we’re actually trying to enable. A course syllabus (or other structure) dictates the details you should learn. Students will tend to use and value the medium if the course’s feedback loop (problem sets / tests) rewards them for it. But we want the medium’s evolution to be driven by enabling people to do meaningful things, not by helping them get better grades. ([The mnemonic medium should be developed in a context where learning is in service of some meaningful use](https://notes.andymatuschak.org/zaChVThdkmrnkr3mHEe7U61CP5QzorRFvKeC)) Grades will distort our work. For example, if cramming produces a decent result on their tests, that might seem like a better choice than the mnemonic medium. And we could easily find ourselves helping students get good test without expanding their capacity to do anything meaningful.",「预备」学习环境与我们实际要赋能的活动相去甚远。课程大纲（或其他结构）规定了你应该学习的细节。如果课程的反馈回路（问题集/测试）对他们进行奖励，学生就会倾向于使用和重视这个媒介。但是，我们希望媒介的发展是通过让人们做有意义的事情来推动的，而不是通过帮助他们获得更好的成绩。（[助记媒介应该为那些服务于有意义的使用的学习而开发](https://notes.andymatuschak.org/zaChVThdkmrnkr3mHEe7U61CP5QzorRFvKeC)）成绩会扭曲我们的工作。例如，如果填鸭式学习能在考试中取得不错的成绩，这似乎是比助记媒介更好的选择。而我们很容易发现自己在帮助学生获得好成绩的同时，并没有提高他们做任何有意义的事情的能力。
6,"Practically speaking, this might mean:",从实际情况来看，这可能意味着：
7,"- targeting medical residents, not medical students",- 针对的是住院医师，而不是医学生
8,"- supporting graduate student research, rather than what they need to pass quals",- 支持研究生做研究，而不是支持研究生通过资格考试
9,"- helping coding boot camp students in the context of externships, not coursework",- 帮助新手营的学生在校外实习中编写代码，而不是在课业中
10,- shifting the focus of employee onboarding from the first week to the first year,- 将员工入职培训的重点从第一周转移到第一年
11,- helping people who are in the midst of pivoting into a new field (not just studying in advance of it),- 帮助那些正转向新领域的人（而不仅仅是提前学习）
12,"One challenge here is that just-in-time learning usually can’t happen when you’re a total novice, since you often don’t know enough to begin a meaningful project. But that’s where the medium really shines: [Spaced repetition memory systems can accelerate the unpleasant early stages of learning a subject](https://notes.andymatuschak.org/z36hoKonZMF93rY34goQhyFLfnTfHmSwBzNYs). It’d be great if we could find some situation where people often find they need to learn something in the course of something meaningful, but they really do need to start with the basics.",这里有一个挑战，就是完全的新手无法即用即学，因为他们的知识，对于开展有点规模的项目来说还不够。但这正是助记媒介大显身手的地方。[间隔重复记忆系统可以加速学习科目的令人不快的早期阶段](https://notes.andymatuschak.org/z36hoKonZMF93rY34goQhyFLfnTfHmSwBzNYs)。如果我们能找到一些情况，人们在完成有意义的活动时，需要学习一些知识，但他们必须从基础开始学起，那就太好了。
13,Related:,相关笔记：
14,"- [Enabling environments focus on creating opportunities for growth and action, not on skill-building](https://notes.andymatuschak.org/z5th5bWm6VhB6PPbYB97gUKMdnaZe5atntRza)",- [赋能环境的重点是创造成长和行动的机会，而不是技能培养](https://notes.andymatuschak.org/z5th5bWm6VhB6PPbYB97gUKMdnaZe5atntRza)
15,- [Enabling environments focus on doing what’s enabled](https://notes.andymatuschak.org/z6tuZZKaNeLM7c9jPZwNVGURGTuXLy8jesv5i),- [赋能环境的重点是做被赋能的事](https://notes.andymatuschak.org/z6tuZZKaNeLM7c9jPZwNVGURGTuXLy8jesv5i)
16,- [Novices in enabling environments often can’t do what’s enabled](https://notes.andymatuschak.org/z3XsSKarN8i3pV4WjPiJ7pVGG6akRVQvU7ngK),- [赋能环境中的新手往往不能做被赋能的事情](https://notes.andymatuschak.org/z3XsSKarN8i3pV4WjPiJ7pVGG6akRVQvU7ngK)
17,## References,## 参考文献
18,- [Joe Edelman](https://notes.andymatuschak.org/z7kjCr2PDLTu2bMLmHgUcghoCRu6tQPT3aB2K) helped me understand this in a [2021-05-28](https://notes.andymatuschak.org/z2hwgXo6KNxaMsZoDdF68JKtBCtM1P4k4x2pW) conversation.,- [Joe Edelman](https://notes.andymatuschak.org/z7kjCr2PDLTu2bMLmHgUcghoCRu6tQPT3aB2K) 在 [2021-05-28](https://notes.andymatuschak.org/z2hwgXo6KNxaMsZoDdF68JKtBCtM1P4k4x2pW) 的谈话中帮助我理解了这一点。
