﻿﻿0,# The mnemonic medium supplies expert-authored prompts to remove the burden of prompt-writing,# 助记媒介提供专家编写的卡片来消除编写卡片的负担
1,[The mnemonic medium supplies expert-authored prompts to remove the burden of prompt-writing](https://notes.andymatuschak.org/The_mnemonic_medium_supplies_expert-authored_prompts_to_remove_the_burden_of_prompt-writing),原文：[The mnemonic medium supplies expert-authored prompts to remove the burden of prompt-writing](https://notes.andymatuschak.org/The_mnemonic_medium_supplies_expert-authored_prompts_to_remove_the_burden_of_prompt-writing)
2,"[Writing good spaced repetition memory prompts is hard](https://notes.andymatuschak.org/z3ntJ7w9C3uapYp1m3gy2EK6PN788guzEoUNN), but the [Mnemonic medium](https://notes.andymatuschak.org/z4rRX3qwSSJRsEkdXKwH2shamgHNeRthrMLiF) removes that barrier to adopting a [Spaced repetition memory system](https://notes.andymatuschak.org/z4eXdSMJFv2qVGXSUEKH4vdcHBrLHcFY1ZGfC) by supplying author-written prompts, which allow the readers to retain the material without writing their own.",[写好间隔重复记忆卡片很难](https://notes.andymatuschak.org/z3ntJ7w9C3uapYp1m3gy2EK6PN788guzEoUNN)，但[助记媒介](https://notes.andymatuschak.org/z4rRX3qwSSJRsEkdXKwH2shamgHNeRthrMLiF)通过提供作者编写的卡片，能够消除采用[间隔重复记忆系统](https://notes.andymatuschak.org/z4eXdSMJFv2qVGXSUEKH4vdcHBrLHcFY1ZGfC)的这一障碍，使读者不用自己写卡片就能记忆材料。
3,"[Studying another person’s spaced repetition memory prompts is usually ineffective](https://notes.andymatuschak.org/z38fLX4H8oq9eXKnZH7wk8qDXfBLg2bxVyA2M), but we believe the mnemonic medium can solve this by taking prompt-writing much more seriously and by embedding them in a narrative structure ([The mnemonic medium gives structure to normally-atomized spaced repetition memory prompts](https://notes.andymatuschak.org/z5YjgWTaYfhWLrEbysgmDfFRcZ1yxgLeBeZac)). A key problem with this approach: [The initial mnemonic medium is implicitly authoritarian in premise](https://notes.andymatuschak.org/z2SaePptX2K1sudevrMYrjaqP7ZBRLs82iSv).",[学习别人的间隔重复记忆卡片通常是无效的](https://notes.andymatuschak.org/z38fLX4H8oq9eXKnZH7wk8qDXfBLg2bxVyA2M)，但我们相信助记媒介可以解决这个问题，只要更认真地对待卡片写作，并将卡片嵌入到叙事结构中 ([助记媒介赋予通常原子化的间隔重复记忆卡片以结构](https://notes.andymatuschak.org/z5YjgWTaYfhWLrEbysgmDfFRcZ1yxgLeBeZac))。这种方法有个重要的问题：[最初的助记媒介在前提上是隐含的威权主义](https://notes.andymatuschak.org/z2SaePptX2K1sudevrMYrjaqP7ZBRLs82iSv)。
4,Note also that these prompts don’t appear in isolation: [Mnemonic medium prompts are interleaved into the reading experience](https://notes.andymatuschak.org/zE1sr3TTDoEJut4hgai2w6qFUwBYHSkk7no).,还要注意，这些卡片并不是孤立出现的：[助记媒介的卡片穿插在阅读体验中](https://notes.andymatuschak.org/zE1sr3TTDoEJut4hgai2w6qFUwBYHSkk7no)。
5,"When scaled up, this approach may help solve [The limiting factor in spaced repetition system capacity is writing enough good prompts](https://notes.andymatuschak.org/z4zvsYb38iMhkDgZzKzjqpzKKtwPhvt4FuzcS).",当规模扩大时，这种方法可能有助于解决[间隔重复系统能力的限制因素是写出足够多的好卡片](https://notes.andymatuschak.org/z4zvsYb38iMhkDgZzKzjqpzKKtwPhvt4FuzcS)。
