﻿﻿0,# The mnemonic medium’s design relies on light-weight prompts,# 助记媒介依赖的卡片应是轻量级的
1,[The mnemonic medium’s design relies on light-weight prompts (andymatuschak.org)](https://notes.andymatuschak.org/z7U6zXNGgTz1aEpRDUe6eMxotrhK4tmgprcxh),原文：[The mnemonic medium’s design relies on light-weight prompts (andymatuschak.org)](https://notes.andymatuschak.org/z7U6zXNGgTz1aEpRDUe6eMxotrhK4tmgprcxh)
2,The [Mnemonic medium](https://notes.andymatuschak.org/z4rRX3qwSSJRsEkdXKwH2shamgHNeRthrMLiF) is designed to make answering prompts extremely lightweight.,[助记媒介](https://notes.andymatuschak.org/z4rRX3qwSSJRsEkdXKwH2shamgHNeRthrMLiF)的设计目的是为了使卡片的复习变得特别轻量化。
3,"- **Tiny tasks:** Good recall prompts in a [Spaced repetition memory system](https://notes.andymatuschak.org/z4eXdSMJFv2qVGXSUEKH4vdcHBrLHcFY1ZGfC) test just one thing, so they can be answered quite quickly. [Quantum Country](https://notes.andymatuschak.org/z2fBHADWa93EZTuNzuww7V3Vi587ZyZ4FHTHm)’s median prompt review time is 6 seconds (as of 2019/12).","- **小任务：**在[间隔重复记忆系统](https://notes.andymatuschak.org/z4eXdSMJFv2qVGXSUEKH4vdcHBrLHcFY1ZGfC)中, 那些设计出色的回忆卡片通常只考察一个事物，所以它们可以被很快地回答。[量子国度](https://notes.andymatuschak.org/z2fBHADWa93EZTuNzuww7V3Vi587ZyZ4FHTHm)的卡片其复习时间中位数是 6 秒（截至 2019/12）。"
4,"- **One-tap marking:** Because the prompts are self-graded, the interaction itself is quite lightweight: just one tap. No need to precisely target: the buttons each cover half the screen. See also [Self-graded spaced repetition memory systems are more efficient than machine-graded systems](https://notes.andymatuschak.org/z7MGZ4wX4fenUQzR9248QfWU8GFeZbTFGaJRM).",- **一键评分：**由于卡片是自主评分的，所以互动本身相当轻巧：只需轻轻一按。无需精确落点：按钮各覆盖一半的屏幕。另见[自主评分的间隔重复记忆系统比机器评分的系统更有效率](https://notes.andymatuschak.org/z7MGZ4wX4fenUQzR9248QfWU8GFeZbTFGaJRM)。
5,"- **Interaction-less reading:** The questions and answers are short enough that they can be read without scrolling, which ensures that the only interaction necessary is for revealing and marking answers. This also means that there’s no state involved in the experience of reading a question.",- **无交互式阅读：**只要问题与答案足够短，短到不用滚动也能浏览，就能确保阅读时，揭示答案与给回答评分是唯一所需的两种交互，也就是说，此时阅读问题无需其他状态参与。
6,"- **Stability:** The layout of the prompts and the review area are fixed, and neighboring prompts are stacked in the z dimension rather than vertically. So as each prompt is answered, the next appears in the same location on the screen. The user doesn’t have to “find” the starting point for the next prompt’s question or answer, because they’re always in the same absolute position.",-**稳定性：** 卡片和复习区的布局固定，相邻卡片在 z 轴上堆叠而非垂直，于是每当卡片被回答，下张卡片就会出现在屏幕的同一位置，所以用户不必去「找」下张卡片的问题或答案的起点，因为他们总是在同一个绝对位置上出现。
7,"  - Likewise, readers don’t need to “retarget” their mouse or finger from prompt to prompt because the buttons are always in the same absolute position.",- 同样，在这些卡片之间，读者也无需用鼠标或手指去「重新瞄准」它们，因为这些按钮总是在同一个绝对位置上。
8,  - Prompts don’t change their layout on different devices.,  - 在不同的设备上，卡片也不会改变其布局。
9,"- **Tolerance:** Most readers don’t care about every prompt. If prompts were weighty like a textbook exercise, many readers would pick and choose, making a conscious decision about *whether* answering each prompt. That extra decision makes each prompt even heavier! But if prompts are quite cheap to answer, a few uninteresting prompts aren’t so burdensome. Some readers might wish to “opt out” of certain prompts, but it’s possible to assume that readers will answer each prompt as a strong default.",- **容忍度：**大多数读者不会在意每张卡片。如果卡片像课本上的习题那么沉重，很多读者就会挑挑拣拣，有意识地去想，「是否」要回答每张卡片。这种额外的想法会使得卡片变得更加沉重！但如果卡片是相当容易回答的，一些无趣的卡片就不那么有负担了。可能会有一些读者希望「跳过」这些卡片，不过默认假设读者会回答每张卡片，依旧是合适的。
10,## Lightweight prompts are important to comprehensive coverage,## 轻量级卡片对全面覆盖很重要
11,"If readers are to remember all the key material from a mnemonic text, authors must include many prompts (e.g. [QCVC](https://notes.andymatuschak.org/zDEm83cN4nymHeX89cvZCPVQJ4hyhmsLexyC) has 112 prompts and 20k words). As prompts become lighter-weight, readers will tolerate more of them at a given level of interest or time commitment. If each prompt takes 6s, we can add 112 prompts to QCVC at the cost of about 10 minutes—not so bad, since it takes most readers 3-4 hours to finish that essay.",如果读者打算记住一篇助记文本中的所有关键材料，那作者就必须添加大量卡片（例如，[QCVC](https://notes.andymatuschak.org/zDEm83cN4nymHeX89cvZCPVQJ4hyhmsLexyC)有 112 张卡片和两万字）。而当卡片变得轻量，在一定水平的兴趣或时间成本支持下，读者能够负担的卡片数量会变得更多一些。如果复习一张卡片需要 6 秒，我们就可以在 QCVC 中添加 112 张卡片，大约需要 10 分钟——这并不坏，因为多数读者需要用 3-4 小时才能读完这篇文章。
12,"If we only consider in-essay reading time, it wouldn’t be so bad if prompts took twice as long to answer. 20 minutes instead of 10 minutes in the context of a 3-4 hour reading experience doesn’t seem terribly material. But the efficiencies (or inefficiencies) compound. Most readers require 5-7 repetitions to reach multi-month retention, so at 6 seconds per prompt, we can expect that retaining those 112 prompts “costs” about 90 minutes in the ensuing months. Doubling that number would be a significant burden. (See [Mnemonic essays may offer detailed retention of their contents in exchange for 35-50% reading time overhead](https://notes.andymatuschak.org/z3bWum57HwBPxDJuBNYg3fgNK6tU15QF8srNF))",在仅考虑阅读文章内的时间下，若卡片需要两倍的时间来回答，看起来也不算太糟，因为用 20 分钟取代 10 分钟，相比于 3-4 小时的阅读体验来说，并不那么重要。但在效率（或低效率）的复合作用下，由于大多数读者需要 5-7 次的重复，以达到数月的记忆留存，若一张卡用时 6 秒，那么可以预计，在接下来的几个月中，为了留存 112 张卡片的记忆，读者将要花费 90 分钟，若这个数字再翻倍，那将是巨大的负担。（参考[助记文章能让读者详细记忆其中内容，成本是增加 35-50% 的阅读时间开销](https://notes.andymatuschak.org/z3bWum57HwBPxDJuBNYg3fgNK6tU15QF8srNF)）
13,## Lightweight prompts can be interleaved more regularly,## 轻量级卡片可以更有规律地穿插于阅读
14,"Textbooks traditionally punctuate sections with exercises, but these problems are often fairly involved. They might require extended thought or pen and paper—in any case, a significant context switch away from the reading experience. You wouldn’t want to consider that context switch every few paragraphs.",传统教材将章节与练习相结合，但这些问题通常相当复杂，他们可能需要你拓展思维，或用纸笔——不管怎样，此时会发生语境从阅读过程中切出，你肯定也不想每隔几段就要考虑切换语境。
15,"But because the mnemonic medium’s questions are lightweight, we can interleave them every few hundred words in [Quantum Country](https://notes.andymatuschak.org/z2fBHADWa93EZTuNzuww7V3Vi587ZyZ4FHTHm). We were concerned about the disruption this might cause to the reading experience, so we interviewed readers extensively about prompt timing. No readers reported finding the review sets disruptive or annoying. Instead, we’ve found a number of positive effects; see [Mnemonic medium prompts are interleaved into the reading experience](https://notes.andymatuschak.org/zE1sr3TTDoEJut4hgai2w6qFUwBYHSkk7no) for more discussion.",而助记媒介的提问相当轻量，在[量子国度](https://notes.andymatuschak.org/z2fBHADWa93EZTuNzuww7V3Vi587ZyZ4FHTHm)我们可以每读几百个词就穿插进行一次。这可能会干扰阅读体验，其实我们就卡片弹出的时机问题，广泛地采访了读者，但没有读者反馈说复习集破坏了阅读体验，相反，还发现了一些积极的效果，更多讨论详见[助记媒介卡片穿插在阅读过程中](https://notes.andymatuschak.org/zE1sr3TTDoEJut4hgai2w6qFUwBYHSkk7no)。
