﻿﻿0,# The mnemonic medium works well for primers in established fields,# 助记媒介对成熟领域的入门读物很有效
1,[The mnemonic medium works well for primers in established fields (andymatuschak.org)](https://notes.andymatuschak.org/zY1nxKoZCJmCd6EpMxzWHwmCyiQUG7nX17Z),原文：[The mnemonic medium works well for primers in established fields (andymatuschak.org)](https://notes.andymatuschak.org/zY1nxKoZCJmCd6EpMxzWHwmCyiQUG7nX17Z)
2,"When people are initially learning about a topic, it’s a particularly valuable time to augment their learning, and in particular their memory: e.g. [Spaced repetition memory systems can accelerate the unpleasant early stages of learning a subject](https://notes.andymatuschak.org/z36hoKonZMF93rY34goQhyFLfnTfHmSwBzNYs).",在人们初学某一领域的时帮助他们增强学习，收益会非常大，特别是帮他们增强记忆：例如[间隔重复记忆系统可以缩短科目学习中不愉快的早期阶段](https://notes.andymatuschak.org/z36hoKonZMF93rY34goQhyFLfnTfHmSwBzNYs)。
3,"The [Mnemonic medium](https://notes.andymatuschak.org/z4rRX3qwSSJRsEkdXKwH2shamgHNeRthrMLiF) is particularly well suited to this context because [The initial mnemonic medium is implicitly authoritarian in premise](https://notes.andymatuschak.org/z2SaePptX2K1sudevrMYrjaqP7ZBRLs82iSv): it assumes you want to defer to the author’s authority on the subject and memorize every prompt. That assumption is disproportionately likely to hold for a primer, when the reader may not have many ideas or preconceptions of their own about the subject.",[助记媒介](https://notes.andymatuschak.org/z4rRX3qwSSJRsEkdXKwH2shamgHNeRthrMLiF)特别适合于此场景，因为[最初的助记媒介在前提上隐含着专制](https://notes.andymatuschak.org/z2SaePptX2K1sudevrMYrjaqP7ZBRLs82iSv)：它假定你想要尊重作者在该主题上的权威并记住每张卡片。对于入门读物来说，这一假设极大概率是正确的，因为读者对于新主题没有太多概念或成见。
4,"I think it’s also important that the primer be covering a well-established field, so that its table of contents is broadly not up for much dispute or authorial idiosyncrasy. When the field is not well-established, readers will be more likely to second-guess the author’s choice of what’s important.",我认为同样重要的是，入门读物要涵盖一个成熟的领域，这样它的内容就不会有太多争议或作者的癖好。当领域不是很成熟时，读者更可能会质疑作者挑选的重点。
5,I think these reasons are in part why [Quantum Country](https://notes.andymatuschak.org/z2fBHADWa93EZTuNzuww7V3Vi587ZyZ4FHTHm) worked relatively well.,我认为这些原因一定程度上解释了为什么[量子国度](https://notes.andymatuschak.org/z2fBHADWa93EZTuNzuww7V3Vi587ZyZ4FHTHm)的效果相对较好。
6,------,------
7,Q. Why was it important to the success of its mnemonic medium that [Quantum Country](https://notes.andymatuschak.org/Quantum_Country) was a primer?,问：[量子国度](https://notes.andymatuschak.org/Quantum_Country)作为助记媒介很成功，为什么量子国度是入门读物这点对其成功很重要？
8,A. The medium assumes that readers want to substantially defer to the author about what to learn and how; a primer’s the best setting for that.,答：助记媒介假设读者希望在学习内容和方法上大体上遵从作者的意见；入门读物最符合这一假设。
9,Q. Why was it important to the success of its mnemonic medium that [Quantum Country](https://notes.andymatuschak.org/Quantum_Country) was about a well-established field?,问：[量子国度](https://notes.andymatuschak.org/Quantum_Country)介绍了一个成熟的领域，为什么这对它作为助记媒介的成功很重要？
10,"A. No need to second-guess the table of contents: if readers want to understand the basics of quantum computing, they can trust that this is the stuff they need to learn.",答：没有必要质疑内容：如果读者想了解量子计算的基础知识，他们可以相信这是他们需要学习的东西。
