﻿﻿0,# The mnemonic medium should be developed in a context where learning is in service of some meaningful use,# 助记媒介应该为那些服务于有意义的使用的学习而开发
1,[The mnemonic medium should be developed in a context where learning is in service of some meaningful use (andymatuschak.org)](https://notes.andymatuschak.org/zaChVThdkmrnkr3mHEe7U61CP5QzorRFvKeC),原文：[The mnemonic medium should be developed in a context where learning is in service of some meaningful use (andymatuschak.org)](https://notes.andymatuschak.org/zaChVThdkmrnkr3mHEe7U61CP5QzorRFvKeC)
2,"The most obvious application for the [Mnemonic medium](https://notes.andymatuschak.org/z4rRX3qwSSJRsEkdXKwH2shamgHNeRthrMLiF) is a formal educational environment. It can probably help students learn faster and more reliably. But I worry that developing the medium in that context would rapidly distort its goals: [Enabling environments’ activities directly serve an intrinsically meaningful purpose](https://notes.andymatuschak.org/z7wh92mfgXNTLk8AhaaLxsViQuzqGY5cV56Vm). It could easily become a servant of exam prep and passive learning, rather than a personally enabling tool used in service of meaningful creative projects, as I hope it to be.",[助记媒介](https://notes.andymatuschak.org/z4rRX3qwSSJRsEkdXKwH2shamgHNeRthrMLiF)最明显的应用就是正式的教育环境。它可能可以帮助学生更快、更可靠地学习。但我担心，在这种情境下开发助记媒介会迅速扭曲它的目标：[赋能环境的活动直接服务于内在意义的目的](https://notes.andymatuschak.org/z7wh92mfgXNTLk8AhaaLxsViQuzqGY5cV56Vm)。它很容易成为准备考试和被动学习的附庸，而不是像我希望的那样，成为一个服务有意义的创造性项目的个人赋能工具。
3,"Of course, I imagine that if the medium is successful, people will use it just to pass tests more easily. But it would be a mistake to let its development be *driven* by this use case: that’d probably end with a medium which helps people pass tests but which doesn’t create meaningful enablement. ([Recall rates are a misleading proxy for more meaningful goals of the mnemonic medium](https://notes.andymatuschak.org/zf7eeRUmfPxu7xHJ3QYQqhcXYrjWg1yhjTB)) If we let research be driven by how well the medium serves readers’ authentic sources of meaning, we’ll end up with something qualitatively different. There’s a [Path dependence](https://notes.andymatuschak.org/z7HtHu8wACS89phSe3zEHiHmX5PuuzCNsZhxX) here.",当然，我能想象到，如果这个媒介是成功的，人们会用它来更容易地通过考试。但如果让它的开发被这种使用案例驱动，那将是一个错误：这可能会最终产生一个帮助人们通过考试的媒介，但并没有创造有意义的赋能。([助记媒介的目标要比回忆率这个误导性的名称更有意义](https://notes.andymatuschak.org/zf7eeRUmfPxu7xHJ3QYQqhcXYrjWg1yhjTB)，如果我们基于——媒介如何更好的服务读者意义的真正来源——来研究，我们最终会得到一些本质上不同的东西。这里有一个[路径依赖](https://notes.andymatuschak.org/z7HtHu8wACS89phSe3zEHiHmX5PuuzCNsZhxX)的问题。
4,"Alan Kay notes: “I don’t think you can start with “text” or “programming” and get very far. I think it’s always better to have something important and big you want to do better with — eventually this provides clues to various kinds of media (including “languages”) that need to be invented to help.” ([Bret Victor’s 2021-06-14 reply to my email about research-context fit](https://notes.andymatuschak.org/zTsykmF3t4cZqqctk8MS8sz3i7JTyvfAp7m)). Likewise here, I don’t think one can start with “learning” in an abstract sense and get very far (see also [Educational objectives often subvert themselves](https://notes.andymatuschak.org/z6qfYv9SPx6M9FZPzVj7o4qVRD1iTGJpMfz6J)).",Alan Kay 说：「我不觉得你可以从『文本』或『编程』开始并走得很远。我认为总是最好有一些你想做得更好的重大事情——最终这些事情会为需要发明的帮助做这些事情的各种媒体（包括『语言』）提供线索」（[Bret Victor's 2021-06-14 回复我关于研究-背景匹配的电子邮件](https://notes.andymatuschak.org/zTsykmF3t4cZqqctk8MS8sz3i7JTyvfAp7m)）。同样在这里，我不认为人们可以从抽象意义上的「学习」开始并走得很远（参见[教育计划往往会自我颠覆](https://notes.andymatuschak.org/z6qfYv9SPx6M9FZPzVj7o4qVRD1iTGJpMfz6J)）。
5,This observation is what makes me hesitant about a few possible genres of context for the medium:,这一观察使我对助记媒介的几个可能的背景类型感到犹豫：
6,"- formal educational environments (see discussion above, and in [The mnemonic medium should be developed in just-in-time learning contexts, rather than preparatory learning contexts](https://notes.andymatuschak.org/z8YQjYjBnEae9U9ySaywQ5AKyb3fHg7jRdcrz))",- 正式教育环境（见上文的讨论，以及[助记媒介应该在即时学习环境中发展，而不是在预备学习环境中](https://notes.andymatuschak.org/z8YQjYjBnEae9U9ySaywQ5AKyb3fHg7jRdcrz)）
7,"- collaborations with [Grant Sanderson](https://notes.andymatuschak.org/z85PiaMmkorcaUaKukXLyhR7bn7GhVeo22h8T) and similar creators: viewers of these works are often driven by curiosity, rather than some meaningful use (see also [Quantum Country’s readers are mostly driven by curiosity, rather than a serious context of use](https://notes.andymatuschak.org/z2H5RGWnopXncUwLjHA83hhB2vw57sr7MVDe))",- 与 [Grant Sanderson](https://notes.andymatuschak.org/z85PiaMmkorcaUaKukXLyhR7bn7GhVeo22h8T) 和类似创作者的合作：这些作品的观众往往由好奇心驱动，而不是一些有意义的使用（另见[量子国度的读者大多由好奇心而非严肃的使用背景驱动](https://notes.andymatuschak.org/z2H5RGWnopXncUwLjHA83hhB2vw57sr7MVDe)）
8,"- engaging with the medical student community: I fear (perhaps baselessly?) that much of the learning drive comes from competition and the desire to score highly, rather than pressure from clerkships, earnest intellectual interest, etc; see formal edu environment notes",- 参与医学生社区：我担心（也许是毫无根据的），医学上的大部分学习动力来自于竞争和对高分的渴望，而不是来自于实习的压力、真诚的知识兴趣等；见正式教育环境的笔记
9,"Meaningful use isn’t enough. To be a good context for my research, that use also needs to be fairly demanding: [The mnemonic medium should be developed in a context where people really need fluency](https://notes.andymatuschak.org/zLVJdDJ7jahsFYfTRU7LKbxsMYdpZWUbKB6).",有意义的使用还不够。为了成为我研究的良好背景，这种使用的要求还得相当高：[助记媒介应针对真正需要流利掌握的情景而开发](https://notes.andymatuschak.org/zLVJdDJ7jahsFYfTRU7LKbxsMYdpZWUbKB6)。
10,Related: [Effective system design requires insights drawn from serious contexts of use](https://notes.andymatuschak.org/z3H98n8DGZmu8XArqHZVsckyWvbTe8wK4kAt2),相关的：[有效的系统设计需要从真刀真枪的使用情境汲取洞见](https://notes.andymatuschak.org/z3H98n8DGZmu8XArqHZVsckyWvbTe8wK4kAt2)
