﻿﻿0,# What might constitute canonical uses of the mnemonic medium?
1,[What might constitute canonical uses of the mnemonic medium? (andymatuschak.org)](https://notes.andymatuschak.org/z57n4zZZ61isUYuLafL9Df4SGErKGNawH9cMj)
2,One important category is concentrated sources of platform knowledge which many people struggle to acquire ([The mnemonic medium is particularly valuable for platform knowledge](https://notes.andymatuschak.org/z2bwNMKjXjzp9tGrK6Hm7PXpoEeNAG9M65JW6)). For example:
3,- [Molecular Biology of the Cell](https://notes.andymatuschak.org/zrozQLpvwRRMZxa59FTSk9euXsQeXwEkh3xe)
4,- Kandel’s *Principles of Neural Science*
5,- [The Feynman Lectures on Physics](https://notes.andymatuschak.org/zqpCUJRpTrRJf3YjAoG6mbgMT7TUsYKmy8u)
6,"Outside of platform knowledge, our understanding of the applications of the mnemonic medium is much weaker ([How might the mnemonic medium enable readers in genres outside platform knowledge?](https://notes.andymatuschak.org/z57S2Fte6gAnnM1gCS2nHpH7NYAiXD8KeDfvZ))."
7,"A canonical use must also be authored virtuosically, not just in the prose but also in the prompts. See [Important attributes of good spaced repetition memory prompts](https://notes.andymatuschak.org/z42J1vxsMjhkdbrqVfoqjiEesSzfaEqurBtoJ)"
