﻿﻿0,# What’s the big-picture impact of the mnemonic medium on readers?,# 助记媒介对读者的宏观影响是什么？
1,[What’s the big-picture impact of the mnemonic medium on readers? (andymatuschak.org)](https://notes.andymatuschak.org/z5yKJEmSVZvRr6Q5kDdKeCEt9aqCjo2hQwNcm),原文：[What’s the big-picture impact of the mnemonic medium on readers? (andymatuschak.org)](https://notes.andymatuschak.org/z5yKJEmSVZvRr6Q5kDdKeCEt9aqCjo2hQwNcm)
2,Say that the [Mnemonic medium](https://notes.andymatuschak.org/z4rRX3qwSSJRsEkdXKwH2shamgHNeRthrMLiF) helps readers remember what they read. *So what?*,如果说[助记媒介](https://notes.andymatuschak.org/z4rRX3qwSSJRsEkdXKwH2shamgHNeRthrMLiF)帮助读者记住他们所读的内容。**那又怎样？**
3,"Relative to what’s important in readers’ lives, why does this actually matter? What does it enable?",相对于读者生活中重要的东西，为什么记住所读东西很重要？记住之后能获得什么？
4,- [Impact of mnemonic medium on downstream learning](https://notes.andymatuschak.org/zhYZD1BMjUDeKAFQdyb55XNnMMaJoSfjKh9),- [助记媒介对下游学习的影响](https://notes.andymatuschak.org/zhYZD1BMjUDeKAFQdyb55XNnMMaJoSfjKh9)
5,Related:,相关笔记：
6,- [The dominant culture around spaced repetition memory systems is fixated on meaningless goals](https://notes.andymatuschak.org/z7i9vs1MyadFaSkGBSwLVsfsQ5UEdN5aS2v9J),- [间隔重复系统的主流文化圈热衷于无意义的目标](https://notes.andymatuschak.org/z7i9vs1MyadFaSkGBSwLVsfsQ5UEdN5aS2v9J)
7,- [How might we situate tools for thought within intrinsically meaningful contexts?](https://notes.andymatuschak.org/zKQs1fYnn4uzdws1KZc9pxkT3NUHastcMYq),- [我们如何将思想工具置于有内在意义的背景中？](https://notes.andymatuschak.org/zKQs1fYnn4uzdws1KZc9pxkT3NUHastcMYq)
8,## Learning from Quantum Country readers,## 从《量子国度》读者学习到的
9,"One key challenge here is really that [Quantum Country’s readers are mostly driven by curiosity, rather than a serious context of use](https://notes.andymatuschak.org/z2H5RGWnopXncUwLjHA83hhB2vw57sr7MVDe)",实际上，这里的一个关键挑战是[量子国度的读者大多由好奇心而非严肃的使用背景驱动](https://notes.andymatuschak.org/z2H5RGWnopXncUwLjHA83hhB2vw57sr7MVDe)
10,### Comments from readers,### 读者的评论
11,- Improved conversation,- 对话能力增强
12,"  - [Riley Buchanan](javascript:void(0)): “understanding (and retaining) what I have learned in the first essay of Quantum Country has been helpful in several conversations with friends and colleagues, even if they were had no purpose other than entertainment and fun discussion""",  - Riley Buchanan：「理解（和记住）我在《量子国度》第一篇文章中所学到的东西，对于与朋友和同事的几次对话，都很有帮助，尽管这些对话只是出于娱乐，停留在有趣的探讨之上」
13,  - [Davis Peixoto](javascript:void(0)): “this certainly started lots of interesting and meaningful conversations with friends and colleagues”,  - Davis Peixoto：「这无疑开启了与朋友和同事的许多有趣和有意义的对话」
14,- Value of SRS for personal practice:,- SRS（间隔重复软件） 对个人实践的价值：
15,  - [Riley Buchanan](javascript:void(0)): “What Quantum Country has really done for me is teach me how valuable spaced-repetition can be. I’ve since started using Anki which has helped me pass masters-level classes with little end-of-year cramming to re-learn what I had long forgotten. I wish I knew of this trick when I was in undergrad. “,  - Riley Buchanan：「《量子国度》真正影响我的是，我知道了间隔重复是多么有价值。我后来开始使用 Anki，只是期末稍微背一点，重新学习我早就忘记的知识，我就能通过硕士级别的课程。我希望我在读本科的时候就知道这个技巧。」
16,- Did downstream exercises:,- 做了下游的练习：
17,"  - [Iskandar Pashayev](javascript:void(0)) : “In the first essay, there’s a statement that every classical circuit has an equivalent quantum circuit. I thought it would be interesting to apply this by translating a Ripple Carry Adder from a classical representation to a quantum one using IBM’s quantum computing notebook. Along the way, I also learned that rather than performing a direct translation, there’s a much simpler circuit that could be used to add numbers in the quantum circuit model.”",  - Iskandar Pashayev：「在第一篇文章中，有一个说法是每个传统电路都有其等价的量子电路。我觉得这个说法有个有趣的应用，就是利用 IBM 的量子计算笔记本，将行波进位加法器的传统电路形式，翻译成量子电路形式。在这一过程中，我还了解到，比起直接翻译，量子电路模型下有更简单的电路来实现加法。」
18,- Better prepared for downstream classes:,- 为下游的课程做了更好的准备：
19,"  - [Jeremy Cote](javascript:void(0)): “I’d say that reviewing had an impact later on when I was taking quantum computing classes, since a lot of the basics about gates and matrices were things I had already known.”",  - Jeremy Cote：「我得说，在我后来上量子计算课时，复习受到了影响，因为很多关于门和矩阵的基础知识是我已经知道的。」
20,"  - [Kevin](javascript:void(0)): I feel that I’m ready to learn more algorithms like Shor’s algorithm and to get some extended reading material like this site (https://qiskit.org/textbook/preface.html). Furthermore, I want to write some actual code that uses quantum computing with some simulation library or even a real quantum computer.",  - Kevin：我觉得我已经准备好学习更多的算法，比如肖尔算法，并获得一些类似该[网站](https://qiskit.org/textbook/preface.html)的扩展阅读材料。此外，我想写一些实际的代码，用一些仿真库甚至是真正的量子计算机来进行量子计算。
21,------,------
22,# Log,# 日志
23,[2021-01-27](https://notes.andymatuschak.org/z2ZbJwrdLAAFzvJ3SjiqVKQzPgEjhtdeKuPg),[2021-01-27](https://notes.andymatuschak.org/z2ZbJwrdLAAFzvJ3SjiqVKQzPgEjhtdeKuPg)
24,"As a first step towards understanding this question, today I’m emailing a batch of Quantum Country users who have completed at least 30 review sessions over at least 270 days ([20210127155851](https://notes.andymatuschak.org/zmWdKtgnRVDaEEKVtiU4TNQUMRZWeDvxmnn)). I don’t have a clear enough articulation of what I’m actually getting at here, so I’ll start just by phishing.",作为理解这个问题的第一步，我今天会给一批在至少 270 天内完成了至少 30 次复习环节的量子国度用户发邮件（[20210127155851](https://notes.andymatuschak.org/zmWdKtgnRVDaEEKVtiU4TNQUMRZWeDvxmnn)）。我无法充分地表达我实际能获得什么，所以我只是先开始“网络钓鱼”。
25,"106 Quantum Country users meet these criteria ([sheet](https://docs.google.com/spreadsheets/d/1GYGwr2IQCS43-Ngto8o27mehkic1IK-sjd41By4l4oM/edit#gid=665655282)). A surprisingly high number—and many of them actually meet *doubled* criteria. But once I establish the “high end” of the impact here, it’ll be interesting to lower the criteria and to understand what happened to people who didn’t stick around quite as long. These people are truly dedicated.",106 个量子国度用户符合这些标准（见：[电子表格](https://docs.google.com/spreadsheets/d/1GYGwr2IQCS43-Ngto8o27mehkic1IK-sjd41By4l4oM/edit#gid=665655282)）。一个令人惊讶的数字——而且其中许多人实际上符合**双倍**的标准。但是，一旦我在这里建立了影响的「上界」，降低标准并了解那些没有坚持很长时间的人的情况，将会很有趣。这些人是真正的奉献者。
26,> **Subject**: Quantum Country: many months later… so what?,> **主题**：量子国度：许多个月后......那又怎样？
27,> Hi there! I’m one of the authors of Quantum Country. I’m writing to you because you stuck with the review sessions for quite a long time.,> 大家好！我是《量子国度》的作者之一。我给你写信是因为你坚持了相当长一段时间的复习环节。
28,>,>
29,> I’d be very grateful if you could tell me: *so what?*,> 如果你对我说：**那又怎样？**，我也很感激
30,>,>
31,"> That is: big-picture, what has all that reviewing done for you? Did it have any impact on, say, follow-up studies? Projects you started? Conversations with colleagues? Your sense of self?",> 那就是：从大的方面看，所有这些复习对你有什么作用？它对后续研究有任何影响吗？如：你开始的项目？与同事的对话？你的自我意识？
32,>,>
33,"> I’ve got lots of quantitative data, and that tells me all about people’s fine-grained memory over time. But ultimately that’s not what matters. I want to understand if/how it enables meaningful experiences in your life. And if it hasn’t, I’d love to know that too! My sincere thanks in advance for anything you might care to share.",> 我有很多量化数据，这些数据告诉我关于人们在一段时间内的细粒度记忆的所有情况。但最终这不是最重要的。我想了解它是否/如何在你的生活中促成有意义的经历。如果它没有，我也很想知道！在此，我真诚地感谢你愿意分享的一切。
