﻿﻿0,# Knowledge workers usually have no specific methods for developing ideas over time,# 知识工作者对于逐步完善想法往往没有具体方法
1,[Knowledge workers usually have no specific methods for developing ideas over time (andymatuschak.org)](https://notes.andymatuschak.org/z2A9r2zcddVXfxjevj5Nzayhwxr9VuycjxYdz),原文：[Knowledge workers usually have no specific methods for developing ideas over time (andymatuschak.org)](https://notes.andymatuschak.org/z2A9r2zcddVXfxjevj5Nzayhwxr9VuycjxYdz)
2,"Skilled knowledge workers are expected to innovate—to produce valuable, original insight. If they have some inkling of an idea, how do they actually go about fleshing that idea out over time? What does taking a step look like? [Where do ideas come from?](https://notes.andymatuschak.org/z4HpeV4MGmbKMWY6oUeci392Z7NAueHJ5WH5p)",人们期待专业知识工作者能够创新——即产生有价值的、原创性的见解。如果他们有了一个想法的轮廓，他们具体是怎么花时间逐步完善这个想法的？每个步骤是什么样的？[想法从何而来？](https://notes.andymatuschak.org/z4HpeV4MGmbKMWY6oUeci392Z7NAueHJ5WH5p)
3,"My intuition is that most knowledge workers develop ideas intuitively, often using tacit processes, but that the process is largely undirected and based on hope that insight emerges at some point. They generally develop some provisional methods and rarely work to subsequently improve them ([People generally develop skills to a plateau and then stop](https://notes.andymatuschak.org/z5gHroEM2vM2WcKxkdcsCw8qv5tmHSbBVxEb4)). I suspect that this is mostly because it’s not obvious that this is an improvable skill ([Salience of improvement drives skill development](https://notes.andymatuschak.org/z3TLgRqbKq1iQvYNvxenccLPZUuJNB329uwGw)).",我的直觉是，大部分知识工作者凭直觉来完善想法，这个过程中会使用隐式的方法，但这些方法没有目标指导，并总是寄希望于真知灼见也许最终会浮现。他们通常会临时性开发一些方法，之后就不再费力去改进这些方法（[人们通常把技能发展到一个平台期，然后就停下来](https://notes.andymatuschak.org/z5gHroEM2vM2WcKxkdcsCw8qv5tmHSbBVxEb4)）。我怀疑这主要是因为这不是一个明显的可改进的技能（[提高的显著性推动技能发展](https://notes.andymatuschak.org/z3TLgRqbKq1iQvYNvxenccLPZUuJNB329uwGw)）。
4,One possible solution: [Evergreen note-writing helps insight accumulate](https://notes.andymatuschak.org/z6cFzJWgj9vZpnrQsjrZ8yCNREzCTgyFeVZTb).,一个可能的解决方案：[常青笔记有助于积累洞见](https://notes.andymatuschak.org/z6cFzJWgj9vZpnrQsjrZ8yCNREzCTgyFeVZTb)。
