﻿﻿0,# Knowledge work rarely involves deliberate practice,# 知识工作很少涉及刻意练习
1,[Knowledge work rarely involves deliberate practice (andymatuschak.org)](https://notes.andymatuschak.org/z5BMvN7tZr8wxZdfFHgjvV9Em5HzXPCboardR),原文：[Knowledge work rarely involves deliberate practice (andymatuschak.org)](https://notes.andymatuschak.org/z5BMvN7tZr8wxZdfFHgjvV9Em5HzXPCboardR)
2,"[Athletes and musicians pursue virtuosity in fundamental skills much more rigorously than knowledge workers do](https://notes.andymatuschak.org/z4qhD8UwNAmJDdJUC36BUGp5PEUfgfzZXvkhB). One likely reason is that athletes/musicians engage in [Deliberate practice, after Ericsson](https://notes.andymatuschak.org/z2duRd5eisRomSgxr88Semkgs15pgMRVVR5C)—that is, activities focused specifically on improving skills.",[相比知识工作者，运动员和音乐家会更为严格精细地打磨基本技能](https://notes.andymatuschak.org/z4qhD8UwNAmJDdJUC36BUGp5PEUfgfzZXvkhB)。一个可能的原因是，运动员/音乐家会进行[刻意练习（由 Ericsson 提出）](https://notes.andymatuschak.org/z2duRd5eisRomSgxr88Semkgs15pgMRVVR5C)——即专注于打磨技能的活动。
3,"Sure, knowledge workers regularly take on “growth opportunities,” like a new job that will push them beyond their prior skill sets. But their day-to-day activities are focused on *doing the job,* not (usually) on building whatever skills are deficient. This is akin to a soccer player only playing games as a way to get in shape, rather than lifting weights and running drills. [Typical work and performance environments don’t constitute deliberate practice](https://notes.andymatuschak.org/z3n21KMcMZtfT5wmLi1V5ovzZoyqhciQowRXm).",知识工作者的确会屡屡遇到**成长机会**，比如开始新工作，需要扩展已有技能。但知识工作者的日常活动主要是**完成工作**，而非补足短处。这就好比足球运动员从不举重和跑步，只靠比赛锻炼身体。[典型的工作和表现环境不符合刻意练习的要求](https://notes.andymatuschak.org/z3n21KMcMZtfT5wmLi1V5ovzZoyqhciQowRXm)。
4,"Ericsson claims (2016, p. 98) that there is no deliberate practice possible for knowledge work because there are no objective criteria (so, poor feedback), because the skills aren’t clearly defined, and because techniques for focused skill improvement in these domains aren’t known. I’m skeptical of the finality of these claims, in the face of e.g. [Evergreen note-writing as fundamental unit of knowledge work](https://notes.andymatuschak.org/z3SjnvsB5aR2ddsycyXofbYR7fCxo7RmKW2be), [Spaced repetition memory systems make memory a choice](https://notes.andymatuschak.org/z4bR1HVvDUhMXDm5SJB4Tiw4xGbrm9AfXWgbc), etc. But it’s true that at least for the moment, there’s nothing as straightforward as weightlifting that you can do to improve yout communication skills.",Ericsson 认为知识工作无法刻意练习，因为缺乏客观标准（所以反馈不足），知识工作的技能定义不清，这一领域也没有发现打磨技能的方法。我觉得这些说法还有待商榷，考虑到[常青笔记写作是知识工作的基本单位](https://notes.andymatuschak.org/z3SjnvsB5aR2ddsycyXofbYR7fCxo7RmKW2be)，[间隔重复系统让记忆成为一种选择](https://notes.andymatuschak.org/z4bR1HVvDUhMXDm5SJB4Tiw4xGbrm9AfXWgbc)。但就目前来说，要改善沟通技巧，并没有像举重那样直接明了的练习。
5,"There’s significant tension between this line of reasoning and [Enabling environments focus on doing what’s enabled](https://notes.andymatuschak.org/z6tuZZKaNeLM7c9jPZwNVGURGTuXLy8jesv5i) / [Enabling environments focus on creating opportunities for growth and action, not on skill-building](https://notes.andymatuschak.org/z5th5bWm6VhB6PPbYB97gUKMdnaZe5atntRza). Those articles would seem to claim that top-notch tennis / piano academies are not enabling environments… which is almost certainly false. There’s potential tension also with [How might we situate tools for thought within intrinsically meaningful contexts?](https://notes.andymatuschak.org/zKQs1fYnn4uzdws1KZc9pxkT3NUHastcMYq)",这种推理和[赋能环境重在推动所赋能的事](https://notes.andymatuschak.org/z6tuZZKaNeLM7c9jPZwNVGURGTuXLy8jesv5i) / [赋能环境的重点是创造成长和行动的机会，而不是技能培养](https://notes.andymatuschak.org/z5th5bWm6VhB6PPbYB97gUKMdnaZe5atntRza)之间存在显著的张力。这些文章似乎在说一流网球/钢琴学校不是赋能环境…这几乎肯定是错的。这与[我们如何将思想工具置于有内在意义的背景中？](https://notes.andymatuschak.org/zKQs1fYnn4uzdws1KZc9pxkT3NUHastcMYq)之间也存在潜在张力。
6,"See also [§Taking knowledge work seriously (Stripe convergence talk, 2019-12-12)](https://notes.andymatuschak.org/z5opHsGrNmCib7YQfLv6XbYURzZgZmx4Mrh5y).",参见 [§ 严肃研究知识工作（Stripe 融合讨论，2019-12-12）](https://notes.andymatuschak.org/z5opHsGrNmCib7YQfLv6XbYURzZgZmx4Mrh5y)
7,------,------
8,## References,## 参考文献
9,"Ericsson, A., & Pool, R. (2016). *Peak: Secrets from the New Science of Expertise* (1 edition). Eamon Dolan/Houghton Mifflin Harcourt. [Peak - Ericsson and Pool](https://notes.andymatuschak.org/z6Sx5DSLp1Jdt4wqvN36Xvregj6mQnCnFopmy)","Ericsson, A., & Pool, R. (2016). *Peak: Secrets from the New Science of Expertise* (1 edition). Eamon Dolan/Houghton Mifflin Harcourt. [Peak - Ericsson and Pool](https://notes.andymatuschak.org/z6Sx5DSLp1Jdt4wqvN36Xvregj6mQnCnFopmy)"
10,"[Nielsen, M. A. (2004). Principles of effective research (Technical Note No. 0404). The University of Queensland.](https://notes.andymatuschak.org/z2Zh745BsDC3CbVwCbm2aRvaVfqBR6KUpxXE)","[Nielsen, M. A. (2004). Principles of effective research (Technical Note No. 0404). The University of Queensland.](https://notes.andymatuschak.org/z2Zh745BsDC3CbVwCbm2aRvaVfqBR6KUpxXE)"
11,"> Many people don’t spend enough time on self-development. If you stop your development at the level which resulted in your first paper, it’s unlikely you’ll solve any major problems. More realistically, for many people self-development is an incidental thing, something that happens while they’re on the treadmill of trying to solve problems, generate papers, and so on, or while teaching. While such people will develop, it’s unlikely that doing so in such an ad hoc way will let them address the most important problems.",> 许多人没有足够的时间来自我成长。如果你在第一篇论文的水平上停止成长，你将不太可能解决任何重大问题。更现实地说，自我成长对于大多数人是偶然发生的，是当他们在“跑步机”上试图解决问题、产出论文或者在教学中发生的事情。虽然这样的人会成长，但这种临场发挥的方式不太可能让他们解决最重要的问题。
