﻿﻿0,"# Management science focuses on knowledge work at the level of the firm and the manager, not at the level of the individual",# 管理学从企业和管理者角度出发考虑知识工作，而不是个人角度
1,"[Management science focuses on knowledge work at the level of the firm and the manager, not at the level of the individual (andymatuschak.org)](https://notes.andymatuschak.org/z5XsZe6JcodTxYY772Jt3rV68VWfW8xdsqKjx)","原文：[Management science focuses on knowledge work at the level of the firm and the manager, not at the level of the individual (andymatuschak.org)](https://notes.andymatuschak.org/z5XsZe6JcodTxYY772Jt3rV68VWfW8xdsqKjx)"
2,"[Quite tentative—just my rough, fairly uninformed sense; haven’t done enough nearly reading to validate](https://notes.andymatuschak.org/z5XsZe6JcodTxYY772Jt3rV68VWfW8xdsqKjx)",[非常不确定——这只是我粗略、相当不确定的感觉；我还没有做足够的深入阅读来验证](https://notes.andymatuschak.org/z5XsZe6JcodTxYY772Jt3rV68VWfW8xdsqKjx)
3,"Prior to the 20th century, management science focused on the challenges of the industrial economy. It tackled problems like getting more widgets manufactured by tracking the amount of time each worker spent on each task, then finding efficiencies. Workers were fungible and unspecialized, so it emphasized problem-solving at the level of the firm and of the manager.",在 20 世纪之前，管理学关注的是工业经济所面临的挑战。它解决的问题诸如通过跟踪每个工人在每个任务上所花费的时间来生产更多的产品，从而提升效率。工人是可互换和非专业化的，因此它强调解决问题的层面在公司和管理者层面上。
4,"When economic output shifted to [Knowledge work](https://notes.andymatuschak.org/z2eKzbL5nwQrm8Zr26rtaLHXyKHREr3tm5HbY), the field’s focus remained on the manager and the firm, since the individual workers had never mattered that much. This may be one reason why [Core practices in knowledge work are often ad-hoc](https://notes.andymatuschak.org/z7z6uFero1JXyANDsq7P4RzeUemPWrHD7Ejmn) and [We don’t know how to measure knowledge worker productivity](https://notes.andymatuschak.org/z12T3AuuQ51Q3hkyKfvLYakzBRLyaXFk13ATM).",当经济产出转向[知识工作](https://notes.andymatuschak.org/z2eKzbL5nwQrm8Zr26rtaLHXyKHREr3tm5HbY)时，这个领域的关注点仍然集中在管理者和公司，因为个体工作者一向都不重要。这可能是[知识工作的核心实践往往是临场发挥的](https://notes.andymatuschak.org/z7z6uFero1JXyANDsq7P4RzeUemPWrHD7Ejmn)，并且[我们不知道如何衡量知识工作者的生产力](https://notes.andymatuschak.org/z12T3AuuQ51Q3hkyKfvLYakzBRLyaXFk13ATM)的原因之一。
