﻿﻿0,# We don’t know how to measure knowledge worker productivity,# 我们不知道如何衡量知识工作者的生产力
1,[We don’t know how to measure knowledge worker productivity (andymatuschak.org)](https://notes.andymatuschak.org/z12T3AuuQ51Q3hkyKfvLYakzBRLyaXFk13ATM),原文：[We don’t know how to measure knowledge worker productivity (andymatuschak.org)](https://notes.andymatuschak.org/z12T3AuuQ51Q3hkyKfvLYakzBRLyaXFk13ATM)
2,"We can’t measure number of widgets produced in [Knowledge work](https://notes.andymatuschak.org/z2eKzbL5nwQrm8Zr26rtaLHXyKHREr3tm5HbY). We can measure trailing-indicator outcomes like OKRs instead, but that’s separate from the work itself.",对于衡量[知识工作](https://notes.andymatuschak.org/z2eKzbL5nwQrm8Zr26rtaLHXyKHREr3tm5HbY)，我们不能像衡量工人的生产力一样，用零件的产出数量作为评判。我们的确可以衡量结果这一滞后指标，比如 OKR，但这跟工作本身是两回事。
3,------,------
4,## References,## 参考文献
5,"Drucker, P. F. (1999). Knowledge-Worker Productivity: The Biggest Challenge. *California Management Review*, *41*(2), 17.","Drucker, P. F. (1999). Knowledge-Worker Productivity: The Biggest Challenge. *California Management Review*, *41*(2), 17."
6,"> Work on the productivity of the knowledge worker has barely begun. In terms of actual work on knowledge-worker productivity, we will be in the year 2000 roughly where we were in the year 1900 in terms of the productivity of the manual worker.",> 对知识工作者生产力的研究才刚刚起步。2000 年时对于知识工作者生产力的研究，其发展程度基本相当于 1900 年一个世纪以前，对于体力工作者生产力的研究。
7,"Matuschak, A. (2019, December). *Taking knowledge work seriously*. Presented at the Stripe Convergence, San Francisco.","Matuschak, A. (2019, December). *Taking knowledge work seriously*. Presented at the Stripe Convergence, San Francisco."
