[
  {
    "key": "0",
    "original": "# Concept handles, after Alexander",
    "translation": "# 概念抓手，来自亚历山大",
    "stage": 9
  },
  {
    "key": "1",
    "original": "[Concept handles, after Alexander (andymatuschak.org)](https://notes.andymatuschak.org/z5vA4vw86DKNq22xt6pRWhumeRmSzwV6hxRHE)",
    "translation": "原文：[Concept handles, after Alexander (andymatuschak.org)](https://notes.andymatuschak.org/z5vA4vw86DKNq22xt6pRWhumeRmSzwV6hxRHE)",
    "stage": 5
  },
  {
    "key": "2",
    "original": "A “concept handle” is a memorable noun phrase representing a complex, often abstract topic. For example: “prisoner’s dilemma,” “Overton window,” “belief in belief,” etc. In my own writing, examples include [Enabling environment](https://notes.andymatuschak.org/z3DaBP4vN1dutjUgrk3jbEeNxScccvDCxDgXe), [Enacted experience](https://notes.andymatuschak.org/z3KASfpz5AmNmqM2m517Jbs1EvXrLN7NkeYWH), etc. The “concept handle” is a concept handle for itself, coined by [Scott Alexander](https://notes.andymatuschak.org/z6y6cuKoEnMAJ25ad1fFPqcB3DW1T5jeG9XNu).",
    "translation": "「概念抓手」是令人难忘的名词短语，代表一个内涵复杂（通常是抽象的）的主题。比如「囚徒困境」、「奥弗顿之窗」、「信仰的信仰 」等等。在我自己的写作中，例子包括[赋能环境](https://notes.andymatuschak.org/z3DaBP4vN1dutjUgrk3jbEeNxScccvDCxDgXe)，[情景体验](https://notes.andymatuschak.org/z3KASfpz5AmNmqM2m517Jbs1EvXrLN7NkeYWH)，等等。「概念抓手」是自己的一个概念抓手，由 [Scott Alexander](https://notes.andymatuschak.org/z6y6cuKoEnMAJ25ad1fFPqcB3DW1T5jeG9XNu) 创造的。",
    "stage": 3
  },
  {
    "key": "3",
    "original": "Successful concept handles can really amplify a vague idea which many people sort of understand but can’t point to and talk about. If you give that vague notion a crisp, catchy name, you can unlock a lot of conversation and reflection. Per Alexander:",
    "translation": "成功的概念抓手让模糊的想法更清晰。很多人对这些想法有些大概的理解，但没办法指明，更不要说讨论了。给这种模糊的概念起一个清晰、响亮的名字，能够开启了更多对话与思想的可能。Per Alexander：",
    "stage": 5
  },
  {
    "key": "4",
    "original": "> I’m not too likely to discover some entirely new social phenomenon that nobody’s ever thought about before. But there are a lot of things people have vague nebulous ideas about that they can’t quite put into words. Changing those into [crystal-clear](https://slatestarcodex.com/2014/03/15/can-it-be-wrong-to-crystallize-patterns/) ideas they can manipulate and discuss with others is a big deal.",
    "translation": "> 我不大可能会发现那种没人想到过的全新社会现象。但是有很多事情人们都有模糊不清的想法，他们不能完全用语言表达出来。但将这些想法转变为他们可以掌握的、并能与他人讨论的、[水晶般清晰的](https://slatestarcodex.com/2014/03/15/can-it-be-wrong-to-crystallize-patterns/)想法是一件大事。",
    "stage": 5
  },
  {
    "key": "5",
    "original": ">",
    "translation": ">",
    "stage": 5
  },
  {
    "key": "6",
    "original": "> If you figure out something interesting and very briefly cram it into somebody else’s head, don’t waste that! Give it a nice concept-handle so that they’ll remember it and be able to use it to solve other problems!",
    "translation": "> 如果你发现了一些有趣的东西，并非常简短地把它塞进别人的脑子里，不要浪费这个机会！给它一个漂亮的概念抓手，让他们记住它，并能用它来解决其他问题。",
    "stage": 5
  },
  {
    "key": "7",
    "original": "One way to think about concept handles is as “APIs for concepts.” In this sense, the idea connects to my thinking about [Evergreen note titles are like APIs](https://notes.andymatuschak.org/z3XP5GRmd9z1D2qCE7pxUvbeSVeQuMiqz9x1C).",
    "translation": "可以把概念抓手想成「概念的 API」。在这个意义上，概念抓手便能联系起我的想法：[常青笔记的标题就像 API](https://notes.andymatuschak.org/z3XP5GRmd9z1D2qCE7pxUvbeSVeQuMiqz9x1C)。",
    "stage": 5
  },
  {
    "key": "8",
    "original": "------",
    "translation": "------",
    "stage": 5
  },
  {
    "key": "9",
    "original": "Q. What’s an example of a concept handle?",
    "translation": "问：举一个概念抓手的例子？",
    "stage": 5
  },
  {
    "key": "10",
    "original": "A. (prisoner’s dilemma, enacted experience, etc…)",
    "translation": "答：(囚徒困境，情景体验，等等。)",
    "stage": 5
  },
  {
    "key": "11",
    "original": "Q. What’s the networked-intelligence reason why concept handles are important?",
    "translation": "问：从网络化智能的角度解释为什么概念抓手很重要？",
    "stage": 5
  },
  {
    "key": "12",
    "original": "A. They let people coordinate discussion around an idea that was previously nebulous.",
    "translation": "答：人们得以围绕以往模糊不清的想法协调讨论。",
    "stage": 5
  },
  {
    "key": "13",
    "original": "------",
    "translation": "------",
    "stage": 5
  },
  {
    "key": "14",
    "original": "## References",
    "translation": "## 参考文献",
    "stage": 5
  },
  {
    "key": "15",
    "original": "https://slatestarcodex.com/2016/02/20/writing-advice/",
    "translation": "https://slatestarcodex.com/2016/02/20/writing-advice/",
    "stage": 5
  }
]