[
  {
    "key": "0",
    "original": "# Deliberate practice, after Ericsson",
    "translation": "# 刻意练习，来自 Ericsson",
    "stage": 9
  },
  {
    "key": "1",
    "original": "[Deliberate practice, after Ericsson (andymatuschak.org)](https://notes.andymatuschak.org/z2duRd5eisRomSgxr88Semkgs15pgMRVVR5C)",
    "translation": "原文：[Deliberate practice, after Ericsson (andymatuschak.org)](https://notes.andymatuschak.org/z2duRd5eisRomSgxr88Semkgs15pgMRVVR5C)",
    "stage": 5
  },
  {
    "key": "2",
    "original": "::TODO in inbox::",
    "translation": "::TODO in inbox::",
    "stage": 5
  },
  {
    "key": "3",
    "original": "“Deliberate practice” (Ericsson et al, 1993) describes:",
    "translation": "「刻意练习」（Ericsson et al, 1993）描述如下：",
    "stage": 5
  },
  {
    "key": "4",
    "original": "- high-effort, high-motivation activities…",
    "translation": "- 需要大量努力，高积极性的活动…",
    "stage": 5
  },
  {
    "key": "5",
    "original": "- … with the specific goal of improving performance",
    "translation": "- …以提高表现为具体目标",
    "stage": 5
  },
  {
    "key": "6",
    "original": "  - [Typical work and performance environments don’t constitute deliberate practice](https://notes.andymatuschak.org/z3n21KMcMZtfT5wmLi1V5ovzZoyqhciQowRXm)",
    "translation": "  - [典型的工作和表现环境不符合刻意练习的要求](https://notes.andymatuschak.org/z3n21KMcMZtfT5wmLi1V5ovzZoyqhciQowRXm)",
    "stage": 5
  },
  {
    "key": "7",
    "original": "- … which are carefully designed (and continuously updated) for that purpose",
    "translation": "- … 为目标精心设计（并持续更新）",
    "stage": 5
  },
  {
    "key": "8",
    "original": "  - [Expert coaches facilitate effective deliberate practice](https://notes.andymatuschak.org/z4cA6LFAy67tx7eG3TrvBpNmpMpYGW7n7K98U)",
    "translation": "  - [专业的教练会促进有效的刻意练习](https://notes.andymatuschak.org/z4cA6LFAy67tx7eG3TrvBpNmpMpYGW7n7K98U)",
    "stage": 5
  },
  {
    "key": "9",
    "original": "------",
    "translation": "------",
    "stage": 5
  },
  {
    "key": "10",
    "original": "- Deliberate practice is generally not regarded as enjoyable; it’s instrumental to improving their performance, not inherently motivating.",
    "translation": "- 刻意练习不总是令人愉悦；它在提高表现上有用，但本质上却非激励。",
    "stage": 5
  },
  {
    "key": "11",
    "original": "- Because deliberate practice is high effort, students can only practice for a limited time each day, and they need the opportunity to recover completely on a regular basis.",
    "translation": "- 因为刻意练习需要高强度的努力，学生每日只能练习一定的时间，并且需要定期彻底地恢复精力。",
    "stage": 3
  },
  {
    "key": "12",
    "original": "- requires legibility for the the student: they must be able to see their progress",
    "translation": "- （反馈）对学生而言是清晰的：他们必须能够看见自己的进步。",
    "stage": 3
  },
  {
    "key": "13",
    "original": "- Deliberate practice is incremental: “Deliberate practice nearly always involves building or modifying previously acquired skills by focusing on particular aspects of those skills and working to improve them specifically; over time this step-by-step improvement will eventually lead to expert performance.” (Ericsson and Pool, 2016, p. 100)",
    "translation": "- 刻意练习提升能力：「刻意训练基本上意味着培养或者提升最近习得的技能，方法是专注在这些技能的特定方面上并且专门去改进它们；一段时间之后，循序渐进的进步最终会带来专家级的表现。」（Eticsson and Pool，2016，p.100）",
    "stage": 3
  },
  {
    "key": "14",
    "original": "## References",
    "translation": "## 参考文献",
    "stage": 3
  },
  {
    "key": "15",
    "original": "Ericsson, K. A., Krampe, R. T., & Tesch-Römer, C. (1993). The role of deliberate practice in the acquisition of expert performance. *Psychological Review*, *100*(3), 363. [Ericsson et al - The Role of Deliberate Practice in the Acquisition of Expert Performance](https://notes.andymatuschak.org/z6xWa5QDyUmvuDqZ9Z7sANrfjf8sLoJ7BnspW)",
    "translation": "Ericsson, K. A., Krampe, R. T., & Tesch-Römer, C. (1993). The role of deliberate practice in the acquisition of expert performance. *Psychological Review*, *100*(3), 363. [Ericsson et al - The Role of Deliberate Practice in the Acquisition of Expert Performance](https://notes.andymatuschak.org/z6xWa5QDyUmvuDqZ9Z7sANrfjf8sLoJ7BnspW)",
    "stage": 3
  },
  {
    "key": "16",
    "original": "Ericsson, A., & Pool, R. (2016). *Peak: Secrets from the New Science of Expertise* (1 edition). Eamon Dolan/Houghton Mifflin Harcourt. [Peak - Ericsson and Pool](https://notes.andymatuschak.org/z6Sx5DSLp1Jdt4wqvN36Xvregj6mQnCnFopmy)",
    "translation": "Ericsson, A., & Pool, R. (2016). *Peak: Secrets from the New Science of Expertise* (1 edition). Eamon Dolan/Houghton Mifflin Harcourt. [Peak - Ericsson and Pool](https://notes.andymatuschak.org/z6Sx5DSLp1Jdt4wqvN36Xvregj6mQnCnFopmy)",
    "stage": 3
  }
]