[
  {
    "key": "0",
    "original": "# Educational game",
    "translation": "# 教育游戏",
    "stage": 9
  },
  {
    "key": "1",
    "original": "[Educational game (andymatuschak.org)](https://notes.andymatuschak.org/z5YBATDEy9pSqzTgNhH6MhGqgkG8mAF7QTLK5)",
    "translation": "原文：[Educational game (andymatuschak.org)](https://notes.andymatuschak.org/z5YBATDEy9pSqzTgNhH6MhGqgkG8mAF7QTLK5)",
    "stage": 5
  },
  {
    "key": "2",
    "original": "An educational game is an authored experience which attempts to convey knowledge or values in a [Participatory environment](https://notes.andymatuschak.org/z63gaUtZqb9mMUKRf85UhtEFPMgBBJbqvT2r8), often motivating through emotional and aesthetic drives rather than explicit learning goals. The core design mechanism: [Educational games try to teach through enacted experiences](https://notes.andymatuschak.org/z5xCoFBNqoFjNHsWcsP4GbSPKqAG3dNzR6SXC).",
    "translation": "教育游戏是创制体验，借助[参与式环境](ttps://notes.andymatuschak.org/z63gautzqb9mmukrf85uhtefpmgbbjbqvt2r8)传达知识或价值观，一般通过情感与审美动力来驱动行为，而非通过外显的学习目标。核心设计机制：[教育游戏试图通过情景体验进行教学](https://notes.andymatuschak.org/z5xcofbnqofjnhswcsp4gbspkqag3dnzr6sxc)。",
    "stage": 5
  },
  {
    "key": "3",
    "original": "But: [Educational games are a doomed approach to creating enabling environments](https://notes.andymatuschak.org/z7wPt3dxX5hp6LK3PLUBTJXxk7kAhMuh8UDck).",
    "translation": "但是：[教育游戏对于创造赋能环境而言是注定失败的方法](https://notes.andymatuschak.org/z7wPt3dxX5hp6LK3PLUBTJXxk7kAhMuh8UDck)",
    "stage": 3
  }
]