[
  {
    "key": "0",
    "original": "# Evergreen notes",
    "translation": "# 常青笔记",
    "stage": 9
  },
  {
    "key": "1",
    "original": "[Evergreen notes](https://notes.andymatuschak.org/z4SDCZQeRo4xFEQ8H4qrSqd68ucpgE6LU155C)",
    "translation": "原文：[Evergreen notes](https://notes.andymatuschak.org/z4SDCZQeRo4xFEQ8H4qrSqd68ucpgE6LU155C)",
    "stage": 5
  },
  {
    "key": "2",
    "original": "*Evergreen notes* are written and organized to evolve, contribute, and accumulate over time, across projects. This is an unusual way to think about writing notes: [Most people take only transient notes](https://notes.andymatuschak.org/z2ZAGQBHuJ2u9WrtAQHAEHcCZTtqpsGkAsrD1). That’s because these practices aren’t about writing notes; they’re about effectively developing insight: [“Better note-taking” misses the point; what matters is “better thinking”](https://notes.andymatuschak.org/z7kEFe6NfUSgtaDuUjST1oczKKzQQeQWk4Dbc). When done well, these notes can be quite valuable: [Evergreen note-writing as fundamental unit of knowledge work](https://notes.andymatuschak.org/z3SjnvsB5aR2ddsycyXofbYR7fCxo7RmKW2be).",
    "translation": "写下**常青笔记**并加以组织，意在时过境迁，世事辗转之中，这些笔记仍能演化改良，发挥功用，最终聚沙成塔。如此考虑笔记实属不寻常：[大多数人记的笔记多是短效的](https://notes.andymatuschak.org/z2ZAGQBHuJ2u9WrtAQHAEHcCZTtqpsGkAsrD1). 写常青笔记，与其说是写笔记，不如说是高效发展洞察力：[「更好地记笔记」不是重点；「更好地思考」才是](https://notes.andymatuschak.org/z7kEFe6NfUSgtaDuUjST1oczKKzQQeQWk4Dbc)。常青笔记写得好则会颇富价值：[常青笔记是知识工作的基本单位](https://notes.andymatuschak.org/z3SjnvsB5aR2ddsycyXofbYR7fCxo7RmKW2be)。",
    "stage": 5
  },
  {
    "key": "3",
    "original": "It’s hard to write notes that are worth developing over time. These principles help:",
    "translation": "写出经得住长久研磨改善的笔记，实属不易。下面这些原则可能有所帮助：",
    "stage": 5
  },
  {
    "key": "4",
    "original": "- [Evergreen notes should be atomic](https://notes.andymatuschak.org/z4Rrmh17vMBbauEGnFPTZSK3UmdsGExLRfZz1)",
    "translation": "- [常青笔记应该是原子化的](https://notes.andymatuschak.org/z4Rrmh17vMBbauEGnFPTZSK3UmdsGExLRfZz1)",
    "stage": 5
  },
  {
    "key": "5",
    "original": "- [Evergreen notes should be concept-oriented](https://notes.andymatuschak.org/z6bci25mVUBNFdVWSrQNKr6u7AZ1jFzfTVbMF)",
    "translation": "- [常青笔记应面向概念](https://notes.andymatuschak.org/z6bci25mVUBNFdVWSrQNKr6u7AZ1jFzfTVbMF)",
    "stage": 5
  },
  {
    "key": "6",
    "original": "- [Evergreen notes should be densely linked](https://notes.andymatuschak.org/z2HUE4ABbQjUNjrNemvkTCsLa1LPDRuwh1tXC)",
    "translation": "- [常青笔记之间应该建立大量链接](https://notes.andymatuschak.org/z2HUE4ABbQjUNjrNemvkTCsLa1LPDRuwh1tXC)",
    "stage": 5
  },
  {
    "key": "7",
    "original": "- [Prefer associative ontologies to hierarchical taxonomies](https://notes.andymatuschak.org/z29hLZHiVt7W2uss2uMpSZquAX5T6vaeSF6Cy)",
    "translation": "- [优先建立联系来分类，而非使用层级式的命名法](https://notes.andymatuschak.org/z29hLZHiVt7W2uss2uMpSZquAX5T6vaeSF6Cy)",
    "stage": 5
  },
  {
    "key": "8",
    "original": "- [Write notes for yourself by default, disregarding audience](https://notes.andymatuschak.org/z8AfCaQJdp852orumhXPxHb3r278FHA9xZN8J)",
    "translation": "- [默认面对自己写笔记，不要考虑有读者](https://notes.andymatuschak.org/z8AfCaQJdp852orumhXPxHb3r278FHA9xZN8J)",
    "stage": 5
  },
  {
    "key": "9",
    "original": "This concept evolves in large part from Niklas Luhmann’s [Zettelkasten](https://notes.andymatuschak.org/z2QvtE9w5zs49x7WUeG8Ut1vywHDLiG2Wkm9p), which he regards as the independent intellectual partner in writing his 70 books. See [Similarities and differences between evergreen note-writing and Zettelkasten](https://notes.andymatuschak.org/z4AX7pHAu5uUfmrq4K4zig9x8jmmF62XgaMXm)",
    "translation": "常青笔记这一概念在很大程度上是由尼克拉斯-卢曼的 [Zettelkasten](https://notes.andymatuschak.org/z2QvtE9w5zs49x7WUeG8Ut1vywHDLiG2Wkm9p) 笔记演变而来，尼克拉斯-卢曼认为， 在他 70 本书的写作过程中，Zettelkasten  就像一个独立的智力伙伴。参见[常青笔记写作和 Zettelkasten 的异同](https://notes.andymatuschak.org/z4AX7pHAu5uUfmrq4K4zig9x8jmmF62XgaMXm)",
    "stage": 5
  },
  {
    "key": "10",
    "original": "## Implementing an evergreen note practice",
    "translation": "## 实现常青笔记",
    "stage": 5
  },
  {
    "key": "11",
    "original": "See:",
    "translation": "参见：",
    "stage": 5
  },
  {
    "key": "12",
    "original": "- [Write about what you read to internalize texts deeply](https://notes.andymatuschak.org/zg3fYweZpbHeBTpcYke5mF4ZfrJutYcQEtFo)",
    "translation": "- [写你所读，以求内化](https://notes.andymatuschak.org/zg3fYweZpbHeBTpcYke5mF4ZfrJutYcQEtFo)",
    "stage": 5
  },
  {
    "key": "13",
    "original": "- [A reading inbox to capture possibly-useful references](https://notes.andymatuschak.org/z3N113rxPFreW9xUkLkUFomr2LUqfXbdCo3M)",
    "translation": "- [阅读收件箱以获取可能有用的参考资料](https://notes.andymatuschak.org/z3N113rxPFreW9xUkLkUFomr2LUqfXbdCo3M)",
    "stage": 3
  },
  {
    "key": "14",
    "original": "- [A writing inbox for transient and incomplete notes](https://notes.andymatuschak.org/z5aJUJcSbxuQxzHr2YvaY4cX5TuvLQT7r27Dz)",
    "translation": "- [为临时性而不完整的笔记建立写作收件箱](https://notes.andymatuschak.org/z5aJUJcSbxuQxzHr2YvaY4cX5TuvLQT7r27Dz)",
    "stage": 5
  },
  {
    "key": "15",
    "original": "- [Executable strategy for writing](https://notes.andymatuschak.org/z3PBVkZ2SvsAgFXkjHsycBeyS6Cw1QXf7kcD8)",
    "translation": "- [可执行的写作策略](https://notes.andymatuschak.org/z3PBVkZ2SvsAgFXkjHsycBeyS6Cw1QXf7kcD8)",
    "stage": 5
  },
  {
    "key": "16",
    "original": "------",
    "translation": "------",
    "stage": 5
  },
  {
    "key": "17",
    "original": "## References",
    "translation": "## 参考文献",
    "stage": 5
  },
  {
    "key": "18",
    "original": "Ahrens, S. (2017). *How to Take Smart Notes: One Simple Technique to Boost Writing, Learning and Thinking – for Students, Academics and Nonfiction Book Writers*.",
    "translation": "Ahrens, S. (2017). 《如何做聪明的笔记。促进写作、学习和思考的简单技巧--面向学生、学者和非虚拟类书籍的作者》。",
    "stage": 5
  },
  {
    "key": "19",
    "original": "> Many students and academic writers think like the early ship owners when it comes to note-taking. They handle their ideas and findings in the way it makes immediate sense: If they read an interesting sentence, they underline it. If they have a comment to make, they write it into the margins. If they have an idea, they write it into their notebook, and if an article seems important enough, they make the effort and write an excerpt. Working like this will leave you with a lot of different notes in many different places. Writing, then, means to rely heavily on your brain to remember where and when these notes were written down.",
    "translation": "> 许多学生和学术写作者对待做笔记，就像一些古早的船东一样。他们处理想法和发现的办法，乍一看非常有道理：读到有趣的句子，就在句子下面划线。想发表什么意见，就写在空白处。突然冒出什么想法，就写在笔记本上，如果有篇文章看起来挺重要，就花点心思做做摘录。然而如此处理之后，各个地方都散落着大量笔记。那么写作就非常依赖大脑来记住笔记是什么时候，在哪里写下来的。",
    "stage": 5
  },
  {
    "key": "20",
    "original": "Luhmann, N. (1992). Communicating with Slip Boxes. In A. Kieserling (Ed.), & M. Kuehn (Trans.), *Universität als Milieu: Kleine Schriften* (pp. 53–61). Retrieved from http://luhmann.surge.sh/communicating-with-slip-boxes",
    "translation": "Luhmann, N. (1992). 与卡片盒的沟通。In A. Kieserling (Ed.), & M. Kuehn (Trans.), *Universität als Milieu:Kleine Schriften* (pp. 53-61). 检索自 http://luhmann.surge.sh/communicating-with-slip-boxes",
    "stage": 5
  }
]