[
  {
    "key": "0",
    "original": "# Executable strategy",
    "translation": "# 可执行的策略",
    "stage": 9
  },
  {
    "key": "1",
    "original": "[Executable strategy (andymatuschak.org)](https://notes.andymatuschak.org/z53fk5XwrsnueNDDCq6WNe2VbPhrDGQmmVgNS)",
    "translation": "原文：[Executable strategy (andymatuschak.org)](https://notes.andymatuschak.org/z53fk5XwrsnueNDDCq6WNe2VbPhrDGQmmVgNS)",
    "stage": 5
  },
  {
    "key": "2",
    "original": "In creative work and in life, many goals seem unpredictable and unwieldy, reliant on hope and luck: starting a habit, getting in shape, writing a book, doing a research project, etc. (see [Core practices in knowledge work are often ad-hoc](https://notes.andymatuschak.org/z7z6uFero1JXyANDsq7P4RzeUemPWrHD7Ejmn))",
    "translation": "在创造性的工作以及生活中，许多目标似乎不可预测又难以实现，非常依赖希望和运气：养成习惯，健身塑形，著书立说，做研究项目等等（见[知识工作的核心实践往往是临时性的](https://notes.andymatuschak.org/z7z6uFero1JXyANDsq7P4RzeUemPWrHD7Ejmn)）",
    "stage": 5
  },
  {
    "key": "3",
    "original": "Cleaning the kitchen isn’t like that. Even clearing out one’s inbox isn’t like that ([Triage strategies for maintaining inboxes (e.g. Inbox Zero) are often too brittle](https://notes.andymatuschak.org/z8aZybuJJopS5fL7TnPou2JcmCsBUJeqirbBh)). For many prosaic goals, you have **executable strategies**, which reliably achieve the goal with a predictable, manageable amount of effort. They’re a kind of metacognitive support ([Metacognitive supports as cognitive scaffolding](https://notes.andymatuschak.org/z4qFtxPZi21DKoLruHcmsocee1YnZy9JMArb6)).",
    "translation": "打扫厨房则并非如此。清理收件箱甚至也非如此（[收件箱维护的分流策略（如「收件箱归零」）往往不够稳健](https://notes.andymatuschak.org/z8aZybuJJopS5fL7TnPou2JcmCsBUJeqirbBh)）。对于许多普普通通的目标，你有**可执行的策略**来实现它们，这些策略以可预测、可管理的方式来可靠地实现目标。它们是元认知支持（[元认知支持充当认知脚手架](https://notes.andymatuschak.org/z4qFtxPZi21DKoLruHcmsocee1YnZy9JMArb6)）。",
    "stage": 5
  },
  {
    "key": "4",
    "original": "To construct an executable strategy, we must factor the task into activities such that:",
    "translation": "为了构建可执行的策略，我们必须将任务分解成一项项活动，保证：",
    "stage": 5
  },
  {
    "key": "5",
    "original": "- completing more of those activities will reliably bring you closer to the goal",
    "translation": "- 你能肯定这些活动完成得越多，距离完成目标越近",
    "stage": 5
  },
  {
    "key": "6",
    "original": "- each activity consumes a predictable amount of effort",
    "translation": "- 每项活动所花费的气力可以预测",
    "stage": 5
  },
  {
    "key": "7",
    "original": "- each activity feels doable",
    "translation": "- 每项活动都感觉切实可行",
    "stage": 5
  },
  {
    "key": "8",
    "original": "- little effort is required to select and plan an activity",
    "translation": "- 选择和计划一项活动很轻松",
    "stage": 5
  },
  {
    "key": "9",
    "original": "One common choice is to set daily goals for a certain number of hours at work. Success with this strategy requires a clear theory of how those hours will inexorably accumulate to the desired outcome. Simply spending some number of hours on a project is a fairly weak constraint: it’s easy to work with focus many hours unproductively.",
    "translation": "一种常见的办法是设立每天工作一定时间的目标。要想成功运用这种策略，便需要你清楚，这些时间如何能毫无阻碍地逐步积累，实现期望的目标。仅仅在某个项目上花费一定数量的时间，是（对于成功）相当弱的约束：很容易全神贯注工作很久，然而颗粒无收。",
    "stage": 5
  },
  {
    "key": "10",
    "original": "Another common choice is to discretize the creative output. If you’re trying to write an essay, you might aim to write a certain number of words per day; if you’re designing an interface, you might aim to design one element of the UI per day. But these steps don’t consume a predictable amount of effort, and they often don’t feel doable. If you’re stuck in your writing because you’ve become confused about one of your ideas, you won’t be able to write 500 words for your manuscript. Instead, you need to spend more time thinking about the idea. A manuscript is a challenging place to do that. By contrast, see [Evergreen note-writing as fundamental unit of knowledge work](https://notes.andymatuschak.org/z3SjnvsB5aR2ddsycyXofbYR7fCxo7RmKW2be).",
    "translation": "另一个常见的选择是将创意产出分而治之。如果你想写文章，你的目标便可能是每天写上一定字数；如果你在设计界面，你的目标则可能是每天设计一个这个界面的元素。但是，这些步骤所需要的精力很难预知，而且它们常常让人觉得无从下手。如果你因为对自己的一个想法感到困惑而在写作中卡壳，那么你就不可能为你的稿子写出 500 字。你需要花更多时间思考这个想法。在手稿上实现这点比较困难。相比之下，参见[常青笔记写作是知识工作的基本单位](https://notes.andymatuschak.org/z3SjnvsB5aR2ddsycyXofbYR7fCxo7RmKW2be)。",
    "stage": 5
  },
  {
    "key": "11",
    "original": "## List of executable strategies",
    "translation": "## 一些可执行策略",
    "stage": 5
  },
  {
    "key": "12",
    "original": "- [Executable strategy for writing](https://notes.andymatuschak.org/z3PBVkZ2SvsAgFXkjHsycBeyS6Cw1QXf7kcD8)",
    "translation": "- [可执行的写作策略](https://notes.andymatuschak.org/z3PBVkZ2SvsAgFXkjHsycBeyS6Cw1QXf7kcD8)",
    "stage": 5
  },
  {
    "key": "13",
    "original": "- [Spaced repetition memory systems make memory a choice](https://notes.andymatuschak.org/z4bR1HVvDUhMXDm5SJB4Tiw4xGbrm9AfXWgbc)",
    "translation": "- [间隔重复记忆系统让记忆成为一种选择](https://notes.andymatuschak.org/z4bR1HVvDUhMXDm5SJB4Tiw4xGbrm9AfXWgbc)",
    "stage": 5
  },
  {
    "key": "14",
    "original": "- [How to process reading annotations into evergreen notes](https://notes.andymatuschak.org/z2PJ51tCXuPFxnfFVUxxgwjvZ1geu4YnYm7hK)",
    "translation": "- [如何将阅读标注处理成常青笔记](https://notes.andymatuschak.org/z2PJ51tCXuPFxnfFVUxxgwjvZ1geu4YnYm7hK)",
    "stage": 5
  },
  {
    "key": "15",
    "original": "- Starting a habit",
    "translation": "- 开始养成习惯",
    "stage": 5
  }
]