[
  {
    "key": "0",
    "original": "# Insight through making",
    "translation": "# 实践出洞见",
    "stage": 9
  },
  {
    "key": "1",
    "original": "[Insight through making (andymatuschak.org)](https://notes.andymatuschak.org/z7YyAp683VNbTmDG4hx9QFpf5urwxZJpsycS6)",
    "translation": "原文：[Insight through making (andymatuschak.org)](https://notes.andymatuschak.org/z7YyAp683VNbTmDG4hx9QFpf5urwxZJpsycS6)",
    "stage": 5
  },
  {
    "key": "2",
    "original": "(See central discussion in [*How can we develop transformative tools for thought*; subsection “How to invent Hindu-Arabic numerals?”](https://numinous.productions/ttft/#how-to-invent-hindu-arabic-numerals))",
    "translation": "（见[《我们如何才能开发出变革性的思想工具？》；小节“如何发明印度-阿拉伯数字？”](https://numinous.productions/ttft/#how-to-invent-hindu-arabic-numerals)中的中心讨论）",
    "stage": 5
  },
  {
    "key": "3",
    "original": "- Powerful systems express profound insight into the underlying subject matter",
    "translation": "- 强大的系统能传达对系统内在主题的深刻洞见",
    "stage": 5
  },
  {
    "key": "4",
    "original": "  - Studio design practices can’t create the most powerful [Tools for thought](https://notes.andymatuschak.org/z5YhNc8HVKxjg9a3h3SeCyKqnNDFgiY6WGrM): [Inventing the Hindu-Arabic numerals requires both design genius and mathematical genius](https://notes.andymatuschak.org/z5ph9NcXwFA13MNg3qTh8paqiaAqxtoRJM8fC)",
    "translation": "  - 工作室设计方式无法创造最强大的[思想工具](https://notes.andymatuschak.org/z5YhNc8HVKxjg9a3h3SeCyKqnNDFgiY6WGrM)：[发明印度-阿拉伯数字需要设计天才和数学天才](https://notes.andymatuschak.org/z5ph9NcXwFA13MNg3qTh8paqiaAqxtoRJM8fC)",
    "stage": 5
  },
  {
    "key": "5",
    "original": "- In certain circumstances, with certain skill sets, using certain processes, the creation of these systems actually yields marginal subject matter insight, which in turn allows for improved systems, and so on. This is the “insight through making” loop.",
    "translation": "- 在某些情况下，使用特定的技能集、特定的流程来创建系统的过程实际上会增值出在这些主题上额外的洞见，进而反哺系统的改进，循环往复。这就是「实践出洞见」的闭环。",
    "stage": 5
  },
  {
    "key": "6",
    "original": "  - But this requires deep subject matter expertise.",
    "translation": "  - 但为了实现这点需要对主题知识相当精通。",
    "stage": 5
  },
  {
    "key": "7",
    "original": "------",
    "translation": "------",
    "stage": 5
  },
  {
    "key": "8",
    "original": "Certain theoretical insights aren’t apparent when staring at the theories in isolation. But when those theories are instantiated in systems, observations of the system’s behavior can reveal the theory from new angles, expanding the space of possible insight. In the best cases, theoretical insights expand the systems you can construct, and insights from those systems expand your theory, in a virtuous cycle.",
    "translation": "孤立地研究理论很难察觉到一些理论方面的洞见。但如果在系统中实现这些理论，通过观察系统的行为，就能通过新的角度观察理论，从而扩大潜在见解的空间。最好的情况下，这些理论方面的洞见能够发展你所能构建的系统，而这些系统中浮现的洞见又能完善你的理论，这样便形成了良性循环。",
    "stage": 5
  },
  {
    "key": "9",
    "original": "But to pursue both “halves” of this cycle requires expertise in both system-creation and in the subject matter; i.e. [Inventing the Hindu-Arabic numerals requires both design genius and mathematical genius](https://notes.andymatuschak.org/z5ph9NcXwFA13MNg3qTh8paqiaAqxtoRJM8fC).",
    "translation": "但是，要实现这个周期的两个「部分」，就需要在系统创造和主题知识方面都有专业知识；[发明印度-阿拉伯数字需要设计天才和数学天才](https://notes.andymatuschak.org/z5ph9NcXwFA13MNg3qTh8paqiaAqxtoRJM8fC)。",
    "stage": 5
  },
  {
    "key": "10",
    "original": "Most practitioners focus either on developing theoretical insight or on making systems, paying only lip service to the other half of this cycle. Academics often build toy systems which don’t create meaningful contexts for their ideas ([Academic software interfaces generally aren’t suitable for serious use by wide audiences](https://notes.andymatuschak.org/z4wng6eYm8HiFPoWEStbqyBm3B8CegDRNq9N)). Designers and engineers often focus on building systems without deep understanding of the theory which underlies that system.",
    "translation": "大多数设计者要么专注于发展理论见解，要么专注于建立系统，而对这个周期的另一半没有实质性的努力。学者们构建的玩具系统，通常不会为他们的想法创建有意义的上下文（[学术界制作的软件界面通常不适合面向更大受众](https://notes.andymatuschak.org/z4wng6eYm8HiFPoWEStbqyBm3B8CegDRNq9N)）。设计师和工程师经常专注于构建系统，但他们对于系统内在理论的理解不够深入。",
    "stage": 5
  },
  {
    "key": "11",
    "original": "Both types of practitioners often develop systems for the sake of developing a system—not to address some personally meaningful problem they’re very motivated to solve: [Tool-makers usually lack connection to a serious context of use](https://notes.andymatuschak.org/zs5uUEv9iJH7JuAmsCChxBEMP2zW6CRbiAWE). The insights drawn from such systems are generally quite weak: [Effective system design requires insights drawn from serious contexts of use](https://notes.andymatuschak.org/z3H98n8DGZmu8XArqHZVsckyWvbTe8wK4kAt2).",
    "translation": "这两种类型的实践者经常是为了开发系统而开发系统——而不是为了解决切身相关且很有动力解决的问题：[工具制造者通常与实际的使用情景脱节](https://notes.andymatuschak.org/zs5uUEv9iJH7JuAmsCChxBEMP2zW6CRbiAWE)。从这样的系统中得出的见解通常相当薄弱：[有效的系统设计需要从真刀真枪的情境中汲取洞见](https://notes.andymatuschak.org/z3H98n8DGZmu8XArqHZVsckyWvbTe8wK4kAt2)",
    "stage": 5
  },
  {
    "key": "12",
    "original": "This insight is particularly important in the development of [Tools for thought](https://notes.andymatuschak.org/z5YhNc8HVKxjg9a3h3SeCyKqnNDFgiY6WGrM).",
    "translation": "这种洞察力在[思想工具](https://notes.andymatuschak.org/z5YhNc8HVKxjg9a3h3SeCyKqnNDFgiY6WGrM)的开发中尤为重要",
    "stage": 5
  },
  {
    "key": "13",
    "original": "More on how to achieve insight through making:",
    "translation": "更多关于如何实践出洞见的笔记：",
    "stage": 5
  },
  {
    "key": "14",
    "original": "- [Deep collaborations between tool-makers and tool-users may support insight through making](https://notes.andymatuschak.org/z7PLEhbuGGhQx3o5oxpSD8oMxEHJXxZGUxBWD)",
    "translation": "- [工具制造者和工具使用者之间的深度合作可能会支持实践出洞见](https://notes.andymatuschak.org/z7PLEhbuGGhQx3o5oxpSD8oMxEHJXxZGUxBWD)",
    "stage": 5
  },
  {
    "key": "15",
    "original": "- [Insight through making prefers bricolage to big design up front](https://notes.andymatuschak.org/z7Ldzn94FibghJBEG9hAebu8LMNV7NVBFvsfg)",
    "translation": "- [实践出洞见时，建议摸石头过河而不是先画蓝图](https://notes.andymatuschak.org/z7Ldzn94FibghJBEG9hAebu8LMNV7NVBFvsfg)",
    "stage": 5
  },
  {
    "key": "16",
    "original": "------",
    "translation": "------",
    "stage": 5
  },
  {
    "key": "17",
    "original": "## References",
    "translation": "## 参考资料",
    "stage": 5
  },
  {
    "key": "18",
    "original": "Matuschak, A., & Nielsen, M. (2019 0). *How can we develop transformative tools for thought?* https://numinous.productions/ttft",
    "translation": "Matuschak, A., & Nielsen, M. (2019 0). *How can we develop transformative tools for thought?* https://numinous.productions/ttft",
    "stage": 5
  }
]