[
  {
    "key": "0",
    "original": "# Participatory environment",
    "translation": "# 参与式环境",
    "stage": 9
  },
  {
    "key": "1",
    "original": "[Participatory environment (andymatuschak.org)](https://notes.andymatuschak.org/z63gaUtZqb9mMUKRf85UhtEFPMgBBJbqvT2r8)",
    "translation": "原文：[Participatory environment (andymatuschak.org)](https://notes.andymatuschak.org/z63gaUtZqb9mMUKRf85UhtEFPMgBBJbqvT2r8)",
    "stage": 5
  },
  {
    "key": "2",
    "original": "In some environments, the core activities are fundamentally active; much of the experience is substantially created through the participants’ efforts. I call these *participatory environments*.",
    "translation": "一些环境的核心活动从根本上说是主动的；大部分的体验是通过参与者投入精力创造出来的。我将其称为**参与性环境**。",
    "stage": 5
  },
  {
    "key": "3",
    "original": "Participatory environments may or may not have been intentionally authored. Media environments are almost always intentionally authored, but many social and natural environments are not. Part of the experience in authored participatory environments may be an [Enacted experience](https://notes.andymatuschak.org/z3KASfpz5AmNmqM2m517Jbs1EvXrLN7NkeYWH).",
    "translation": "参与式环境可能是有意创制的，也可能不是。媒体环境几乎都是有意创制的，但许多社会和自然环境却不是。在创制的参与式环境中的部分体验可能是一种[情景体验](https://notes.andymatuschak.org/z3KASfpz5AmNmqM2m517Jbs1EvXrLN7NkeYWH)。",
    "stage": 3
  },
  {
    "key": "4",
    "original": "[Participatory environments support learning](https://notes.andymatuschak.org/z56HX9kF6fRMoRQfT6VhZN9ehnrrLDAq8FEFP)",
    "translation": "[参与式环境支持学习](https://notes.andymatuschak.org/z56HX9kF6fRMoRQfT6VhZN9ehnrrLDAq8FEFP)",
    "stage": 5
  },
  {
    "key": "5",
    "original": "Participatory environments are often much more pleasurable for participants, perhaps because they induce [Flow theory](https://notes.andymatuschak.org/z4NDjWD97ktonzUEbu4ynt8Sgpkz4rDApQL); see this description of flow from Daniel Zalewski’s [New Yorker profile](https://www.newyorker.com/magazine/2009/02/23/the-background-hum) of Ian McEwan ([via](https://www.chrishecker.com/Benevolent_Dissociation) [Chris Hecker](https://notes.andymatuschak.org/zxjTg6GnUjJBH4qEfjgyZcY8Jq3oygCEQzz); emphasis mine):",
    "translation": "参与式环境对参与者来说往往更加愉悦，也许是因为它们诱发了[“心流”理论](https://notes.andymatuschak.org/z4NDjWD97ktonzUEbu4ynt8Sgpkz4rDApQL)；请看 Daniel Zalewski 在《纽约客》上对 Ian McEwan 的[简介](https://www.newyorker.com/magazine/2009/02/23/the-background-hum)中对心流的描述（[通过](https://www.chrishecker.com/Benevolent_Dissociation) [Chris Hecker](https://notes.andymatuschak.org/zxjTg6GnUjJBH4qEfjgyZcY8Jq3oygCEQzz) ；强调是我标注的）：",
    "stage": 3
  },
  {
    "key": "6",
    "original": "> For the past two hours he’s been in a dream of absorption that has dissolved all sense of time, and all awareness of the other parts of his life. Even his awareness of his own existence has vanished. He’s been delivered into a pure present, free of the weight of the past or any anxieties about the future. In retrospect, though never at the time, it feels like profound happiness. It’s a little like sex, in that he feels himself in another medium, but it’s less obviously pleasurable, and clearly not sensual. **This state of mind brings a contentment he never finds with any passive form of entertainment**. Books, cinema, even music can’t bring him to this. . . . This benevolent dissociation seems to require difficulty, prolonged demands on concentration and skills, pressure, problems to be solved, even danger. He feels calm, and spacious, fully qualified to exist. It’s a feeling of clarified emptiness, of deep, muted joy.",
    "translation": "> 在过去的两个小时里，他一直沉浸在梦境中，抛弃了一切时间的意识，抛弃了生命中其他一切意识，甚至忘记了自己的存在。他进入了一个纯粹的现在，没有过去的负担，也没有未来的顾虑。现在回头再看，当时从未觉得，但其实是一种幸福的感觉。有点像性爱，让他感觉自己身在别处，只是没有性来得愉悦，当然更不是感官上的体验。**这种状态带给他一种满足，是他在任何被动的娱乐中都不曾体会过的**。就连读书、看电影，甚至音乐都不能给他带来这种享受。……这种超然似乎需要一个充满挑战的环境，要求一个人在较长时间内全神贯注并发挥高超的技术，充满压力、麻烦，甚至是危险。他感到感到平静，心境开阔，充满了存在的充实感。这是一种空灵的净洁，深刻而沉默的愉悦感。",
    "stage": 5
  },
  {
    "key": "7",
    "original": "## Examples and counter-examples",
    "translation": "## 例子和反例",
    "stage": 5
  },
  {
    "key": "8",
    "original": "Games basically always establish participatory environments. Per Lantz (2019): \"Games are the aesthetic medium of action.” But watching someone else play a game on Twitch often does not create a participatory environment.",
    "translation": "游戏基本上总是会建立参与式环境。如 Lantz （2019）所说，「游戏是行动的美化媒介」。但在 Twitch 上看别人玩游戏往往不能参与式环境。",
    "stage": 5
  },
  {
    "key": "9",
    "original": "Books and films usually don’t establish participatory environments. The core activities of the environments created by these media are usually receptive and passive, for most participants. But counter-examples do exist: Make Magazine; Drawing on the Right Side of the Brain; workout videos; etc.",
    "translation": "书籍和电影通常不会建立参与式环境。这些媒体创造的环境的核心活动，对于大多数参与者来说，通常是被动接受的。但也存在反例：Make 杂志；《右脑绘画(Drawing on the Right Side of the Brai)》；健身视频等。",
    "stage": 5
  },
  {
    "key": "10",
    "original": "A dinner party is generally a participatory environment. A climbing wall (natural or man-made) is a participatory environment. A ride on the subway is generally not.",
    "translation": "晚餐聚会和攀岩墙（天然的或人造的）都是参与式环境。地铁座位则一般不是。",
    "stage": 5
  },
  {
    "key": "11",
    "original": "Most software interfaces establish participatory environments. One common class of counter-example is media players: VLC, Pandora, Kindle, etc. This software merely presents media which itself doesn’t establish a participatory environment.",
    "translation": "大多数软件界面都建立了参与式环境。一类常见的反例是媒体播放器：VLC、Pandora、Kindle 等。这种软件只是展示媒体，而软件本身并没有建立参与式环境。",
    "stage": 5
  },
  {
    "key": "12",
    "original": "Despite their aspirations, most explorables and [Executable books](https://notes.andymatuschak.org/z2UKZTkAbLUKR85d92gqB7ahoxcS2tpB2ah2) do not establish participatory environments. The default behavior for the participant is to scroll and to read.",
    "translation": "尽管志向可嘉，大多数探索式材料和[可执行的书](https://notes.andymatuschak.org/z2UKZTkAbLUKR85d92gqB7ahoxcS2tpB2ah2)并没有建立参与式环境。参与者的默认行为是滚动和阅读。",
    "stage": 5
  },
  {
    "key": "13",
    "original": "## Disclaimer/claimer",
    "translation": "## 免责声明/声明",
    "stage": 5
  },
  {
    "key": "14",
    "original": "This term has significant overlap with prior concepts in education, cognitive science, and sociology like “active learning environment” and “embodied experiences” and “situated cognition” etc, but I’m trying to transcend those contexts and escape those terms’ baggage, so I’m intentionally building up a new term.",
    "translation": "这个术语与教育学、认知科学和社会学中的现有概念有很大的重叠，比如「主动学习环境」、「具身体验」和「情景认知」等等，但我想超越这些学科环境，摆脱这些术语的包袱，所以我有意建立一个新的术语。",
    "stage": 5
  },
  {
    "key": "15",
    "original": "------",
    "translation": "------",
    "stage": 5
  },
  {
    "key": "16",
    "original": "## References",
    "translation": "## 参考文献",
    "stage": 5
  },
  {
    "key": "17",
    "original": "Conversation with [Frank Lantz](https://notes.andymatuschak.org/z63CNoeqmkF3oAGJdVchqFHUi2wYvVfU2znRN), 2019-05-07",
    "translation": "与 [Frank Lantz](https://notes.andymatuschak.org/z63CNoeqmkF3oAGJdVchqFHUi2wYvVfU2znRN) 的对话, 2019-05-07",
    "stage": 5
  },
  {
    "key": "18",
    "original": "[Shirky, C. (2008, April 23). Gin, Television, and Social Surplus. Web 2.0 Conference.](https://notes.andymatuschak.org/z2J9Y3buwqPVqQHmrSJjFa8THgSw5NnFxMx8Q)",
    "translation": "[Shirky, C. (2008, April 23). Gin, Television, and Social Surplus. Web 2.0 Conference.](https://notes.andymatuschak.org/z2J9Y3buwqPVqQHmrSJjFa8THgSw5NnFxMx8Q)",
    "stage": 5
  },
  {
    "key": "19",
    "original": "> Here’s something four‐year‐olds know: Media that’s targeted at you but doesn’t include you may not be worth sitting still for.",
    "translation": "> 四岁孩子都知道：如果媒介是为你准备，但你没有参与其中，那就不值得你观看。",
    "stage": 5
  },
  {
    "key": "20",
    "original": "> …",
    "translation": "> …",
    "stage": 5
  },
  {
    "key": "21",
    "original": "> From now on, that’s what I’m going to tell them: We’re looking for the mouse. We’re going to look at every place that a reader or a listener or a viewer or a user has been locked out, has been served up passive or a fixed or a canned experience, and ask ourselves, “If we carve out a little bit of the cognitive surplus and deploy it here, could we make a good thing happen?” And I’m betting the answer is yes.",
    "translation": "> 从现在开始，我就这样告诉他们：我们在寻找鼠标。我们四处寻找那些读者、观众、患者或者市民，他们有的被锁在创造和分享之外，有的享受着消极的或被禁锢的经验，我们发出叩问：「如果能开凿出一点点认知盈余，加以利用，我们会让事情变得更好吗？」我敢打赌答案是肯定的，或者换句话说，如果我们给彼此参与的机会，对彼此的尝试做出奖励的话，答案将是肯定的。",
    "stage": 5
  }
]