[
  {
    "key": "0",
    "original": "# Transfer learning",
    "translation": "# 迁移学习",
    "stage": 9
  },
  {
    "key": "1",
    "original": "[Transfer learning (andymatuschak.org)](https://notes.andymatuschak.org/z2hEyCHQpB6UV8z4mYvto7FJud4zWVqZqfxJZ)",
    "translation": "原文：[Transfer learning (andymatuschak.org)](https://notes.andymatuschak.org/z2hEyCHQpB6UV8z4mYvto7FJud4zWVqZqfxJZ)",
    "stage": 5
  },
  {
    "key": "2",
    "original": "See also [Desirable difficulties, after Bjork](https://notes.andymatuschak.org/z49u8mtc9wZoY7siV7nz4V3PG2oMkNBn7AgUk)",
    "translation": "另见[合意困难，来自 Bjork](https://notes.andymatuschak.org/z49u8mtc9wZoY7siV7nz4V3PG2oMkNBn7AgUk)",
    "stage": 5
  },
  {
    "key": "3",
    "original": "For an active area of interest, see: [Retrieval practice and transfer learning](https://notes.andymatuschak.org/z2a8QGPfUmdLCVokLaegNzmaU6ehC58CUtYi).",
    "translation": "关于一个活跃的兴趣领域，见：[提取练习和迁移学习](https://notes.andymatuschak.org/z2a8QGPfUmdLCVokLaegNzmaU6ehC58CUtYi)。",
    "stage": 3
  },
  {
    "key": "4",
    "original": "------",
    "translation": "------",
    "stage": 5
  },
  {
    "key": "5",
    "original": "## References",
    "translation": "## 参考文献",
    "stage": 5
  },
  {
    "key": "6",
    "original": "- Reder, L., & Klatzky, R. L. (1994). Transfer: Training for performance. In D. Druckman & R. A. Bjork (Eds.), Learning, Remembering, Believing: Enhancing Human Performance (pp. 25–56). National Academies Press. https://doi.org/10.17226/2303",
    "translation": "- Reder, L., & Klatzky, R. L. (1994). Transfer: Training for performance. In D. Druckman & R. A. Bjork (Eds.), Learning, Remembering, Believing: Enhancing Human Performance (pp. 25–56). National Academies Press. https://doi.org/10.17226/2303",
    "stage": 5
  },
  {
    "key": "7",
    "original": "### To read:",
    "translation": "### 准备读：",
    "stage": 5
  },
  {
    "key": "8",
    "original": "- Barnett, S. M., & Ceci, S. J. (2002). When and where do we apply what we learn? A taxonomy for far transfer. Psychological Bulletin, 128(4), 612–637. https://doi.org/10.1037/0033-2909.128.4.612",
    "translation": "- Barnett, S. M., & Ceci, S. J. (2002). When and where do we apply what we learn? A taxonomy for far transfer. Psychological Bulletin, 128(4), 612–637. https://doi.org/10.1037/0033-2909.128.4.612",
    "stage": 5
  },
  {
    "key": "9",
    "original": "- Gick, M. L., & Holyoak, K. J. (1987). The Cognitive Basis of Knowledge Transfer. In Transfer of Learning (pp. 9–46). Elsevier. https://doi.org/10.1016/B978-0-12-188950-0.50008-4",
    "translation": "- Gick, M. L., & Holyoak, K. J. (1987). The Cognitive Basis of Knowledge Transfer. In Transfer of Learning (pp. 9–46). Elsevier. https://doi.org/10.1016/B978-0-12-188950-0.50008-4",
    "stage": 5
  }
]